customer_id,customer_name,email,phone,country,city,signup_date,age,segment,product,quantity,unit_price,revenue,status,last_purchase,rating,source_system
C10000,  CARLOS Garcia  ,carlos.garcia@example.com,300-123-4585,Co,Cali,not-a-date,20,RETAIL,Laptop,4,1208.02,4832.08,unknown,15/01/2026,,ERP
C10001,Carlos GARCIA,carlos.garcia@example.com,+57 300 881 6514,N/A,Cali,24/09/2026,40,smb ,Monitor,10,96.47,964.7,pending,N/A,2,ERP
C10002,Maria Perez,maria.perez@example.com,300-123-4545,colombia,Medellín,09/24/2026,58,Enterprise,Keyboard,3,426.92,1280.76,PENDING,15/01/2026,N/A,ERP
C10003, JUAN  Martinez,juan.martinez@example.com,300-123-4550,COLOMBIA,bogota,N/A,35,retail,Keyboard,10,636.21,6362.1,PENDING,15/01/2026,5,ERP
C10004,Diego GARCIA,diego.garcia@example.com,+57 300 241 9348,N/A,MEDELLIN,2026-09-24,27,smb ,Keyboard,7,775.69,5429.83,unknown,2026-01-15,N/A,ERP
C10005,Sofia Garcia,sofia.garcia@example.com,+57 300 103 5315,Co,Bogota,2026-09-24,73,Retail,Monitor,9,314.15,2827.35,unknown,N/A,,ERP
C10006,Luis Martinez,luis.martinez@example.com,3009153566,Co,CALI,September 24 2026,26,SMB,Monitor,9,1060.07,9540.63,inactive,N/A,5,ERP
C10007,Laura Garcia,laura.garcia@example.com,,colombia,Cartagena,09/24/2026,58,Enterprise,Chair,2,1720.67,3441.34,Active,,1,ERP
C10008,Maria GARCIA,maria.garcia@example.com,,Co,Cartagena,September 24 2026,39,smb ,laptop,2,388.52,777.04,active,2026-01-15,N/A,ERP
C10009, JUAN  Perez,juan.perez@example.com,300-123-4572,N/A,Barranquilla,2026/09/24,31,smb ,Desk,1,14.29,14.29,Active,,2,ERP
C10010,Luis Martinez,luis.martinez@example.com,N/A,Colombia,Cali,September 24 2026,48,retail,Laptop,9,1921.95,17297.55,pending,,1,ERP
C10011,Diego Pérez,diego.pérez@example.com,3005004485,Unknown,BOGOTA,24/09/2026,60,enterprise,Keyboard,8,N/A,12049.68,Active,2026-01-15,3,ERP
C10012,Maria Martinez,maria.martinez@example.com,,Unknown,BOGOTA,2026/09/24,70,SMB,Monitor,2,277.24,554.48,Active,N/A,N/A,ERP
C10013,CARLOS Sanchez,carlos.sanchez@example.com,+57 300 966 1832,Colombia,Barranquilla,2026-09-24,18,retail,Laptop,3,531.29,1593.87,unknown,2026-01-15,3,ERP
C10014,maria Lopez,MARIA.LOPEZ@EXAMPLE.COM,3007003042,Co,Bogota,09/24/2026,60,retail,Monitor,9,818.69,7368.21,unknown,15/01/2026,4,ERP
C10015,CARLOS Martinez,carlos.martinez@example.com,3001649691,Colombia,Cartagena,03/04/2026,70,RETAIL,Monitor,6,1592.74,9556.44,PENDING,N/A,5,ERP
C10016,Diego Pérez,diego.pérez@example.com,N/A,Colombia,MEDELLIN,2026-09-24,45,smb ,Mouse,6,1968.63,11811.78,ACTIVE,,4,ERP
C10017,Maria Pérez,maria.pérez@example.com,300-123-4595,Co,MEDELLIN,09/24/2026,38,smb ,Laptop,5,391.76,1958.8,ACTIVE,N/A,3,ERP
C10018,Ana GARCIA,ana.garcia@example.com,3008411939,colombia,Cartagena,September 24 2026,50,retail,LAPTOP,3,574.73,1724.19,active,N/A,1,ERP
C10019,Ana lopez,ana.lopez@example.com,300-123-4573,Unknown,BOGOTA,N/A,33,smb ,laptop,1,1722.28,1722.28,inactive,2026-01-15,2,ERP
C10020,Laura Pérez,laura.pérez@example.com,,Co,Bogotá,September 24 2026,73,SMB,Keyboard,5,1681.33,8406.65,Active,N/A,3,ERP
C10021,Sofia Pérez,sofia.pérez@example.com,+57 300 254 4788,Co,Bogota,2026-09-24,44,RETAIL,Keyboard,9,133.91,1205.19,unknown,,4,ERP
C10022,Diego Martinez,diego.martinez@example.com,,N/A,Medellin,2026-09-24,69,retail,Desk,3,1839.89,5519.67,Active,2026-01-15,1,ERP
C10023,Luis GARCIA,luis.garcia@example.com,+57 300 445 7211,colombia,Bogota,2026-09-24,999,enterprise,LAPTOP,1,706.42,706.42,Active,15/01/2026,2,ERP
C10024,Laura Garcia,laura.garcia@example.com,N/A,N/A,BOGOTA,not-a-date,79,Retail,Mouse,2,335.89,671.78,active,,N/A,ERP
C10025,Luis Garcia,luis.garcia@example.com,+573008186990,Co,bogota,N/A,22,SMB,Keyboard,-1,1646.44,1646.44,pending,15/01/2026,,ERP
C10026, JUAN  lopez,juan.lopez@example.com,+573005118725,COLOMBIA,Cartagena,N/A,74,RETAIL,Monitor,8,1339.7,10717.6,ACTIVE,15/01/2026,5,ERP
C10027,Luis Perez,luis.perez@example.com,300-123-4598,Unknown,MEDELLIN,03/04/2026,59,RETAIL,Chair,8,195.18,1561.44,PENDING,,5,ERP
C10028,Sofia Pérez,sofia.pérez@example.com,+57 300 357 4777,colombia,Bogotá D.C.,2026/09/24,65,retail,Monitor,3,1479.82,4439.46,Active,2026-01-15,3,ERP
C10029,Juan Lopez,juan.lopez@example.com,+57 300 666 5786,Unknown,CALI,N/A,54,SMB,Laptop,8,N/A,3015.04,Active,2026-01-15,2,ERP
C10030,maria Sanchez,maria.sanchez@example.com,300-123-4558,COLOMBIA,CALI,September 24 2026,76,Retail,LAPTOP,10,617.71,6177.1,Active,15/01/2026,2,ERP
C10031, JUAN  Garcia,juan.garcia@example.com,+573001547605,Colombia,MEDELLIN,September 24 2026,63,retail,LAPTOP,8,474.51,3796.08,ACTIVE,,,ERP
C10032,Carlos Garcia,carlos.garcia@example.com,,Colombia,Bogotá,03/04/2026,37,retail,Laptop,5,992.65,4963.25,unknown,N/A,N/A,ERP
C10033,Luis Perez,luis.perez@example.com,300-123-4584,COLOMBIA,CALI,not-a-date,58,Enterprise,Laptop,2,822.61,1645.22,inactive,,1,ERP
C10034,Sofia Sanchez,sofia.sanchez@example.com,+57 300 513 9431,N/A,Medellín,2026/09/24,30,Retail,Laptop,10,1254.56,12545.6,PENDING,,5,ERP
C10035,Ana Lopez, user@EXAMPLE.COM ,,colombia,Cali,09/24/2026,71,enterprise,LAPTOP,5,554.12,2770.6,unknown,,1,ERP
C10036,Luis GARCIA,luis.garcia@example.com,N/A,N/A,BOGOTA,03/04/2026,60,enterprise,Chair,3,973.84,2921.52,Active,15/01/2026,,ERP
C10037,Diego Perez,diego.perez@example.com,+57 300 930 7246,Co,CALI,2026-09-24,26,retail,laptop,10,209.73,2097.3,inactive,15/01/2026,,ERP
C10038,Luis Pérez,luis.pérez@example.com,,N/A,Barranquilla,not-a-date,63,smb ,laptop,8,"81,44",651.52,inactive,2026-01-15,2,ERP
C10039,Luis Perez,luis.perez@example.com,3007288789,Co,CALI,09/24/2026,51,RETAIL,Desk,3,167.15,501.45,ACTIVE,15/01/2026,N/A,ERP
C10040,Juan lopez,juan.lopez@example.com,+573006797629,Unknown,Bogotá D.C.,not-a-date,58,SMB,Keyboard,5,611.22,3056.1,active,N/A,,ERP
C10041,CARLOS GARCIA,carlos.garcia@example.com,N/A,COLOMBIA,Cartagena,24/09/2026,69,Enterprise,Laptop,4,1358.75,5435.0,pending,2026-01-15,3,ERP
C10042,Carlos Garcia,carlos.garcia@example.com,+573003217273,Co,Bogotá,03/04/2026,51,retail,Mouse,5,521.37,2606.85,unknown,2026-01-15,N/A,ERP
C10043,CARLOS GARCIA,carlos.garcia@example.com,N/A,Unknown,BOGOTA,2026-09-24,25,SMB,laptop,5,1646.61,8233.05,PENDING,N/A,,ERP
C10044,Laura Sanchez,laura.sanchez@example.com,+57 300 146 1609,N/A,Bogotá,09/24/2026,33,smb ,Desk,3,748.31,2244.93,pending,,4,ERP
C10045,Luis Perez,luis.perez@example.com,+573002666893,N/A,CALI,24/09/2026,52,enterprise,Laptop,6,559.0,3354.0,active,15/01/2026,,ERP
C10046,Sofia Martinez,sofia.martinez@example.com,+573004623062,Colombia,Bogota DC,2026-09-24,67,smb ,Mouse,-2,1975.18,1975.18,pending,15/01/2026,3,ERP
C10047,Juan Lopez,juan.lopez@example.com,300-123-4570,N/A,Bogota,2026/09/24,67,Retail,Desk,10,1012.64,10126.4,unknown,,4,ERP
C10048,Diego Garcia,diego.garcia@example.com,3006404139,N/A,Bogotá,not-a-date,35,smb ,Mouse,10,657.12,6571.2,inactive,2026-01-15,4,ERP
C10049,Ana GARCIA,ana.garcia@example.com,,Unknown,Bogota,03/04/2026,34,enterprise,Monitor,3,953.79,2861.37,PENDING,15/01/2026,1,ERP
C10050,Diego Pérez,diego.pérez@example.com,+57 300 533 1842,Co,MEDELLIN,2026/09/24,54,smb ,Laptop,3,456.25,1368.75,pending,15/01/2026,N/A,ERP
C10051,Luis Perez,luis.perez@example.com,3006889195,COLOMBIA,Barranquilla,09/24/2026,54,RETAIL,laptop,2,1270.01,2540.02,active,N/A,2,ERP
C10052,Carlos Perez,carlos.perez@example.com,+573008416270,colombia,Medellin,2026/09/24,31,enterprise,Laptop,2,230.67,461.34,active,2026-01-15,2,ERP
C10053,Luis Martinez,luis.martinez@example.com,,Co,Bogota,not-a-date,45,Enterprise,laptop,7,467.92,3275.44,unknown,2026-01-15,3,ERP
C10054,maria GARCIA,maria.garcia@example.com,+573007795314,Unknown,Bogotá,not-a-date,28,Enterprise,Keyboard,10,1382.32,13823.2,PENDING,,3,ERP
C10055,Ana Pérez,ana.pérez@example.com,+573009555575,N/A,Medellín,24/09/2026,40,Enterprise,Desk,3,301.42,904.26,PENDING,15/01/2026,5,ERP
C10056,CARLOS Pérez,carlos.pérez@example.com,,N/A,Bogotá,2026/09/24,37,enterprise,Chair,10,1019.6,10196.0,inactive,2026-01-15,5,ERP
C10057, JUAN  Perez,juan.perez@example.com,3006394323,N/A,Medellín,2026-09-24,79,Enterprise,LAPTOP,2,1676.38,3352.76,ACTIVE,15/01/2026,3,ERP
C10058,Luis GARCIA,luis.garcia@example.com,+57 300 712 1857,COLOMBIA,Bogotá D.C.,24/09/2026,53,SMB,Chair,5,1704.62,8523.1,Active,15/01/2026,5,ERP
C10059,Maria Sanchez,maria.sanchez@example.com,,colombia,Bogotá,September 24 2026,45,RETAIL,laptop,1,368.72,368.72,pending,15/01/2026,,ERP
C10060, JUAN  Perez,juan.perez@example.com,3007320310,Unknown,Bogotá D.C.,September 24 2026,71,smb ,Desk,10,339.42,3394.2,Active,,5,ERP
C10061,Ana Sanchez,ana.sanchez@example.com,+573008391997,COLOMBIA,MEDELLIN,2026-09-24,67,Retail,laptop,9,332.5,2992.5,ACTIVE,,1,ERP
C10062,Carlos Sanchez,carlos.sanchez@example.com,+573004725179,N/A,CALI,03/04/2026,77,RETAIL,LAPTOP,1,754.18,754.18,Active,2026-01-15,1,ERP
C10063,Luis lopez,luis.lopez@example.com,+57 300 822 8685,Colombia,BOGOTA,2026/09/24,34,Enterprise,Desk,3,1457.2,4371.6,active,2026-01-15,1,ERP
C10064,Laura Perez,laura.perez@example.com,N/A,Co,Bogota,2026-09-24,40,SMB,Chair,7,1339.75,9378.25,ACTIVE,,3,ERP
C10065,Juan Pérez,juan.pérez@example.com,+573003238241,N/A,Cartagena,09/24/2026,52,Enterprise,Laptop,3,1372.52,4117.56,ACTIVE,2026-01-15,2,ERP
C10066,Juan Martinez,juan.martinez@example.com,+57 300 417 9444,Co,Barranquilla,03/04/2026,66,Enterprise,Chair,5,1563.87,7819.35,ACTIVE,,2,ERP
C10067,Laura lopez,laura.lopez@example.com,N/A,N/A,Medellín,not-a-date,70,RETAIL,Desk,5,169.34,846.7,active,15/01/2026,N/A,ERP
C10068,Sofia GARCIA,sofia.garcia@example.com,,Co,Cali,03/04/2026,61,Retail,LAPTOP,1,1219.07,1219.07,PENDING,N/A,4,ERP
C10069,Sofia Pérez,sofia.pérez@example.com,,colombia,Cali,2026/09/24,35,RETAIL,Desk,2,380.24,760.48,Active,,1,ERP
C10070,Carlos Garcia,carlos.garcia@example.com,N/A,colombia,Cartagena,September 24 2026,52,retail,Mouse,5,1426.5,7132.5,unknown,2026-01-15,4,ERP
C10071,Juan Pérez,juan.pérez@example.com,300-123-4549,Co,CALI,24/09/2026,63,enterprise,Monitor,9,824.77,7422.93,Active,,,ERP
C10072, JUAN  Lopez,juan.lopez@example.com,+573009692311,N/A,Bogotá D.C.,2026/09/24,28,enterprise,laptop,4,1882.4,7529.6,pending,15/01/2026,N/A,ERP
C10073,Carlos Lopez,carlos.lopez@example.com,+57 300 719 6531,Co,BOGOTA,2026/09/24,78,smb ,Chair,10,429.51,4295.1,ACTIVE,N/A,4,ERP
C10074,Maria Perez,maria.perez@example.com,,COLOMBIA,Medellín,N/A,38,retail,LAPTOP,6,270.22,1621.32,active,2026-01-15,1,ERP
C10075,Luis GARCIA,luis.garcia@example.com,3006493461,Colombia,Bogota,September 24 2026,49,RETAIL,Desk,8,N/A,4992.0,pending,N/A,,ERP
C10076,CARLOS lopez,not-an-email,+573007136730,colombia,Bogotá,2026/09/24,20,Enterprise,Monitor,10,731.42,7314.2,unknown,2026-01-15,3,ERP
C10077, JUAN  Pérez,juan.pérez@example.com,+57 300 621 7576,Co,Cali,03/04/2026,26,SMB,Keyboard,8,306.39,2451.12,pending,15/01/2026,3,ERP
C10078, JUAN  lopez,juan.lopez@example.com,+57 300 935 1272,Unknown,Medellín,September 24 2026,80,retail,Chair,5,1453.4,7267.0,Active,2026-01-15,,ERP
C10079,CARLOS Martinez,carlos.martinez@example.com,300-123-4550,Unknown,BOGOTA,2026-09-24,27,enterprise,Monitor,4,1552.19,6208.76,PENDING,15/01/2026,4,ERP
C10080, JUAN  GARCIA,juan.garcia@example.com,300-123-4588,COLOMBIA,Medellín,September 24 2026,30,RETAIL,Keyboard,5,457.49,2287.45,ACTIVE,,1,ERP
C10081,maria GARCIA,maria.garcia@example.com,,Colombia,Cali,2026/09/24,23,SMB,Mouse,8,1497.2,11977.6,Active,15/01/2026,1,ERP
C10082,CARLOS Martinez,CARLOS.MARTINEZ@EXAMPLE.COM,3008925622,COLOMBIA,CALI,2026/09/24,18,Retail,laptop,3,1870.71,5612.13,PENDING,N/A,5,ERP
C10083,Ana Perez,ana.perez@example.com,3001609681,N/A,MEDELLIN,2026/09/24,77,enterprise,Desk,5,28.44,142.2,Active,,,ERP
C10084, JUAN  lopez,juan.lopez@example.com,+57 300 438 3662,Colombia,Medellin,not-a-date,65,SMB,laptop,5,1516.99,7584.95,Active,N/A,2,ERP
C10085,Laura Pérez, user@EXAMPLE.COM ,N/A,N/A,Bogotá D.C.,2026/09/24,64,RETAIL,Mouse,5,"$1,388.61",6943.05,Active,2026-01-15,2,ERP
C10086,Laura Lopez,laura.lopez@example.com,,colombia,Bogota DC,September 24 2026,66,smb ,Desk,2,1061.06,2122.12,active,15/01/2026,N/A,ERP
C10087,Ana lopez,ana.lopez@example.com,300-123-4575,Colombia,Medellin,September 24 2026,47,RETAIL,laptop,9,1615.76,14541.84,pending,2026-01-15,1,ERP
C10088,Maria lopez,maria.lopez@example.com,300-123-4558,colombia,MEDELLIN,03/04/2026,73,Enterprise,LAPTOP,7,1368.63,9580.41,PENDING,2026-01-15,2,ERP
C10089,Juan Perez,juan.perez@example.com,3008115687,colombia,BOGOTA,not-a-date,33,Retail,laptop,3,1875.45,5626.35,pending,2026-01-15,1,ERP
C10090,Laura Perez,LAURA.PEREZ@EXAMPLE.COM,N/A,Co,Bogotá D.C.,09/24/2026,36,RETAIL,Laptop,10,1199.86,11998.6,pending,15/01/2026,5,ERP
C10091,Carlos GARCIA,CARLOS.GARCIA@EXAMPLE.COM,300-123-4599,Colombia,MEDELLIN,09/24/2026,44,Enterprise,Chair,7,1080.48,7563.36,pending,,5,ERP
C10092,Carlos GARCIA,carlos.garcia@example.com,N/A,colombia,Bogota DC,September 24 2026,64,RETAIL,Laptop,1,1350.61,1350.61,Active,,2,ERP
C10093,Maria lopez,maria.lopez@example.com,+573005015307,COLOMBIA,BOGOTA,24/09/2026,67,RETAIL,Monitor,8,724.93,5799.44,inactive,,1,ERP
C10094,maria Martinez,N/A,+573003557039,colombia,Barranquilla,N/A,32,smb ,Monitor,4,1312.67,5250.68,Active,,2,ERP
C10095, JUAN  lopez,juan.lopez@example.com,,Unknown,CALI,03/04/2026,21,SMB,Desk,7,1265.1,-8855.7,PENDING,2026-01-15,4,ERP
C10096,Juan Perez,juan.perez@example.com,+57 300 117 9673,COLOMBIA,Bogotá D.C.,September 24 2026,50,smb ,Chair,7,1820.45,12743.15,active,N/A,3,ERP
C10097,Diego lopez,diego.lopez@example.com,300-123-4521,Unknown,Bogota,03/04/2026,42,retail,Mouse,8,28.81,230.48,unknown,2026-01-15,N/A,ERP
C10098,maria lopez,maria.lopez@example.com,+57 300 800 5593,N/A,MEDELLIN,September 24 2026,79,RETAIL,Chair,3,1428.3,4284.9,unknown,,N/A,ERP
C10099,Carlos Garcia,carlos.garcia@example.com,+573004894730,Unknown,Medellin,September 24 2026,56,Enterprise,LAPTOP,10,"1549,37",15493.7,PENDING,N/A,5,ERP
C10100,CARLOS GARCIA,carlos.garcia@example.com,3002233237,Colombia,bogota,03/04/2026,42,Retail,LAPTOP,3,640.19,-1920.57,inactive,N/A,4,ERP
C10101, JUAN  GARCIA,juan.garcia@example.com,+573007463219,colombia,Bogotá D.C.,not-a-date,44,RETAIL,Keyboard,2,1123.48,2246.96,inactive,15/01/2026,2,ERP
C10102,Maria Lopez,maria.lopez@example.com,,Co,Bogota DC,not-a-date,58,Enterprise,LAPTOP,10,222.88,2228.8,ACTIVE,N/A,3,ERP
C10103,maria Martinez,maria.martinez@example.com,3005889688,N/A,BOGOTA,2026-09-24,38,Enterprise,Keyboard,7,1864.81,13053.67,unknown,,N/A,ERP
C10104,Maria GARCIA,maria.garcia@example.com,300-123-4564,N/A,Cartagena,2026-09-24,22,enterprise,laptop,10,807.6,8076.0,active,N/A,,ERP
C10105,Ana Pérez,ana.pérez@example.com,+57 300 676 7547,COLOMBIA,Bogota,N/A,24,Enterprise,laptop,9,1120.41,10083.69,ACTIVE,15/01/2026,4,ERP
C10106,Maria Garcia,maria.garcia@example.com,N/A,COLOMBIA,CALI,24/09/2026,48,Retail,LAPTOP,2,1396.56,2793.12,PENDING,2026-01-15,2,ERP
C10107, JUAN  Lopez,juan.lopez@example.com,3004889890,colombia,Bogotá D.C.,2026-09-24,29,smb ,laptop,7,1477.4,10341.8,pending,15/01/2026,1,ERP
C10108, JUAN  Lopez,juan.lopez@example.com,+573009853588,N/A,bogota,2026/09/24,56,RETAIL,laptop,7,702.37,4916.59,Active,2026-01-15,3,ERP
C10109,Maria Lopez,maria.lopez@example.com,3003313029,Colombia,Medellín,2026-09-24,49,retail,Mouse,3,984.39,2953.17,unknown,N/A,4,ERP
C10110, JUAN  lopez,juan.lopez@example.com,N/A,Unknown,Bogotá,N/A,19,RETAIL,Monitor,4,556.96,2227.84,pending,2026-01-15,,ERP
C10111,Juan lopez,juan.lopez@example.com,+573001540736,colombia,Cali,03/04/2026,40,retail,Mouse,2,1987.98,3975.96,unknown,,2,ERP
C10112,Juan Pérez,juan.pérez@example.com,+573005854206,colombia,bogota,09/24/2026,78,SMB,Monitor,2,1502.69,3005.38,unknown,15/01/2026,2,ERP
C10113,CARLOS GARCIA,carlos.garcia@example.com,,Unknown,Bogota,N/A,68,smb ,laptop,2,1502.11,3004.22,PENDING,N/A,4,ERP
C10114,CARLOS Pérez,carlos.pérez@example.com,+573004554277,Colombia,CALI,2026-09-24,38,smb ,Desk,6,269.88,1619.28,active,2026-01-15,1,ERP
C10115,Carlos lopez,carlos.lopez@example.com,+573006064462,N/A,Bogotá,September 24 2026,23,SMB,laptop,5,1332.37,6661.85,active,,2,ERP
C10116,Laura Garcia,laura.garcia@example.com,+573001135267,COLOMBIA,Bogotá D.C.,24/09/2026,70,retail,Chair,7,960.62,6724.34,unknown,N/A,,ERP
C10117,Carlos Lopez,carlos.lopez@example.com,,COLOMBIA,Medellin,24/09/2026,65,RETAIL,LAPTOP,7,890.34,6232.38,Active,,3,ERP
C10118,CARLOS Garcia,carlos.garcia@example.com,N/A,Co,CALI,24/09/2026,56,enterprise,laptop,7,118.59,830.13,pending,15/01/2026,1,ERP
C10119,Sofia Pérez,sofia.pérez@example.com,+57 300 682 7895,N/A,Medellin,not-a-date,19,Retail,LAPTOP,1,N/A,89.26,ACTIVE,,1,ERP
C10120,Luis Garcia,luis.garcia@example.com,N/A,Co,Cali,not-a-date,58,enterprise,Laptop,2,880.6,1761.2,ACTIVE,2026-01-15,N/A,ERP
C10121,CARLOS Lopez,carlos.lopez@example.com,N/A,Co,Bogotá D.C.,2026-09-24,51,enterprise,laptop,5,262.59,1312.95,ACTIVE,N/A,N/A,ERP
C10122,maria Garcia,maria.garcia@example.com,+573007168777,Colombia,Medellín,2026-09-24,67,RETAIL,Chair,10,239.51,-2395.1,Active,15/01/2026,2,ERP
C10123,Juan GARCIA,juan.garcia@example.com,+573002306728,COLOMBIA,Bogota DC,N/A,25,Retail,Desk,1,1610.63,1610.63,active,N/A,3,ERP
C10124,Ana Sanchez,ana.sanchez@example.com,300-123-4585,Colombia,Cartagena,2026-09-24,67,SMB,Chair,9,N/A,4480.2,unknown,N/A,N/A,ERP
C10125,Luis Garcia,luis.garcia@example.com,+57 300 529 9061,Colombia,Cali,09/24/2026,20,enterprise,Laptop,9,1792.2,16129.8,inactive,,N/A,ERP
C10126,Carlos Martinez,carlos.martinez@example.com,+573006336123,Colombia,MEDELLIN,03/04/2026,32,RETAIL,Mouse,4,1542.59,6170.36,inactive,,3,ERP
C10127,Laura Sanchez,laura.sanchez@example.com,3001676621,Unknown,Barranquilla,not-a-date,23,enterprise,Mouse,6,107.41,644.46,active,,4,ERP
C10128,Maria Lopez,maria.lopez@example.com,+573004324120,Colombia,Cartagena,N/A,61,RETAIL,laptop,2,525.05,1050.1,active,15/01/2026,4,ERP
C10129,Juan Lopez,juan.lopez@example.com,,Co,Medellin,September 24 2026,45,enterprise,Desk,4,557.21,2228.84,active,N/A,1,ERP
C10130,Luis GARCIA,luis.garcia@example.com,,COLOMBIA,Bogota,September 24 2026,40,smb ,Desk,8,1135.65,9085.2,pending,2026-01-15,3,ERP
C10131,maria Martinez,maria.martinez@example.com,3005471581,N/A,Barranquilla,03/04/2026,54,RETAIL,LAPTOP,7,1680.05,11760.35,pending,2026-01-15,2,ERP
C10132,Laura Sanchez,not-an-email,+57 300 338 4584,colombia,Cali,2026-09-24,39,SMB,LAPTOP,4,688.11,2752.44,unknown,2026-01-15,1,ERP
C10133, JUAN  Pérez,juan.pérez@example.com,+573006646557,N/A,Cali,03/04/2026,26,smb ,LAPTOP,7,1921.72,13452.04,inactive,15/01/2026,3,ERP
C10134,Luis Lopez,,+573004054824,COLOMBIA,bogota,September 24 2026,76,SMB,laptop,10,1135.44,11354.4,unknown,N/A,N/A,ERP
C10135,CARLOS Pérez,carlos.pérez@example.com,,Co,Cartagena,not-a-date,18,smb ,Mouse,8,1938.51,15508.08,Active,2026-01-15,4,ERP
C10136,Maria Perez,maria.perez@example.com,3006734590,colombia,Bogota,09/24/2026,64,Retail,Monitor,2,1970.7,3941.4,Active,,2,ERP
C10137,Diego Sanchez,diego.sanchez@example.com,+57 300 198 1813,Co,Bogotá,2026/09/24,-5,RETAIL,Chair,5,1253.93,6269.65,inactive,2026-01-15,4,ERP
C10138,CARLOS Sanchez,carlos.sanchez@example.com,300-123-4533,N/A,Bogota DC,24/09/2026,20,smb ,Chair,8,1675.79,13406.32,unknown,2026-01-15,5,ERP
C10139,Ana Perez,ana.perez@example.com,+573004953417,colombia,bogota,24/09/2026,23,retail,Mouse,1,1801.91,1801.91,Active,,1,ERP
C10140,Diego Garcia,diego.garcia@example.com,+57 300 942 3422,Co,bogota,not-a-date,42,retail,laptop,9,559.64,5036.76,active,2026-01-15,5,ERP
C10141,Maria Sanchez,maria.sanchez@example.com,300-123-4593,N/A,BOGOTA,not-a-date,54,Retail,Desk,1,811.92,811.92,ACTIVE,N/A,3,ERP
C10142,Juan Pérez,juan.pérez@example.com,+573004824490,Unknown,Bogota DC,not-a-date,80,smb ,Laptop,6,839.38,5036.28,pending,,,ERP
C10143,Carlos Garcia,carlos.garcia@example.com,3001485669,N/A,Bogota,not-a-date,71,retail,Monitor,1,1836.88,1836.88,inactive,2026-01-15,5,ERP
C10144,Laura Lopez,laura.lopez@example.com,,N/A,BOGOTA,September 24 2026,71,RETAIL,Chair,5,108.81,544.05,pending,15/01/2026,1,ERP
C10145,CARLOS Perez,carlos.perez@example.com,+573005234408,Colombia,MEDELLIN,not-a-date,63,SMB,Monitor,5,759.19,3795.95,pending,2026-01-15,N/A,ERP
C10146,maria Sanchez,maria.sanchez@example.com,+573006454894,N/A,bogota,not-a-date,59,SMB,Laptop,5,1039.41,5197.05,PENDING,N/A,4,ERP
C10147,Luis Sanchez,luis.sanchez@example.com,,Colombia,Medellín,09/24/2026,52,retail,Keyboard,8,1347.02,10776.16,PENDING,N/A,,ERP
C10148, JUAN  Lopez,juan.lopez@example.com,,colombia,MEDELLIN,24/09/2026,73,Retail,Chair,6,1175.29,7051.74,pending,,3,ERP
C10149,Diego Perez,diego.perez@example.com,+573008676774,colombia,Cali,2026/09/24,73,smb ,LAPTOP,2,1265.76,50630.4,inactive,15/01/2026,,ERP
C10150,Maria Lopez,maria.lopez@example.com,+57 300 513 8029,colombia,Barranquilla,2026-09-24,52,RETAIL,Keyboard,6,1785.09,10710.54,Active,15/01/2026,1,ERP
C10151,Diego Sanchez,diego.sanchez@example.com,N/A,colombia,BOGOTA,not-a-date,39,SMB,LAPTOP,3,1803.75,5411.25,Active,2026-01-15,N/A,ERP
C10152,Juan Lopez,juan.lopez@example.com,N/A,N/A,bogota,2026/09/24,21,retail,Laptop,1,"$1,310.60",1310.6,ACTIVE,,4,ERP
C10153,CARLOS Garcia,carlos.garcia@example.com,,N/A,Medellin,September 24 2026,57,RETAIL,LAPTOP,2,1000.5,2001.0,active,N/A,5,ERP
C10154,Laura Martinez,laura.martinez@example.com,N/A,COLOMBIA,Medellín,N/A,60,Retail,laptop,2,159.35,318.7,unknown,N/A,2,ERP
C10155,Juan Sanchez,juan.sanchez@example.com,3002593809,Colombia,Medellin,03/04/2026,60,Enterprise,Desk,6,881.05,5286.3,ACTIVE,15/01/2026,,ERP
C10156,Diego lopez,diego.lopez@example.com,,Unknown,Bogota,not-a-date,21,smb ,LAPTOP,3,1823.34,5470.02,inactive,N/A,4,ERP
C10157,Maria GARCIA,maria.garcia@example.com,,N/A,CALI,N/A,54,SMB,Chair,6,1379.6,8277.6,Active,N/A,,ERP
C10158,   JUAN  Perez  ,juan.perez@example.com,300-123-4519,Unknown,Medellín,N/A,38,Retail,Desk,5,453.19,2265.95,inactive,,3,ERP
C10159,Maria lopez, user@EXAMPLE.COM ,N/A,COLOMBIA,MEDELLIN,September 24 2026,58,smb ,Desk,9,1312.65,11813.85,PENDING,,N/A,ERP
C10160,Sofia lopez,sofia.lopez@example.com,+573006958243,Unknown,BOGOTA,24/09/2026,53,retail,laptop,2,336.67,673.34,unknown,N/A,4,ERP
C10161,Ana lopez,ana.lopez@example.com,,Unknown,Medellín,2026-09-24,55,enterprise,LAPTOP,8,1182.74,189238.4,PENDING,,5,ERP
C10162,Carlos Lopez,carlos.lopez@example.com,N/A,N/A,MEDELLIN,not-a-date,76,smb ,Monitor,4,1927.55,7710.2,PENDING,N/A,N/A,ERP
C10163, JUAN  Martinez,juan.martinez@example.com,N/A,Colombia,MEDELLIN,2026/09/24,62,Retail,Laptop,2,1128.94,2257.88,inactive,,2,ERP
C10164,Juan Perez,juan.perez@example.com,,colombia,MEDELLIN,September 24 2026,68,smb ,Keyboard,9,1629.91,14669.19,PENDING,,N/A,ERP
C10165,Juan GARCIA,juan.garcia@example.com,3001902651,COLOMBIA,Medellín,September 24 2026,57,retail,laptop,8,1823.86,14590.88,Active,15/01/2026,2,ERP
C10166, JUAN  Garcia,juan.garcia@example.com,+573003699938,Unknown,MEDELLIN,2026/09/24,18,RETAIL,laptop,3,1857.97,5573.91,unknown,,N/A,ERP
C10167,Sofia Martinez,sofia.martinez@example.com,N/A,Colombia,CALI,N/A,43,RETAIL,Desk,4,1330.04,5320.16,Active,2026-01-15,N/A,ERP
C10168,maria Martinez,maria.martinez@example.com,N/A,Unknown,Bogotá,September 24 2026,64,Retail,LAPTOP,9,756.17,6805.53,unknown,N/A,5,ERP
C10169, JUAN  Perez,juan.perez@example.com,N/A,Colombia,Bogotá,03/04/2026,71,Retail,LAPTOP,7,1880.1,13160.7,unknown,2026-01-15,3,ERP
C10170, JUAN  Garcia,juan.garcia@example.com,300-123-4590,COLOMBIA,MEDELLIN,2026-09-24,45,Retail,Keyboard,7,1074.32,7520.24,unknown,2026-01-15,N/A,ERP
C10171,Luis Garcia,luis.garcia@example.com,N/A,Unknown,MEDELLIN,03/04/2026,32,retail,laptop,7,1700.44,11903.08,active,2026-01-15,1,ERP
C10172,maria GARCIA,maria.garcia@example.com,,N/A,MEDELLIN,2026-09-24,72,Retail,Keyboard,3,1237.6,3712.8,PENDING,,1,ERP
C10173,Luis Garcia,luis.garcia@example.com,+573004934808,Co,bogota,03/04/2026,57,Retail,Monitor,4,906.79,3627.16,Active,N/A,,ERP
C10174,Ana GARCIA,ana.garcia@example.com,+573008765307,N/A,CALI,September 24 2026,67,Retail,laptop,9,1294.65,11651.85,active,N/A,,ERP
C10175, JUAN  Perez,juan.perez@example.com,N/A,Co,Bogota DC,N/A,48,enterprise,Laptop,3,454.38,1363.14,PENDING,2026-01-15,2,ERP
C10176,maria Lopez,maria.lopez@example.com,+57 300 263 3935,Co,Bogota,not-a-date,32,Retail,Monitor,4,745.18,2980.72,active,,N/A,ERP
C10177, JUAN  Sanchez,juan.sanchez@example.com,N/A,Co,Cali,03/04/2026,59,Retail,LAPTOP,2,758.89,1517.78,inactive,,2,ERP
C10178,Ana Garcia,ana.garcia@example.com,,Colombia,BOGOTA,09/24/2026,70,Retail,LAPTOP,4,667.15,2668.6,pending,,5,ERP
C10179,Carlos Lopez,N/A,N/A,Unknown,Medellín,September 24 2026,79,smb ,Desk,10,1758.23,17582.3,Active,,2,ERP
C10180,Diego Lopez,diego.lopez@example.com,+573003813903,Unknown,Bogotá,not-a-date,77,retail,Desk,10,762.64,7626.4,pending,15/01/2026,5,ERP
C10181,Juan Garcia,juan.garcia@example.com,300-123-4576,colombia,Bogotá D.C.,24/09/2026,41,Enterprise,Mouse,9,1877.46,16897.14,unknown,,1,ERP
C10182,Luis GARCIA,,+57 300 908 1116,Unknown,Bogotá D.C.,not-a-date,42,SMB,Chair,6,222.1,1332.6,unknown,N/A,2,ERP
C10183,Diego lopez,diego.lopez@example.com,,Unknown,Cali,not-a-date,26,SMB,Laptop,2,898.72,1797.44,Active,N/A,4,ERP
C10184,CARLOS Perez,carlos.perez@example.com,3002478755,N/A,Medellín,2026-09-24,41,Enterprise,Laptop,1,1862.06,1862.06,Active,15/01/2026,,ERP
C10185,CARLOS Sanchez,carlos.sanchez@example.com,+57 300 622 9451,Unknown,Bogota,not-a-date,41,SMB,laptop,1,182.82,182.82,active,15/01/2026,5,ERP
C10186,Luis Pérez,luis.pérez@example.com,+57 300 331 4187,N/A,Medellín,2026/09/24,34,Enterprise,Desk,9,154.05,1386.45,unknown,N/A,2,ERP
C10187,Sofia lopez,sofia.lopez@example.com,+57 300 982 1448,colombia,Bogotá D.C.,2026-09-24,42,Retail,Chair,4,467.56,1870.24,PENDING,N/A,N/A,ERP
C10188,Sofia Garcia,sofia.garcia@example.com,,Unknown,Bogota DC,September 24 2026,61,retail,laptop,4,407.34,1629.36,active,15/01/2026,1,ERP
C10189,CARLOS lopez,carlos.lopez@example.com,+573007227644,Colombia,MEDELLIN,September 24 2026,49,smb ,Chair,10,986.7,9867.0,inactive,15/01/2026,5,ERP
C10190,Juan Pérez,juan.pérez@example.com,+573009694039,COLOMBIA,Medellín,2026/09/24,999,enterprise,Monitor,4,210.49,841.96,ACTIVE,15/01/2026,2,ERP
C10191,Laura GARCIA,laura.garcia@example.com,3007720828,colombia,Cartagena,not-a-date,54,SMB,LAPTOP,10,1630.24,16302.4,inactive,15/01/2026,,ERP
C10192,Juan Lopez,juan.lopez@example.com,+573006297024,N/A,Bogota DC,24/09/2026,34,RETAIL,Monitor,10,206.96,2069.6,ACTIVE,,5,ERP
C10193, JUAN  Sanchez,juan.sanchez@example.com,+573005774942,Co,CALI,09/24/2026,61,enterprise,Chair,8,768.33,6146.64,unknown,N/A,1,ERP
C10194,Maria Lopez,maria.lopez@example.com,300-123-4544,N/A,Bogotá D.C.,09/24/2026,67,SMB,laptop,6,1046.66,6279.96,Active,15/01/2026,2,ERP
C10195,Diego Garcia,diego.garcia@example.com,N/A,Co,CALI,September 24 2026,66,retail,LAPTOP,2,319.0,638.0,pending,N/A,,ERP
C10196,Carlos Perez,carlos.perez@example.com,300-123-4580,Co,MEDELLIN,2026/09/24,26,retail,laptop,9,1199.19,10792.71,inactive,N/A,3,ERP
C10197,Sofia GARCIA,sofia.garcia@example.com,300-123-4546,Co,MEDELLIN,03/04/2026,200,Enterprise,Chair,8,1534.08,12272.64,Active,15/01/2026,2,ERP
C10198,CARLOS GARCIA,carlos.garcia@example.com,,COLOMBIA,Barranquilla,N/A,61,enterprise,Desk,9,831.68,7485.12,Active,,3,ERP
C10199,Juan Lopez,juan.lopez@example.com,,Co,Barranquilla,N/A,46,smb ,Laptop,4,39.3,157.2,ACTIVE,N/A,1,ERP
C10200,Carlos Perez,carlos.perez@example.com,300-123-4542,Co,Medellin,24/09/2026,999,SMB,Keyboard,4,1950.19,7800.76,ACTIVE,15/01/2026,2,ERP
C10201,CARLOS Perez,carlos.perez@example.com,+573006013251,colombia,Bogota,24/09/2026,74,Retail,Desk,4,479.57,1918.28,PENDING,,5,ERP
C10202,Carlos Pérez,carlos.pérez@example.com,+573002007511,N/A,BOGOTA,03/04/2026,59,Retail,Chair,9,260.4,2343.6,ACTIVE,,N/A,ERP
C10203,Carlos Sanchez,carlos.sanchez@example.com,3009222379,COLOMBIA,Bogotá D.C.,09/24/2026,52,enterprise,Monitor,8,1664.39,13315.12,inactive,,1,ERP
C10204,CARLOS GARCIA,carlos.garcia@example.com,,Colombia,Bogotá,not-a-date,79,enterprise,laptop,7,1369.62,9587.34,active,N/A,,ERP
C10205,Carlos Lopez,carlos.lopez@example.com,,colombia,CALI,24/09/2026,71,Enterprise,laptop,8,1405.61,11244.88,inactive,2026-01-15,,ERP
C10206,CARLOS Perez,carlos.perez@example.com,+57 300 525 7046,colombia,MEDELLIN,not-a-date,64,SMB,Mouse,5,439.64,2198.2,pending,15/01/2026,N/A,ERP
C10207,Carlos GARCIA,carlos.garcia@example.com,3008696054,COLOMBIA,Medellin,03/04/2026,68,smb ,Chair,7,1318.49,9229.43,unknown,N/A,N/A,ERP
C10208,Sofia Martinez,sofia.martinez@example.com,300-123-4567,COLOMBIA,Bogota,September 24 2026,18,smb ,Keyboard,5,1040.04,5200.2,pending,15/01/2026,5,ERP
C10209, JUAN  Lopez,juan.lopez@example.com,3005445763,Co,Barranquilla,N/A,32,SMB,laptop,5,805.6,4028.0,pending,15/01/2026,N/A,ERP
C10210,Luis Perez,luis.perez@example.com,300-123-4565,Unknown,Bogota,2026-09-24,77,RETAIL,LAPTOP,4,1700.46,6801.84,ACTIVE,N/A,5,ERP
C10211,Ana Lopez,ana.lopez@example.com,300-123-4538,Unknown,Medellin,24/09/2026,36,smb ,LAPTOP,3,174.26,522.78,unknown,,2,ERP
C10212,Laura Martinez,laura.martinez@example.com,+573005065372,colombia,Bogota DC,2026-09-24,67,enterprise,Desk,10,1346.78,13467.8,pending,N/A,2,ERP
C10213,Laura Perez,laura.perez@example.com,,Co,Medellín,24/09/2026,21,Retail,Monitor,10,1738.82,-17388.2,Active,N/A,N/A,ERP
C10214, JUAN  Martinez,juan.martinez@example.com,,N/A,Bogota,2026-09-24,999,Retail,Chair,9,348.94,3140.46,PENDING,,3,ERP
C10215,CARLOS Pérez,,+573009531890,Unknown,Bogotá D.C.,2026-09-24,49,RETAIL,Desk,9,405.76,3651.84,inactive,15/01/2026,N/A,ERP
C10216,Carlos Perez,carlos.perez@example.com,+57 300 740 5953,Colombia,Barranquilla,not-a-date,58,Enterprise,Mouse,7,"1631,57",11420.99,inactive,15/01/2026,2,ERP
C10217,maria Lopez,maria.lopez@example.com,,COLOMBIA,Bogotá,09/24/2026,26,enterprise,laptop,4,624.91,2499.64,Active,15/01/2026,3,ERP
C10218,Carlos Perez,carlos.perez@example.com,,colombia,CALI,September 24 2026,35,Retail,Monitor,4,377.65,1510.6,active,15/01/2026,N/A,ERP
C10219,Laura Lopez,laura.lopez@example.com,300-123-4572,Colombia,bogota,September 24 2026,26,Enterprise,Desk,4,"1531,43",6125.72,PENDING,15/01/2026,3,ERP
C10220,Laura Martinez,laura.martinez@example.com,,Unknown,MEDELLIN,2026-09-24,54,Enterprise,Laptop,9,"$1,411.18",12700.62,pending,15/01/2026,4,ERP
C10221, JUAN  Perez,juan.perez@example.com,+573003793181,Co,Medellin,09/24/2026,57,RETAIL,Desk,9,932.52,8392.68,active,15/01/2026,2,ERP
C10222,Laura Martinez,laura.martinez@example.com,,Colombia,Cartagena,not-a-date,46,retail,Monitor,2,774.33,1548.66,pending,,,ERP
C10223,CARLOS Lopez,carlos.lopez@example.com,,Co,Medellín,2026/09/24,67,smb ,Desk,5,243.93,1219.65,pending,2026-01-15,,ERP
C10224,Juan lopez,juan.lopez@example.com,N/A,colombia,Bogota,03/04/2026,999,SMB,Keyboard,5,1119.52,5597.6,ACTIVE,2026-01-15,1,ERP
C10225,Juan Garcia,juan.garcia@example.com,+573008639301,Co,bogota,24/09/2026,77,Retail,Keyboard,5,1796.08,8980.4,ACTIVE,N/A,5,ERP
C10226,Diego Martinez,diego.martinez@example.com,N/A,Unknown,Barranquilla,09/24/2026,77,SMB,Desk,5,1697.12,8485.6,inactive,,,ERP
C10227,Carlos Martinez,carlos.martinez@example.com,+57 300 101 2936,N/A,Bogotá D.C.,2026-09-24,65,RETAIL,laptop,10,833.94,8339.4,ACTIVE,15/01/2026,3,ERP
C10228, JUAN  Pérez,juan.pérez@example.com,3007644605,Co,Barranquilla,03/04/2026,39,Retail,Keyboard,8,1596.54,12772.32,pending,,N/A,ERP
C10229,CARLOS Pérez,N/A,+573002110870,N/A,Bogota,2026/09/24,71,RETAIL,Chair,7,1686.39,11804.73,active,N/A,4,ERP
C10230,Ana Pérez,ana.pérez@example.com,+573003936226,N/A,MEDELLIN,03/04/2026,68,RETAIL,Monitor,4,N/A,3572.44,Active,,,ERP
C10231,Maria Lopez, user@EXAMPLE.COM ,+57 300 830 9558,N/A,BOGOTA,2026-09-24,61,RETAIL,Mouse,2,1779.48,3558.96,Active,N/A,3,ERP
C10232,Luis Pérez,luis.pérez@example.com,+57 300 379 3446,colombia,Bogotá,2026/09/24,79,RETAIL,Monitor,9,1089.63,9806.67,pending,15/01/2026,4,ERP
C10233,  Juan Lopez  ,juan.lopez@example.com,300-123-4521,N/A,Cartagena,03/04/2026,43,SMB,laptop,10,1262.65,12626.5,unknown,15/01/2026,,ERP
C10234,Laura Lopez,laura.lopez@example.com,,colombia,Barranquilla,03/04/2026,59,SMB,Monitor,8,1895.42,15163.36,unknown,,,ERP
C10235,Sofia lopez,sofia.lopez@example.com,+573008738351,Unknown,Medellín,24/09/2026,67,Enterprise,Chair,10,214.84,2148.4,Active,N/A,5,ERP
C10236,Ana Lopez,?,null,Unknown,,N/A,52,smb ,Desk,3,165.01,495.03,Active,N/A,3,ERP
C10237,Diego Garcia,diego.garcia@example.com,,Unknown,Bogotá D.C.,09/24/2026,21,Enterprise,Desk,3,1807.48,-5422.44,Active,,2,ERP
C10238,CARLOS Pérez,carlos.pérez@example.com,N/A,N/A,MEDELLIN,2026-09-24,18,smb ,Monitor,9,263.84,2374.56,active,2026-01-15,,ERP
C10239,Luis Perez,luis.perez@example.com,300-123-4558,N/A,bogota,09/24/2026,52,retail,Laptop,3,384.57,1153.71,active,N/A,N/A,ERP
C10240,Juan Lopez,juan.lopez@example.com,300-123-4592,colombia,bogota,not-a-date,73,Enterprise,Laptop,10,1250.26,12502.6,pending,N/A,4,ERP
C10241,Ana Sanchez,?,null,Unknown,,N/A,55,Retail,Mouse,2,1465.27,2930.54,inactive,2026-01-15,N/A,ERP
C10242,CARLOS Garcia,carlos.garcia@example.com,+57 300 693 6119,N/A,Cali,09/24/2026,48,SMB,Keyboard,8,669.71,5357.68,PENDING,2026-01-15,,ERP
C10243,maria Sanchez,maria.sanchez@example.com,300-123-4546,Unknown,bogota,2026-09-24,23,enterprise,LAPTOP,2,562.92,1125.84,PENDING,2026-01-15,4,ERP
C10244,Sofia Lopez,sofia.lopez@example.com,+57 300 596 3962,Unknown,Barranquilla,09/24/2026,79,smb ,Monitor,3,1507.99,4523.97,active,15/01/2026,N/A,ERP
C10245,Luis Garcia,luis.garcia@example.com,300-123-4539,Unknown,CALI,not-a-date,61,Retail,laptop,8,1065.58,8524.64,pending,N/A,N/A,ERP
C10246,Sofia GARCIA,sofia.garcia@example.com,+573005480989,COLOMBIA,MEDELLIN,03/04/2026,59,Retail,Laptop,8,1500.69,12005.52,unknown,15/01/2026,1,ERP
C10247,Juan GARCIA,juan.garcia@example.com,3004681195,Colombia,Cali,24/09/2026,20,retail,Chair,2,1192.34,2384.68,PENDING,2026-01-15,,ERP
C10248,CARLOS Lopez,carlos.lopez@example.com,300-123-4591,Co,Medellin,2026/09/24,77,RETAIL,Laptop,7,1338.48,9369.36,ACTIVE,2026-01-15,,ERP
C10249,Luis Lopez,luis.lopez@example.com,3003993762,Co,Bogota,24/09/2026,52,Enterprise,LAPTOP,4,221.44,885.76,PENDING,N/A,N/A,ERP
C10250,Juan Perez,juan.perez@example.com,,N/A,Cartagena,2026-09-24,78,Enterprise,laptop,8,1689.66,13517.28,pending,,5,ERP
C10251,Sofia Pérez,sofia.pérez@example.com,+57 300 747 2485,N/A,Barranquilla,not-a-date,71,RETAIL,Desk,5,N/A,1807.35,active,2026-01-15,N/A,ERP
C10252,Laura Martinez,laura.martinez@example.com,N/A,Co,Bogotá,03/04/2026,59,retail,Desk,9,1625.44,14628.96,PENDING,2026-01-15,,ERP
C10253, JUAN  Lopez,juan.lopez@example.com,+57 300 173 1604,Co,Cali,2026/09/24,48,retail,laptop,10,1405.58,14055.8,unknown,2026-01-15,,ERP
C10254,Maria Garcia,maria.garcia@example.com,,COLOMBIA,Bogotá,2026-09-24,61,Retail,Keyboard,2,1156.17,2312.34,Active,15/01/2026,,ERP
C10255,Diego Lopez,diego.lopez@example.com,,N/A,Cartagena,2026/09/24,57,smb ,Desk,-1,$170.64,170.64,PENDING,,2,ERP
C10256,Ana Lopez,ana.lopez@example.com,3003928445,Unknown,Bogota DC,24/09/2026,63,smb ,Mouse,2,1567.34,-3134.68,inactive,2026-01-15,,ERP
C10001,CARLOS Martinez,carlos.martinez@example.com,3008959326,Colombia,Barranquilla,N/A,60,Retail,LAPTOP,1,577.28,577.28,Active,2026-01-15,,ERP
C10258,Juan lopez,juan.lopez@example.com,,Colombia,Medellín,not-a-date,61,enterprise,Desk,4,659.0,2636.0,active,15/01/2026,4,ERP
C10259,Carlos Martinez,carlos.martinez@example.com,,Co,bogota,N/A,40,smb ,Monitor,4,73.87,295.48,Active,,3,ERP
C10260,maria Lopez,maria.lopez@example.com,N/A,COLOMBIA,Medellin,September 24 2026,49,enterprise,Mouse,4,1675.61,6702.44,pending,15/01/2026,2,ERP
C10261,maria Perez,?,null,COLOMBIA,,September 24 2026,48,retail,laptop,2,488.62,-977.24,active,15/01/2026,4,ERP
C10262,CARLOS Sanchez,carlos.sanchez@example.com,,Co,Cartagena,2026-09-24,43,RETAIL,Mouse,6,"$1,410.77",8464.62,unknown,N/A,N/A,ERP
C10263,Maria Pérez,MARIA.PÉREZ@EXAMPLE.COM,+573002861709,colombia,MEDELLIN,09/24/2026,47,Retail,Desk,6,1299.86,7799.16,PENDING,N/A,,ERP
C10264,maria Martinez,maria.martinez@example.com,300-123-4597,Unknown,Bogota DC,2026/09/24,35,smb ,laptop,6,977.59,5865.54,Active,,4,ERP
C10265,Maria Garcia,maria.garcia@example.com,,COLOMBIA,Medellin,09/24/2026,27,Enterprise,Laptop,4,1258.28,5033.12,ACTIVE,,2,ERP
C10266,Maria Perez,maria.perez@example.com,,COLOMBIA,BOGOTA,2026/09/24,68,Enterprise,Monitor,10,1065.03,10650.3,ACTIVE,15/01/2026,,ERP
C10267,Juan Lopez,juan.lopez@example.com,3009981123,colombia,MEDELLIN,03/04/2026,71,SMB,Laptop,3,242.67,728.01,PENDING,15/01/2026,3,ERP
C10268,Sofia Lopez,sofia.lopez@example.com,300-123-4513,Co,Bogotá D.C.,03/04/2026,77,smb ,LAPTOP,3,1856.34,5569.02,unknown,N/A,5,ERP
C10269,Laura Pérez,laura.pérez@example.com,300-123-4513,Colombia,Bogotá,2026/09/24,57,enterprise,Desk,8,659.47,5275.76,PENDING,15/01/2026,N/A,ERP
C10001,Maria GARCIA,maria.garcia@example.com,3001940322,N/A,Medellín,24/09/2026,63,SMB,Chair,6,34.26,205.56,unknown,15/01/2026,4,ERP
C10271,Luis Lopez,luis.lopez@example.com,3003341557,Co,bogota,not-a-date,37,enterprise,Desk,9,141.57,1274.13,PENDING,N/A,5,ERP
C10272,Carlos Martinez,carlos.martinez@example.com,+573006066600,N/A,CALI,N/A,49,RETAIL,Chair,8,1584.53,12676.24,Active,2026-01-15,4,ERP
C10273,  CARLOS Martinez  ,carlos.martinez@example.com,300-123-4582,Unknown,Bogota,2026/09/24,73,retail,Monitor,8,1638.38,13107.04,inactive,15/01/2026,N/A,ERP
C10274,Carlos Pérez,carlos.pérez@example.com,N/A,N/A,Cartagena,03/04/2026,58,RETAIL,Keyboard,9,1259.78,11338.02,PENDING,N/A,N/A,ERP
C10275,Sofia Garcia,sofia.garcia@example.com,+573009693462,Co,Bogotá,24/09/2026,67,Retail,LAPTOP,6,334.43,2006.58,active,,4,ERP
C10276,Sofia Sanchez,sofia.sanchez@example.com,+57 300 552 9570,N/A,Cartagena,24/09/2026,65,smb ,laptop,4,1391.55,5566.2,active,,1,ERP
C10277,Laura GARCIA,laura.garcia@example.com,+573008869895,Colombia,Bogotá,09/24/2026,20,retail,Keyboard,1,1566.92,1566.92,pending,N/A,3,ERP
C10278,Sofia Lopez,sofia.lopez@example.com,N/A,COLOMBIA,Barranquilla,September 24 2026,-5,enterprise,LAPTOP,4,351.83,-1407.32,inactive,,N/A,ERP
C10279,Maria Lopez,maria.lopez@example.com,+57 300 534 4510,COLOMBIA,Medellín,2026-09-24,66,Retail,Chair,2,1044.26,2088.52,ACTIVE,2026-01-15,4,ERP
C10280,maria Sanchez,maria.sanchez@example.com,+57 300 331 7672,colombia,Medellin,24/09/2026,75,Enterprise,laptop,8,N/A,5929.68,PENDING,2026-01-15,2,ERP
C10281,Maria Pérez,maria.pérez@example.com,,Unknown,Bogotá D.C.,not-a-date,49,retail,Desk,10,1515.04,15150.4,active,,1,ERP
C10282,Luis lopez,luis.lopez@example.com,300-123-4518,Co,BOGOTA,24/09/2026,61,RETAIL,Desk,3,1361.62,4084.86,inactive,,5,ERP
C10283,Luis Pérez,luis.pérez@example.com,300-123-4559,Co,bogota,09/24/2026,38,RETAIL,Chair,8,75.39,603.12,inactive,,,ERP
C10284,Maria lopez,maria.lopez@example.com,+57 300 685 8697,colombia,Bogota DC,2026-09-24,43,RETAIL,Laptop,10,1237.71,12377.1,unknown,2026-01-15,N/A,ERP
C10285,Sofia GARCIA,sofia.garcia@example.com,3006893320,Co,CALI,03/04/2026,33,smb ,Chair,5,"1821,67",9108.35,pending,2026-01-15,5,ERP
C10286,  Diego Sanchez  ,diego.sanchez@example.com,N/A,COLOMBIA,Medellin,09/24/2026,24,retail,Desk,2,419.76,839.52,PENDING,N/A,,ERP
C10287,Maria Martinez,MARIA.MARTINEZ@EXAMPLE.COM,+57 300 687 7586,Co,CALI,2026/09/24,55,enterprise,Monitor,2,1066.82,2133.64,Active,N/A,4,ERP
C10288,Diego Sanchez,diego.sanchez@example.com,,Unknown,BOGOTA,not-a-date,51,RETAIL,Desk,10,1325.0,13250.0,Active,2026-01-15,2,ERP
C10289,Carlos Sanchez,carlos.sanchez@example.com,+573007919567,Co,MEDELLIN,2026/09/24,59,Enterprise,Chair,10,484.58,4845.8,PENDING,,1,ERP
C10290,Ana Lopez,user@@example.com,+57 300 774 3883,N/A,bogota,24/09/2026,73,retail,laptop,6,1735.67,10414.02,pending,,N/A,ERP
C10291, JUAN  Garcia,juan.garcia@example.com,3005224638,colombia,Bogotá,not-a-date,56,retail,Mouse,6,1172.81,7036.86,ACTIVE,15/01/2026,4,ERP
C10292,Diego Sanchez,DIEGO.SANCHEZ@EXAMPLE.COM,300-123-4579,N/A,CALI,2026-09-24,48,smb ,Laptop,5,1874.57,9372.85,PENDING,2026-01-15,,ERP
C10293,CARLOS Martinez,carlos.martinez@example.com,300-123-4540,N/A,Bogota DC,09/24/2026,200,smb ,Chair,5,1873.28,9366.4,unknown,,1,ERP
C10294,Luis Garcia,luis.garcia@example.com,3006582152,N/A,CALI,2026-09-24,62,retail,Desk,2,1208.21,2416.42,unknown,2026-01-15,N/A,ERP
C10295,Carlos Perez,carlos.perez@example.com,N/A,colombia,CALI,09/24/2026,63,enterprise,Monitor,3,1374.65,4123.95,unknown,N/A,3,ERP
C10296,Ana Garcia,ana.garcia@example.com,N/A,Unknown,Bogotá D.C.,not-a-date,59,retail,laptop,4,1948.51,7794.04,ACTIVE,,2,ERP
C10297,  maria Garcia  ,maria.garcia@example.com,,Co,bogota,2026/09/24,31,Enterprise,LAPTOP,5,993.39,4966.95,active,15/01/2026,3,ERP
C10298,Luis Martinez,luis.martinez@example.com,3002438456,Colombia,Bogota DC,24/09/2026,73,retail,Desk,7,1429.54,10006.78,ACTIVE,2026-01-15,5,ERP
C10299,  CARLOS Perez  ,carlos.perez@example.com,N/A,COLOMBIA,Bogotá,not-a-date,20,RETAIL,Laptop,5,990.75,4953.75,Active,15/01/2026,4,ERP
C10300,Luis Pérez,luis.pérez@example.com,300-123-4550,colombia,Bogota,2026-09-24,75,retail,LAPTOP,8,311.02,2488.16,active,15/01/2026,4,ERP
C10301,Luis Lopez,luis.lopez@example.com,300-123-4581,Unknown,Bogota,2026/09/24,47,enterprise,LAPTOP,3,196.22,588.66,inactive,15/01/2026,1,ERP
C10302,Ana lopez,ana.lopez@example.com,N/A,COLOMBIA,Bogota,2026/09/24,77,SMB,Desk,6,171.32,1027.92,ACTIVE,2026-01-15,N/A,ERP
C10303,maria Lopez,MARIA.LOPEZ@EXAMPLE.COM,N/A,Co,Cartagena,September 24 2026,78,Enterprise,Keyboard,2,364.24,728.48,PENDING,15/01/2026,,ERP
C10304,CARLOS Lopez,carlos.lopez@example.com,+57 300 542 6080,Unknown,bogota,not-a-date,71,Enterprise,Chair,4,1771.97,7087.88,active,N/A,1,ERP
C10305, JUAN  Pérez,juan.pérez@example.com,,Unknown,Medellin,2026/09/24,51,RETAIL,Laptop,8,1815.34,14522.72,pending,15/01/2026,1,ERP
C10306,Juan Garcia,juan.garcia@example.com,+57 300 575 5151,COLOMBIA,Cali,not-a-date,67,SMB,Desk,2,931.13,1862.26,unknown,N/A,N/A,ERP
C10307,Laura Sanchez,laura.sanchez@example.com,,N/A,Barranquilla,N/A,80,enterprise,Desk,2,45.65,-91.3,ACTIVE,,5,ERP
C10308,maria Pérez,maria.pérez@example.com,3006077736,Colombia,Bogotá D.C.,not-a-date,18,smb ,Desk,1,N/A,384.56,Active,15/01/2026,4,ERP
C10309,Diego Perez,diego.perez@example.com,300-123-4512,Co,Barranquilla,not-a-date,55,enterprise,Keyboard,5,"$1,669.34",8346.7,active,,4,ERP
C10310,Diego lopez,diego.lopez@example.com,+57 300 794 8993,N/A,Medellin,03/04/2026,45,Retail,LAPTOP,9,1786.83,16081.47,ACTIVE,,N/A,ERP
C10311,Ana lopez,ana.lopez@example.com,,COLOMBIA,Barranquilla,09/24/2026,63,SMB,laptop,7,1349.48,9446.36,PENDING,15/01/2026,4,ERP
C10312,Carlos Lopez,carlos.lopez@example.com,3009283332,COLOMBIA,Medellin,2026-09-24,53,Retail,Mouse,1,529.01,529.01,active,2026-01-15,5,ERP
C10313,Ana lopez,ana.lopez@example.com,N/A,Unknown,Bogota,24/09/2026,56,enterprise,laptop,1,881.28,881.28,Active,2026-01-15,N/A,ERP
C10314,Maria Martinez,maria.martinez@example.com,3009487536,COLOMBIA,MEDELLIN,N/A,59,retail,laptop,3,411.76,24705.6,ACTIVE,N/A,3,ERP
C10315,Diego Pérez,diego.pérez@example.com,300-123-4527,Colombia,Bogota DC,2026-09-24,44,RETAIL,Chair,8,1037.15,8297.2,unknown,2026-01-15,2,ERP
C10316,Diego Perez,,300-123-4563,Co,CALI,09/24/2026,74,retail,Desk,9,1445.89,13013.01,PENDING,,3,ERP
C10317,CARLOS GARCIA,carlos.garcia@example.com,N/A,COLOMBIA,Barranquilla,2026/09/24,52,Enterprise,laptop,2,631.38,1262.76,PENDING,15/01/2026,1,ERP
C10318,Sofia Sanchez,sofia.sanchez@example.com,,COLOMBIA,Bogotá D.C.,September 24 2026,18,SMB,LAPTOP,4,1978.11,7912.44,PENDING,N/A,4,ERP
C10319, JUAN  Martinez,juan.martinez@example.com,,COLOMBIA,Cali,not-a-date,45,Enterprise,Chair,2,855.52,1711.04,inactive,,N/A,ERP
C10320,Laura GARCIA,laura.garcia@example.com,N/A,Colombia,Bogota DC,not-a-date,25,enterprise,Keyboard,8,1495.53,11964.24,active,2026-01-15,5,ERP
C10321,Carlos Garcia,carlos.garcia@example.com,3009152477,Unknown,Bogota DC,2026-09-24,68,Retail,Laptop,1,617.28,617.28,inactive,2026-01-15,4,ERP
C10001,maria Sanchez,maria.sanchez@example.com,N/A,colombia,Medellin,not-a-date,58,RETAIL,Laptop,8,306.48,2451.84,PENDING,,4,ERP
C10323,Luis Garcia,luis.garcia@example.com,N/A,COLOMBIA,Cartagena,09/24/2026,52,retail,Mouse,1,1048.29,1048.29,unknown,2026-01-15,N/A,ERP
C10324,maria lopez,maria.lopez@example.com,+573009245549,colombia,bogota,09/24/2026,45,RETAIL,laptop,1,641.59,641.59,Active,N/A,3,ERP
C10325,Diego Lopez,diego.lopez@example.com,+57 300 285 1445,Unknown,Cartagena,September 24 2026,38,enterprise,Chair,6,1883.74,11302.44,active,,3,ERP
C10326,Juan Pérez,juan.pérez@example.com,+573004921514,colombia,Bogota DC,24/09/2026,53,enterprise,LAPTOP,2,1113.87,2227.74,unknown,15/01/2026,2,ERP
C10327, JUAN  GARCIA,juan.garcia@example.com,3008795567,Colombia,bogota,September 24 2026,18,SMB,laptop,8,509.27,4074.16,ACTIVE,N/A,1,ERP
C10328,Diego Garcia,diego.garcia@example.com,,Unknown,Bogota DC,September 24 2026,78,Retail,LAPTOP,5,1418.43,7092.15,PENDING,,1,ERP
C10329,  maria lopez  ,missing@,,Colombia,Medellín,09/24/2026,22,RETAIL,Mouse,8,712.46,5699.68,inactive,2026-01-15,1,ERP
C10330,Ana Perez,ana.perez@example.com,,colombia,CALI,September 24 2026,37,Enterprise,laptop,4,992.68,3970.72,unknown,2026-01-15,3,ERP
C10331,maria lopez,maria.lopez@example.com,3002096569,Colombia,Medellin,2026/09/24,34,SMB,Laptop,4,1460.51,5842.04,unknown,,3,ERP
C10332,Diego GARCIA,diego.garcia@example.com,,N/A,Medellin,2026-09-24,32,Retail,Mouse,7,639.32,4475.24,Active,15/01/2026,2,ERP
C10333,Sofia Sanchez,sofia.sanchez@example.com,,Unknown,Cali,September 24 2026,77,Enterprise,laptop,5,952.42,4762.1,PENDING,2026-01-15,4,ERP
C10334,maria Garcia,maria.garcia@example.com,+57 300 134 7183,Colombia,Cali,not-a-date,76,smb ,Chair,1,"$1,256.11",1256.11,Active,,,ERP
C10335,maria Perez,maria.perez@example.com,N/A,Co,Medellín,2026/09/24,39,SMB,Desk,2,1194.4,2388.8,Active,N/A,2,ERP
C10336,Carlos Perez,carlos.perez@example.com,N/A,colombia,MEDELLIN,09/24/2026,67,smb ,Laptop,8,692.37,-5538.96,inactive,2026-01-15,3,ERP
C10337,Ana Martinez,ana.martinez@example.com,,Colombia,Medellín,24/09/2026,80,retail,Laptop,6,1136.53,6819.18,PENDING,,2,ERP
C10338,Ana lopez,ana.lopez@example.com,3007306753,Colombia,BOGOTA,03/04/2026,70,retail,Keyboard,-1,69.74,69.74,Active,2026-01-15,2,ERP
C10339,Luis Lopez,luis.lopez@example.com,+57 300 282 4211,COLOMBIA,CALI,September 24 2026,19,retail,Chair,3,1576.95,4730.85,PENDING,N/A,1,ERP
C10340,Maria Lopez,maria.lopez@example.com,+573007345068,colombia,Bogota,09/24/2026,38,SMB,Keyboard,4,1528.53,6114.12,unknown,N/A,2,ERP
C10341, JUAN  lopez,juan.lopez@example.com,,COLOMBIA,Cali,N/A,66,Enterprise,Laptop,8,366.21,2929.68,Active,,2,ERP
C10342,Ana lopez,ana.lopez@example.com,+573003637534,Co,Medellín,03/04/2026,53,Enterprise,Chair,2,1042.45,2084.9,ACTIVE,,,ERP
C10343,Laura Pérez, user@EXAMPLE.COM ,+573007024579,COLOMBIA,BOGOTA,2026-09-24,71,SMB,Monitor,9,1573.89,14165.01,ACTIVE,15/01/2026,3,ERP
C10344,CARLOS Sanchez,carlos.sanchez@example.com,+573001143174,colombia,BOGOTA,09/24/2026,70,SMB,Mouse,7,1645.5,-11518.5,inactive,,2,ERP
C10345, JUAN  lopez,juan.lopez@example.com,,N/A,Bogota DC,2026-09-24,44,RETAIL,Mouse,8,69.91,559.28,inactive,,4,ERP
C10346,CARLOS GARCIA,carlos.garcia@example.com,3001389899,Co,Bogotá,not-a-date,80,enterprise,Chair,6,1600.3,9601.8,Active,15/01/2026,4,ERP
C10347,Maria Pérez,maria.pérez@example.com,N/A,Colombia,Bogota DC,24/09/2026,29,enterprise,Laptop,10,N/A,3815.2,Active,,3,ERP
C10348,Diego GARCIA,diego.garcia@example.com,3009023722,COLOMBIA,BOGOTA,September 24 2026,26,Retail,LAPTOP,5,1422.25,7111.25,inactive,,1,ERP
C10349,Diego Martinez,diego.martinez@example.com,+573001655733,colombia,bogota,09/24/2026,59,enterprise,Chair,8,1686.85,13494.8,inactive,,4,ERP
C10350,CARLOS Lopez,carlos.lopez@example.com,,Colombia,Cartagena,24/09/2026,52,Retail,Monitor,2,1447.59,2895.18,inactive,N/A,4,ERP
C10351,Carlos Sanchez,CARLOS.SANCHEZ@EXAMPLE.COM,,Co,Bogotá,N/A,43,Retail,Mouse,7,508.71,3560.97,PENDING,,4,ERP
C10352,Carlos lopez,carlos.lopez@example.com,+57 300 274 1295,N/A,MEDELLIN,September 24 2026,52,retail,Desk,3,1529.54,4588.62,PENDING,2026-01-15,1,ERP
C10353,CARLOS Garcia,carlos.garcia@example.com,3001816458,Colombia,Cartagena,24/09/2026,41,smb ,LAPTOP,4,849.15,3396.6,PENDING,15/01/2026,2,ERP
C10354,Juan GARCIA,juan.garcia@example.com,+57 300 430 4105,N/A,Bogotá D.C.,September 24 2026,32,SMB,Monitor,6,39.84,-239.04,active,2026-01-15,1,ERP
C10355,Ana GARCIA,ana.garcia@example.com,N/A,Colombia,Bogota DC,03/04/2026,38,Retail,Desk,7,1945.01,13615.07,inactive,,5,ERP
C10356,CARLOS Martinez,carlos.martinez@example.com,3001355901,colombia,Barranquilla,September 24 2026,65,enterprise,Desk,4,129.25,517.0,PENDING,2026-01-15,3,ERP
C10357,Carlos Sanchez,carlos.sanchez@example.com,3007960756,Unknown,Bogota DC,September 24 2026,72,retail,Desk,6,1083.23,6499.38,PENDING,,1,ERP
C10358,Maria lopez,maria.lopez@example.com,3004426243,colombia,Cali,September 24 2026,55,retail,Keyboard,4,165.55,662.2,ACTIVE,,5,ERP
C10359,Laura Martinez,laura.martinez@example.com,300-123-4531,Colombia,Cartagena,not-a-date,46,RETAIL,LAPTOP,10,1523.05,15230.5,pending,,N/A,ERP
C10360,Carlos Sanchez,carlos.sanchez@example.com,3009067229,Co,Barranquilla,not-a-date,63,RETAIL,Chair,3,18.32,54.96,inactive,,3,ERP
C10361,CARLOS Garcia,not-an-email,,Colombia,Bogota DC,September 24 2026,40,SMB,Laptop,8,N/A,5941.44,PENDING,,N/A,ERP
C10362,CARLOS Lopez,carlos.lopez@example.com,N/A,Co,bogota,24/09/2026,78,smb ,Chair,-2,1292.35,1292.35,ACTIVE,15/01/2026,N/A,ERP
C10363,Luis GARCIA,luis.garcia@example.com,+573006777952,N/A,Bogotá D.C.,not-a-date,65,SMB,Chair,7,22.78,159.46,Active,,2,ERP
C10364,Sofia Lopez,sofia.lopez@example.com,3002849490,Colombia,Bogotá D.C.,24/09/2026,29,Retail,Chair,3,391.85,1175.55,active,15/01/2026,3,ERP
C10365,  Maria Pérez  ,maria.pérez@example.com,+57 300 596 2651,COLOMBIA,Bogota DC,03/04/2026,60,SMB,Monitor,1,"1049,45",1049.45,ACTIVE,,,ERP
C10366,Ana Pérez,ana.pérez@example.com,300-123-4510,Co,Cali,September 24 2026,73,SMB,Desk,3,254.56,763.68,pending,N/A,4,ERP
C10367,  CARLOS Martinez  ,carlos.martinez@example.com,,N/A,Medellin,N/A,38,RETAIL,Mouse,4,806.33,3225.32,PENDING,2026-01-15,2,ERP
C10368, JUAN  Perez,juan.perez@example.com,+57 300 408 9990,COLOMBIA,Medellin,2026-09-24,48,smb ,Keyboard,4,349.16,1396.64,Active,15/01/2026,N/A,ERP
C10369,Luis lopez,luis.lopez@example.com,,colombia,BOGOTA,not-a-date,39,RETAIL,laptop,10,1205.35,12053.5,ACTIVE,,1,ERP
C10370,Maria Garcia,maria.garcia@example.com,300-123-4550,Unknown,CALI,03/04/2026,54,enterprise,Mouse,5,1075.85,5379.25,active,15/01/2026,4,ERP
C10371,Juan lopez,juan.lopez@example.com,N/A,Co,Bogotá D.C.,N/A,36,SMB,Chair,1,624.69,624.69,active,15/01/2026,,ERP
C10372,Sofia Lopez,sofia.lopez@example.com,,Colombia,MEDELLIN,not-a-date,43,SMB,Keyboard,3,1100.41,3301.23,ACTIVE,,N/A,ERP
C10373,Ana GARCIA,ana.garcia@example.com,3006101515,N/A,Cali,2026-09-24,54,Retail,LAPTOP,8,298.2,2385.6,inactive,N/A,4,ERP
C10374,CARLOS Lopez,carlos.lopez@example.com,,N/A,Cartagena,09/24/2026,39,SMB,laptop,3,813.95,2441.85,unknown,,4,ERP
C10375,CARLOS GARCIA,carlos.garcia@example.com,+57 300 476 1190,Co,Medellín,24/09/2026,49,SMB,Chair,9,1177.83,10600.47,ACTIVE,15/01/2026,5,ERP
C10376,Carlos Garcia,carlos.garcia@example.com,+57 300 982 9806,Unknown,Barranquilla,24/09/2026,43,retail,Laptop,9,"$1,064.87",9583.83,pending,15/01/2026,4,ERP
C10377,Sofia Garcia,sofia.garcia@example.com,+57 300 768 3641,Unknown,Cartagena,2026/09/24,80,RETAIL,Desk,5,1093.41,109341.0,Active,2026-01-15,5,ERP
C10378,Laura Pérez,laura.pérez@example.com,+57 300 460 9818,COLOMBIA,bogota,September 24 2026,60,SMB,Chair,4,291.92,1167.68,active,N/A,5,ERP
C10379,Luis Sanchez,luis.sanchez@example.com,300-123-4596,Co,bogota,03/04/2026,78,RETAIL,Chair,9,1262.84,11365.56,inactive,15/01/2026,1,ERP
C10380,maria Martinez,maria.martinez@example.com,,Colombia,Cartagena,September 24 2026,23,Retail,LAPTOP,6,301.2,1807.2,pending,,N/A,ERP
C10381,Luis lopez,luis.lopez@example.com,3005547530,Unknown,bogota,not-a-date,38,RETAIL,Laptop,7,1614.11,11298.77,PENDING,,5,ERP
C10382,Carlos Lopez,carlos.lopez@example.com,N/A,N/A,Bogotá,September 24 2026,44,RETAIL,Chair,3,714.46,2143.38,unknown,N/A,3,ERP
C10383,Maria Garcia,maria.garcia@example.com,N/A,Colombia,Cali,24/09/2026,77,retail,Laptop,1,853.73,853.73,PENDING,,4,ERP
C10384, JUAN  Pérez,juan.pérez@example.com,,Co,Medellin,2026-09-24,77,retail,Monitor,9,357.88,3220.92,active,,3,ERP
C10385,CARLOS Martinez,carlos.martinez@example.com,+573006019373,Unknown,Medellín,2026-09-24,34,Retail,Monitor,10,1846.88,18468.8,active,,5,ERP
C10386,Laura Pérez,laura.pérez@example.com,+57 300 458 4050,Co,Medellin,2026/09/24,45,RETAIL,Keyboard,2,1798.03,71921.2,ACTIVE,15/01/2026,4,ERP
C10387,Carlos Sanchez,carlos.sanchez@example.com,,N/A,BOGOTA,2026-09-24,999,Enterprise,Keyboard,4,576.95,2307.8,active,15/01/2026,4,ERP
C10388,Laura lopez,laura.lopez@example.com,+57 300 432 7551,Co,Medellín,not-a-date,79,RETAIL,Keyboard,1,694.8,694.8,inactive,2026-01-15,1,ERP
C10389,Diego Martinez,diego.martinez@example.com,,Unknown,CALI,09/24/2026,33,SMB,LAPTOP,7,1415.86,9911.02,Active,15/01/2026,1,ERP
C10390,Carlos GARCIA,carlos.garcia@example.com,+57 300 249 7984,COLOMBIA,Bogotá,not-a-date,42,RETAIL,Monitor,5,1960.45,9802.25,ACTIVE,2026-01-15,3,ERP
C10391,Diego Martinez,DIEGO.MARTINEZ@EXAMPLE.COM,+573006396217,N/A,MEDELLIN,24/09/2026,48,smb ,LAPTOP,10,377.83,3778.3,ACTIVE,2026-01-15,3,ERP
C10392,Sofia Pérez,sofia.pérez@example.com,,Unknown,Cali,24/09/2026,65,RETAIL,Keyboard,1,1825.23,1825.23,PENDING,2026-01-15,4,ERP
C10393,Ana Lopez,ana.lopez@example.com,,COLOMBIA,Bogota,2026/09/24,63,enterprise,Laptop,7,843.82,5906.74,unknown,15/01/2026,N/A,ERP
C10394,Ana GARCIA,ana.garcia@example.com,300-123-4575,COLOMBIA,BOGOTA,N/A,53,RETAIL,Keyboard,7,421.78,59049.2,pending,N/A,1,ERP
C10395,Carlos Martinez,carlos.martinez@example.com,+57 300 140 3427,N/A,bogota,24/09/2026,59,Enterprise,Keyboard,4,12.79,51.16,ACTIVE,N/A,1,ERP
C10396,CARLOS Perez,carlos.perez@example.com,,colombia,Bogota DC,September 24 2026,80,RETAIL,Mouse,10,1494.08,14940.8,pending,,N/A,ERP
C10397,Diego Lopez,diego.lopez@example.com,300-123-4521,Co,CALI,09/24/2026,29,enterprise,Mouse,3,986.13,2958.39,active,15/01/2026,2,ERP
C10398,Maria GARCIA,maria.garcia@example.com,N/A,colombia,CALI,24/09/2026,24,enterprise,Laptop,1,36.97,36.97,unknown,N/A,1,ERP
C10399,Maria Pérez,maria.pérez@example.com,+573003737109,Unknown,Medellin,2026/09/24,48,retail,Laptop,1,542.24,542.24,Active,2026-01-15,1,ERP
C10400,Ana GARCIA,ana.garcia@example.com,3007454929,colombia,Medellin,2026-09-24,25,enterprise,Monitor,5,1235.24,6176.2,pending,15/01/2026,2,ERP
C10401,CARLOS GARCIA,carlos.garcia@example.com,300-123-4544,colombia,Medellin,09/24/2026,60,Enterprise,Desk,5,"$1,425.50",7127.5,unknown,N/A,1,ERP
C10402,Maria GARCIA,maria.garcia@example.com,+573004051311,Co,MEDELLIN,September 24 2026,38,Enterprise,Desk,8,833.75,6670.0,pending,,5,ERP
C10403,Ana GARCIA,ana.garcia@example.com,+57 300 639 4593,COLOMBIA,Medellín,03/04/2026,31,retail,Chair,1,953.11,953.11,Active,15/01/2026,2,ERP
C10404,Ana Perez,ana.perez@example.com,300-123-4599,Colombia,BOGOTA,03/04/2026,41,Retail,Laptop,2,156.8,313.6,pending,15/01/2026,,ERP
C10405,Diego Lopez,diego.lopez@example.com,,Co,Medellin,09/24/2026,39,SMB,Desk,1,320.22,320.22,pending,2026-01-15,N/A,ERP
C10406,Luis Sanchez,luis.sanchez@example.com,3002542438,Co,Bogota DC,24/09/2026,65,SMB,Chair,10,790.66,7906.6,unknown,,4,ERP
C10407,Carlos Perez,carlos.perez@example.com,+573002751542,Unknown,BOGOTA,2026/09/24,56,SMB,Laptop,6,571.59,3429.54,Active,15/01/2026,3,ERP
C10408,Maria Perez,maria.perez@example.com,+57 300 146 1787,COLOMBIA,Medellin,09/24/2026,80,SMB,laptop,5,1005.43,5027.15,pending,2026-01-15,,ERP
C10409,Carlos Perez,carlos.perez@example.com,,Co,Cartagena,09/24/2026,47,retail,Monitor,2,470.82,941.64,ACTIVE,N/A,3,ERP
C10410,maria GARCIA,maria.garcia@example.com,N/A,Colombia,Medellín,24/09/2026,22,RETAIL,LAPTOP,10,1000.07,10000.7,ACTIVE,,2,ERP
C10411,Maria Sanchez,maria.sanchez@example.com,+573005327583,Co,Bogota DC,not-a-date,66,enterprise,Monitor,3,1943.64,5830.92,ACTIVE,15/01/2026,1,ERP
C10412,CARLOS GARCIA,carlos.garcia@example.com,N/A,COLOMBIA,Medellín,N/A,18,Enterprise,Desk,2,324.83,649.66,active,2026-01-15,1,ERP
C10413,Carlos Garcia,carlos.garcia@example.com,+57 300 886 8096,colombia,CALI,09/24/2026,38,retail,Monitor,10,1407.56,14075.6,pending,,1,ERP
C10414,maria GARCIA,maria.garcia@example.com,3008942495,Co,MEDELLIN,2026/09/24,73,retail,Keyboard,7,1275.02,8925.14,Active,,,ERP
C10415,Juan Garcia,juan.garcia@example.com,300-123-4554,N/A,CALI,September 24 2026,48,enterprise,LAPTOP,3,879.2,2637.6,ACTIVE,2026-01-15,N/A,ERP
C10416,Sofia Perez,sofia.perez@example.com,300-123-4596,colombia,Barranquilla,24/09/2026,34,retail,Chair,1,1887.21,1887.21,PENDING,2026-01-15,5,ERP
C10417,Carlos GARCIA,carlos.garcia@example.com,+573007103458,Colombia,bogota,not-a-date,75,Enterprise,Chair,2,1301.33,2602.66,ACTIVE,N/A,2,ERP
C10418, JUAN  Lopez,juan.lopez@example.com,+57 300 965 8167,N/A,Bogotá D.C.,N/A,23,smb ,Chair,10,216.31,2163.1,Active,2026-01-15,2,ERP
C10419,Laura GARCIA,laura.garcia@example.com,,N/A,BOGOTA,2026/09/24,68,Retail,Chair,1,1566.57,1566.57,active,,1,ERP
C10420,Juan Lopez,juan.lopez@example.com,300-123-4583,N/A,bogota,09/24/2026,33,Enterprise,Monitor,7,1292.42,9046.94,pending,,2,ERP
C10421,Diego Martinez,diego.martinez@example.com,3007576872,Colombia,Barranquilla,24/09/2026,78,SMB,LAPTOP,2,880.47,1760.94,inactive,,N/A,ERP
C10422,CARLOS Pérez,carlos.pérez@example.com,,Co,Cali,24/09/2026,67,Retail,laptop,7,1321.92,9253.44,Active,2026-01-15,3,ERP
C10423,Luis Lopez,luis.lopez@example.com,+57 300 470 4407,COLOMBIA,Bogota,09/24/2026,44,retail,Laptop,2,845.62,1691.24,active,15/01/2026,3,ERP
C10424,Sofia lopez,sofia.lopez@example.com,3009753488,colombia,BOGOTA,2026-09-24,56,Retail,LAPTOP,1,1524.31,1524.31,ACTIVE,N/A,3,ERP
C10425,Laura Martinez,laura.martinez@example.com,N/A,colombia,Cartagena,24/09/2026,78,retail,Desk,4,403.77,1615.08,inactive,N/A,4,ERP
C10426,Diego Sanchez,diego.sanchez@example.com,+573004350758,Colombia,Bogotá,03/04/2026,41,retail,Monitor,2,1780.0,3560.0,inactive,,,ERP
C10427,Carlos Pérez,carlos.pérez@example.com,+57 300 480 7094,Unknown,BOGOTA,2026/09/24,38,Retail,Keyboard,6,1139.26,6835.56,PENDING,15/01/2026,5,ERP
C10428,CARLOS Garcia,carlos.garcia@example.com,3006331518,Unknown,Bogota,not-a-date,21,RETAIL,Laptop,8,556.09,4448.72,PENDING,15/01/2026,,ERP
C10429,maria Perez,maria.perez@example.com,+57 300 961 7599,Colombia,MEDELLIN,03/04/2026,39,smb ,Monitor,2,1661.4,3322.8,inactive,,5,ERP
C10430,Juan GARCIA,juan.garcia@example.com,3007273103,Unknown,Bogota,September 24 2026,21,SMB,Laptop,3,652.49,1957.47,ACTIVE,N/A,,ERP
C10431,Juan Garcia,juan.garcia@example.com,3007367900,N/A,Bogotá,not-a-date,77,enterprise,Mouse,8,645.47,5163.76,pending,,4,ERP
C10432,CARLOS lopez,carlos.lopez@example.com,+573002540137,Colombia,BOGOTA,24/09/2026,63,Retail,Mouse,9,492.33,4430.97,inactive,,,ERP
C10433,Diego Martinez,diego.martinez@example.com,,colombia,Bogotá,September 24 2026,47,RETAIL,Chair,9,268.82,2419.38,Active,,N/A,ERP
C10434,Luis Garcia,luis.garcia@example.com,3005035968,Unknown,Medellin,09/24/2026,35,enterprise,Monitor,9,538.5,4846.5,active,,4,ERP
C10435,Luis Pérez,luis.pérez@example.com,300-123-4534,Colombia,Bogota,24/09/2026,29,Retail,Keyboard,9,1042.05,9378.45,Active,15/01/2026,1,ERP
C10436, JUAN  Garcia,juan.garcia@example.com,3007575126,Colombia,bogota,2026/09/24,64,enterprise,Desk,5,350.35,1751.75,PENDING,2026-01-15,3,ERP
C10437,Ana Lopez,ana.lopez@example.com,,colombia,Medellín,2026-09-24,48,Retail,Laptop,1,$535.03,535.03,unknown,,1,ERP
C10438,maria Sanchez,maria.sanchez@example.com,,N/A,Bogota DC,03/04/2026,39,enterprise,Desk,6,522.11,3132.66,active,N/A,3,ERP
C10439,CARLOS Perez,carlos.perez@example.com,3006992727,Unknown,bogota,2026/09/24,54,RETAIL,Monitor,7,1491.29,10439.03,ACTIVE,,4,ERP
C10440,maria GARCIA,maria.garcia@example.com,+57 300 295 1673,N/A,bogota,09/24/2026,45,enterprise,Keyboard,10,1586.76,15867.6,pending,,5,ERP
C10441,CARLOS Lopez,carlos.lopez@example.com,3001261597,COLOMBIA,Bogotá D.C.,2026/09/24,36,smb ,LAPTOP,2,618.58,24743.2,active,15/01/2026,N/A,ERP
C10442,Luis Lopez,luis.lopez@example.com,300-123-4514,Unknown,Medellin,2026/09/24,77,SMB,Monitor,7,1934.14,13538.98,unknown,15/01/2026,5,ERP
C10443,Carlos Martinez,carlos.martinez@example.com,N/A,Co,Bogota DC,03/04/2026,77,Enterprise,Desk,9,1566.99,14102.91,inactive,N/A,4,ERP
C10444,Laura Perez, user@EXAMPLE.COM ,N/A,Colombia,Bogotá,N/A,41,Retail,Keyboard,9,N/A,15811.47,unknown,,N/A,ERP
C10445,Maria Pérez,maria.pérez@example.com,,N/A,Bogotá D.C.,09/24/2026,55,SMB,Laptop,1,1037.37,1037.37,unknown,N/A,4,ERP
C10446,maria Martinez,N/A,+57 300 223 9516,Unknown,CALI,September 24 2026,48,Enterprise,laptop,9,120.75,1086.75,inactive,N/A,2,ERP
C10447,CARLOS Perez,carlos.perez@example.com,N/A,Co,Medellin,not-a-date,30,smb ,Chair,5,209.04,1045.2,Active,2026-01-15,1,ERP
C10448,Luis lopez,luis.lopez@example.com,+573008457126,Unknown,Bogotá,03/04/2026,79,retail,LAPTOP,8,1963.69,15709.52,ACTIVE,,N/A,ERP
C10449,maria Pérez,maria.pérez@example.com,,N/A,Bogota DC,2026/09/24,48,enterprise,Monitor,8,368.95,2951.6,pending,15/01/2026,5,ERP
C10450,Diego Garcia,diego.garcia@example.com,,Co,Bogotá,09/24/2026,48,Retail,Keyboard,4,1619.03,6476.12,active,,1,ERP
C10451,Maria lopez,maria.lopez@example.com,,Unknown,Cartagena,09/24/2026,46,smb ,Mouse,10,399.48,3994.8,active,,5,ERP
C10452,Juan Garcia,juan.garcia@example.com,3007845563,Co,Medellin,09/24/2026,61,SMB,Chair,9,1666.48,14998.32,unknown,2026-01-15,1,ERP
C10453,maria Garcia,maria.garcia@example.com,N/A,Colombia,MEDELLIN,09/24/2026,52,enterprise,Mouse,4,586.89,2347.56,unknown,N/A,5,ERP
C10454,maria Sanchez,MARIA.SANCHEZ@EXAMPLE.COM,+57 300 814 2816,Co,Bogotá,2026-09-24,20,smb ,Laptop,5,1777.18,8885.9,ACTIVE,15/01/2026,1,ERP
C10455,Diego Garcia,diego.garcia@example.com,300-123-4514,colombia,MEDELLIN,2026-09-24,50,enterprise,Chair,6,613.8,3682.8,PENDING,2026-01-15,N/A,ERP
C10456,Juan lopez,juan.lopez@example.com,3008209482,Unknown,Bogota,September 24 2026,25,retail,Chair,10,741.74,7417.4,PENDING,2026-01-15,,ERP
C10457, JUAN  Perez,,300-123-4526,N/A,Bogotá,N/A,29,Retail,Keyboard,6,1313.87,7883.22,pending,2026-01-15,2,ERP
C10458,Laura Pérez,laura.pérez@example.com,3007156124,colombia,bogota,2026/09/24,51,smb ,Mouse,6,N/A,6071.16,ACTIVE,2026-01-15,N/A,ERP
C10459, JUAN  Martinez,juan.martinez@example.com,300-123-4599,COLOMBIA,Cali,24/09/2026,59,Enterprise,Desk,2,1674.29,3348.58,active,2026-01-15,,ERP
C10460,Diego GARCIA,diego.garcia@example.com,,Colombia,Bogota DC,2026/09/24,37,SMB,Chair,6,1821.01,10926.06,unknown,15/01/2026,4,ERP
C10461,Juan Garcia,juan.garcia@example.com,N/A,N/A,Bogotá D.C.,2026-09-24,64,Retail,Mouse,9,1921.01,17289.09,unknown,N/A,5,ERP
C10462,Luis Pérez,user@@example.com,+573001207016,Co,Bogota,N/A,54,enterprise,laptop,5,$893.18,4465.9,ACTIVE,15/01/2026,5,ERP
C10463, JUAN  Pérez,juan.pérez@example.com,3005354372,Colombia,MEDELLIN,N/A,58,SMB,Mouse,10,473.02,4730.2,active,N/A,N/A,ERP
C10464,  Luis Sanchez  ,luis.sanchez@example.com,+57 300 969 6789,N/A,Medellin,not-a-date,22,RETAIL,LAPTOP,2,481.59,963.18,active,2026-01-15,3,ERP
C10465,maria Pérez,maria.pérez@example.com,+57 300 767 7139,Co,Cali,03/04/2026,28,Retail,LAPTOP,5,1824.63,9123.15,inactive,15/01/2026,,ERP
C10466,CARLOS Garcia,carlos.garcia@example.com,+57 300 329 9249,COLOMBIA,BOGOTA,03/04/2026,56,Enterprise,Monitor,9,640.71,5766.39,PENDING,15/01/2026,1,ERP
C10467,Ana lopez,ana.lopez@example.com,+573009483289,N/A,Cali,September 24 2026,59,SMB,LAPTOP,4,843.51,3374.04,pending,,3,ERP
C10468,Luis Pérez,luis.pérez@example.com,3003489714,Colombia,Medellin,24/09/2026,75,Retail,LAPTOP,-2,843.06,843.06,active,15/01/2026,2,ERP
C10469, JUAN  GARCIA,juan.garcia@example.com,+573002996986,N/A,Medellin,not-a-date,55,RETAIL,Desk,2,100.02,200.04,PENDING,,2,ERP
C10470,Carlos Garcia,N/A,3007364849,COLOMBIA,Medellin,not-a-date,50,RETAIL,LAPTOP,5,202.83,1014.15,Active,N/A,1,ERP
C10471,Ana GARCIA,ana.garcia@example.com,3002668771,N/A,Bogotá D.C.,24/09/2026,25,retail,laptop,8,1771.84,14174.72,Active,15/01/2026,5,ERP
C10472,   JUAN  Lopez  ,juan.lopez@example.com,+57 300 652 9813,Co,Medellín,24/09/2026,41,RETAIL,laptop,10,895.2,8952.0,unknown,,2,ERP
C10473,Luis Garcia,luis.garcia@example.com,N/A,colombia,MEDELLIN,24/09/2026,39,SMB,Laptop,9,157.44,1416.96,PENDING,N/A,N/A,ERP
C10474,Juan Martinez,juan.martinez@example.com,300-123-4529,Co,Bogotá,September 24 2026,70,Enterprise,Mouse,8,405.16,3241.28,PENDING,2026-01-15,2,ERP
C10475,Juan GARCIA,juan.garcia@example.com,,COLOMBIA,Bogotá,03/04/2026,79,retail,laptop,5,1751.33,8756.65,unknown,,,ERP
C10476,Luis GARCIA,luis.garcia@example.com,+573003956052,Colombia,Bogotá D.C.,not-a-date,60,RETAIL,Mouse,7,1549.63,10847.41,unknown,15/01/2026,,ERP
C10477,Diego Perez,diego.perez@example.com,300-123-4566,Unknown,bogota,not-a-date,43,enterprise,Mouse,1,1459.09,1459.09,unknown,15/01/2026,N/A,ERP
C10478,Maria Pérez,maria.pérez@example.com,+573002514189,COLOMBIA,Cartagena,not-a-date,67,retail,Monitor,2,1042.11,2084.22,ACTIVE,15/01/2026,4,ERP
C10479,Ana Martinez,not-an-email,300-123-4560,colombia,Barranquilla,not-a-date,20,RETAIL,laptop,5,1266.8,6334.0,active,,1,ERP
C10480,   JUAN  GARCIA  ,juan.garcia@example.com,N/A,COLOMBIA,Medellin,N/A,72,Retail,Mouse,6,1489.53,8937.18,inactive,,5,ERP
C10481,Luis lopez,luis.lopez@example.com,,Co,Cali,N/A,43,Retail,Keyboard,9,910.02,8190.18,ACTIVE,N/A,2,ERP
C10482,CARLOS Garcia,carlos.garcia@example.com,300-123-4528,colombia,Bogota,2026/09/24,57,RETAIL,Chair,9,1137.61,10238.49,unknown,N/A,1,ERP
C10483,Luis Martinez,luis.martinez@example.com,300-123-4551,Colombia,bogota,not-a-date,63,enterprise,laptop,9,1985.58,17870.22,Active,15/01/2026,2,ERP
C10484,Laura Garcia,laura.garcia@example.com,300-123-4580,colombia,Bogotá D.C.,03/04/2026,-5,enterprise,Mouse,7,1442.69,10098.83,unknown,15/01/2026,5,ERP
C10485,Sofia Sanchez,sofia.sanchez@example.com,+57 300 438 3217,Colombia,Bogota,N/A,38,enterprise,Desk,3,1986.69,5960.07,pending,N/A,2,ERP
C10486,Maria Pérez,maria.pérez@example.com,300-123-4546,Colombia,Barranquilla,24/09/2026,55,retail,Keyboard,6,812.5,4875.0,Active,15/01/2026,3,ERP
C10487,maria Garcia,maria.garcia@example.com,,Colombia,Bogota DC,09/24/2026,76,Retail,Laptop,-2,1978.28,1978.28,Active,,5,ERP
C10488,Laura GARCIA,laura.garcia@example.com,300-123-4558,Co,MEDELLIN,2026/09/24,63,Enterprise,Desk,5,640.77,3203.85,PENDING,15/01/2026,,ERP
C10489,Luis Garcia,luis.garcia@example.com,,Co,Bogota DC,2026-09-24,40,enterprise,Mouse,4,1753.83,7015.32,active,15/01/2026,5,ERP
C10490,Luis Pérez,luis.pérez@example.com,,Unknown,CALI,2026-09-24,35,Enterprise,Desk,7,1394.04,9758.28,Active,,4,ERP
C10491,CARLOS Garcia,,+57 300 256 3898,N/A,Bogota DC,2026-09-24,21,SMB,LAPTOP,1,1717.2,1717.2,pending,N/A,N/A,ERP
C10492,Sofia Perez,sofia.perez@example.com,3002089762,COLOMBIA,MEDELLIN,2026-09-24,64,RETAIL,laptop,3,558.3,1674.9,ACTIVE,N/A,4,ERP
C10493,maria Garcia,maria.garcia@example.com,+573002449847,N/A,CALI,September 24 2026,55,smb ,Mouse,1,1579.59,1579.59,PENDING,N/A,,ERP
C10494,Carlos Sanchez,carlos.sanchez@example.com,3003355958,N/A,MEDELLIN,03/04/2026,71,Enterprise,LAPTOP,4,596.92,2387.68,active,N/A,,ERP
C10495,maria GARCIA,maria.garcia@example.com,+573005843397,Colombia,Bogotá,N/A,62,enterprise,LAPTOP,9,1590.65,14315.85,inactive,N/A,2,ERP
C10496,Laura Pérez,laura.pérez@example.com,+573002755114,Co,MEDELLIN,2026/09/24,73,retail,Laptop,3,676.08,2028.24,inactive,15/01/2026,,ERP
C10497,maria lopez,maria.lopez@example.com,,Co,Cartagena,24/09/2026,41,RETAIL,Chair,8,607.34,4858.72,pending,,1,ERP
C10498,Carlos Lopez,carlos.lopez@example.com,,Colombia,CALI,09/24/2026,39,retail,Mouse,1,625.45,625.45,Active,,3,ERP
C10499,Luis Garcia,luis.garcia@example.com,N/A,Co,Barranquilla,N/A,72,retail,laptop,1,695.98,695.98,inactive,,2,ERP
C10500,Sofia Lopez,sofia.lopez@example.com,+573009960965,Colombia,CALI,2026-09-24,49,retail,LAPTOP,10,1772.32,17723.2,inactive,,2,ERP
C10501,Juan Martinez,juan.martinez@example.com,+573003529124,Colombia,Bogota DC,24/09/2026,42,SMB,laptop,8,1917.44,15339.52,PENDING,,,ERP
C10502,Diego Perez,diego.perez@example.com,,Co,Barranquilla,N/A,79,RETAIL,Monitor,7,612.88,4290.16,active,N/A,,ERP
C10503,Carlos GARCIA,carlos.garcia@example.com,,Co,Bogota DC,24/09/2026,55,Retail,Monitor,9,1457.98,13121.82,ACTIVE,,4,ERP
C10504,Sofia Sanchez,user@@example.com,300-123-4512,N/A,bogota,24/09/2026,38,SMB,Desk,1,N/A,720.92,inactive,15/01/2026,3,ERP
C10001,Sofia lopez,sofia.lopez@example.com,+573001681842,N/A,Barranquilla,24/09/2026,41,RETAIL,Chair,10,1279.25,12792.5,inactive,N/A,1,ERP
C10506,Carlos Sanchez,carlos.sanchez@example.com,+573004215246,N/A,Barranquilla,not-a-date,37,smb ,LAPTOP,9,495.07,4455.63,ACTIVE,N/A,5,ERP
C10507,CARLOS Perez,carlos.perez@example.com,3005574801,N/A,Bogota DC,September 24 2026,19,retail,laptop,3,930.26,2790.78,pending,2026-01-15,3,ERP
C10508,maria lopez,maria.lopez@example.com,+57 300 436 9871,COLOMBIA,Medellin,09/24/2026,39,Retail,laptop,6,312.04,1872.24,PENDING,,4,ERP
C10509, JUAN  Pérez,juan.pérez@example.com,300-123-4550,Unknown,Barranquilla,2026-09-24,61,Enterprise,Mouse,3,341.8,1025.4,inactive,N/A,5,ERP
C10510,Carlos GARCIA,carlos.garcia@example.com,N/A,Unknown,Bogotá D.C.,September 24 2026,36,RETAIL,Monitor,3,1968.92,5906.76,PENDING,,1,ERP
C10511,CARLOS Pérez,carlos.pérez@example.com,300-123-4546,Unknown,CALI,24/09/2026,28,Enterprise,Chair,3,16.64,49.92,inactive,,2,ERP
C10512,CARLOS Perez,carlos.perez@example.com,+573007858110,colombia,Medellín,not-a-date,57,RETAIL,Mouse,10,1371.88,13718.8,Active,15/01/2026,4,ERP
C10513,Ana Pérez,ana.pérez@example.com,,colombia,Medellín,03/04/2026,56,SMB,laptop,4,1945.88,7783.52,active,15/01/2026,N/A,ERP
C10514,Juan GARCIA,juan.garcia@example.com,,COLOMBIA,Medellin,not-a-date,52,SMB,Desk,10,N/A,10730.0,inactive,2026-01-15,,ERP
C10515,Maria Garcia,maria.garcia@example.com,,COLOMBIA,Bogota DC,N/A,39,RETAIL,Desk,4,428.07,1712.28,ACTIVE,15/01/2026,,ERP
C10516,Laura Sanchez,laura.sanchez@example.com,+57 300 879 3294,N/A,Bogotá D.C.,N/A,32,retail,LAPTOP,10,589.52,5895.2,Active,,5,ERP
C10517,Luis GARCIA,luis.garcia@example.com,+57 300 971 4467,Unknown,MEDELLIN,03/04/2026,34,RETAIL,Monitor,9,1992.27,17930.43,inactive,15/01/2026,,ERP
C10518,Laura Lopez,laura.lopez@example.com,3001238783,N/A,Cartagena,N/A,37,smb ,Mouse,3,1558.25,4674.75,PENDING,2026-01-15,2,ERP
C10519,Sofia Perez,sofia.perez@example.com,N/A,colombia,Barranquilla,09/24/2026,72,SMB,Desk,2,121.39,242.78,Active,15/01/2026,1,ERP
C10520,maria Sanchez,maria.sanchez@example.com,+57 300 294 2043,Co,Bogotá,24/09/2026,31,Enterprise,laptop,10,959.79,9597.9,inactive,15/01/2026,2,ERP
C10521,Maria Martinez,maria.martinez@example.com,3002871060,Unknown,Medellín,09/24/2026,55,enterprise,Keyboard,10,1984.55,19845.5,PENDING,N/A,3,ERP
C10522,Luis Martinez,luis.martinez@example.com,300-123-4533,N/A,CALI,N/A,18,enterprise,LAPTOP,9,N/A,3011.67,Active,N/A,,ERP
C10523,Maria Martinez,maria.martinez@example.com,+573002726662,COLOMBIA,MEDELLIN,09/24/2026,77,Enterprise,Chair,10,654.29,6542.9,unknown,15/01/2026,N/A,ERP
C10524,Luis Martinez,luis.martinez@example.com,+573003432470,Co,Bogota DC,not-a-date,64,SMB,LAPTOP,6,856.34,5138.04,inactive,2026-01-15,,ERP
C10525,Luis Perez,luis.perez@example.com,+573007265873,Colombia,BOGOTA,2026/09/24,45,retail,Monitor,6,1480.64,8883.84,PENDING,2026-01-15,4,ERP
C10526,maria lopez,maria.lopez@example.com,N/A,N/A,Bogotá,N/A,55,RETAIL,Chair,2,691.96,1383.92,unknown,15/01/2026,2,ERP
C10527,Carlos Sanchez,carlos.sanchez@example.com,N/A,N/A,BOGOTA,03/04/2026,70,retail,Monitor,1,1542.11,1542.11,inactive,,2,ERP
C10528,Laura Pérez,laura.pérez@example.com,+57 300 820 5243,Unknown,Medellin,03/04/2026,59,Retail,Monitor,7,1598.21,11187.47,unknown,2026-01-15,5,ERP
C10529,Laura Sanchez,laura.sanchez@example.com,3002545911,Co,Medellín,not-a-date,69,SMB,LAPTOP,2,942.21,1884.42,PENDING,N/A,3,ERP
C10530,Maria Lopez,maria.lopez@example.com,+573007735482,N/A,CALI,03/04/2026,18,retail,Monitor,-2,651.54,651.54,PENDING,,,ERP
C10531,maria Lopez,maria.lopez@example.com,N/A,COLOMBIA,bogota,September 24 2026,78,Enterprise,Keyboard,3,1909.77,5729.31,Active,15/01/2026,2,ERP
C10532,Sofia Perez,sofia.perez@example.com,,colombia,MEDELLIN,24/09/2026,72,enterprise,laptop,7,882.71,6178.97,Active,2026-01-15,,ERP
C10533,Ana Garcia,ana.garcia@example.com,+57 300 466 6191,COLOMBIA,Bogota DC,not-a-date,69,RETAIL,laptop,8,232.86,-1862.88,inactive,2026-01-15,,ERP
C10534,CARLOS Sanchez,carlos.sanchez@example.com,,Colombia,Cali,N/A,59,smb ,Mouse,1,505.51,505.51,unknown,2026-01-15,N/A,ERP
C10535,CARLOS Sanchez,carlos.sanchez@example.com,3003892727,COLOMBIA,Cali,not-a-date,65,RETAIL,Laptop,3,1850.66,5551.98,unknown,N/A,1,ERP
C10536,Sofia Perez,missing@,3007325627,Unknown,Cartagena,N/A,-5,SMB,Laptop,2,141.99,283.98,ACTIVE,15/01/2026,4,ERP
C10537,Laura Sanchez,laura.sanchez@example.com,3009015983,colombia,BOGOTA,2026/09/24,26,RETAIL,LAPTOP,3,293.77,881.31,PENDING,2026-01-15,N/A,ERP
C10538,Luis Pérez,luis.pérez@example.com,+573005474917,colombia,CALI,09/24/2026,45,Retail,Mouse,3,N/A,5609.7,Active,2026-01-15,4,ERP
C10539,Sofia Perez,sofia.perez@example.com,300-123-4537,COLOMBIA,Cartagena,09/24/2026,57,smb ,Desk,8,565.82,4526.56,unknown,N/A,5,ERP
C10540,Laura Garcia,laura.garcia@example.com,,COLOMBIA,Medellín,09/24/2026,19,Enterprise,laptop,3,1950.42,5851.26,unknown,N/A,5,ERP
C10541,Carlos GARCIA,carlos.garcia@example.com,3003377472,N/A,MEDELLIN,03/04/2026,64,retail,Monitor,9,312.02,2808.18,Active,15/01/2026,1,ERP
C10542,CARLOS Lopez,carlos.lopez@example.com,+57 300 331 3491,Colombia,Bogotá,09/24/2026,79,RETAIL,Keyboard,7,1802.9,12620.3,Active,N/A,N/A,ERP
C10543,maria Garcia,maria.garcia@example.com,3003688598,Co,bogota,09/24/2026,59,SMB,Keyboard,10,"1670,31",16703.1,unknown,15/01/2026,3,ERP
C10544,Juan Garcia,juan.garcia@example.com,+57 300 890 8718,COLOMBIA,Bogotá,2026-09-24,52,SMB,Desk,8,1761.65,14093.2,inactive,,5,ERP
C10545,Carlos lopez,carlos.lopez@example.com,300-123-4595,N/A,MEDELLIN,2026/09/24,71,RETAIL,Chair,7,1279.74,8958.18,PENDING,N/A,,ERP
C10546,Luis Pérez,luis.pérez@example.com,N/A,Unknown,Bogotá,not-a-date,45,enterprise,laptop,2,1654.26,3308.52,pending,2026-01-15,1,ERP
C10547,Maria Martinez,maria.martinez@example.com,,colombia,Cali,not-a-date,68,retail,Laptop,8,1050.3,8402.4,PENDING,2026-01-15,3,ERP
C10548,Maria Sanchez,maria.sanchez@example.com,+573007016123,Unknown,Cartagena,09/24/2026,40,smb ,Monitor,4,1569.58,6278.32,PENDING,15/01/2026,4,ERP
C10549,Sofia Lopez,sofia.lopez@example.com,+57 300 441 6763,COLOMBIA,Cartagena,N/A,76,Enterprise,Monitor,7,999.41,6995.87,unknown,N/A,2,ERP
C10550,  Carlos Pérez  ,carlos.pérez@example.com,N/A,Co,bogota,03/04/2026,62,Enterprise,laptop,2,1199.96,2399.92,unknown,N/A,N/A,ERP
C10551,Luis Garcia,luis.garcia@example.com,+573003600666,Unknown,Medellín,September 24 2026,19,smb ,Desk,4,459.41,1837.64,inactive,2026-01-15,5,ERP
C10552, JUAN  Martinez,juan.martinez@example.com,+573005387112,Colombia,Cartagena,September 24 2026,45,enterprise,Desk,4,720.58,2882.32,pending,15/01/2026,3,ERP
C10553,Maria Martinez,maria.martinez@example.com,+57 300 760 4669,Co,Barranquilla,2026-09-24,47,retail,laptop,8,138.67,1109.36,PENDING,N/A,3,ERP
C10554,Maria Sanchez,maria.sanchez@example.com,300-123-4527,Unknown,CALI,not-a-date,31,enterprise,Monitor,5,1352.59,6762.95,unknown,15/01/2026,1,ERP
C10555,maria Perez,maria.perez@example.com,,COLOMBIA,Bogotá,N/A,28,Retail,Chair,4,1549.73,6198.92,pending,2026-01-15,N/A,ERP
C10556,CARLOS GARCIA,carlos.garcia@example.com,+573004070056,Co,Cartagena,24/09/2026,40,Retail,Keyboard,7,1004.37,7030.59,active,N/A,5,ERP
C10557,Juan Perez,juan.perez@example.com,300-123-4551,COLOMBIA,Bogotá,09/24/2026,37,smb ,LAPTOP,10,1720.12,17201.2,pending,15/01/2026,3,ERP
C10558,maria Lopez,maria.lopez@example.com,+57 300 890 3908,N/A,bogota,24/09/2026,57,enterprise,LAPTOP,9,1589.36,14304.24,active,N/A,4,ERP
C10559,Ana Lopez,ana.lopez@example.com,,Co,Cartagena,03/04/2026,53,smb ,laptop,4,486.51,1946.04,unknown,2026-01-15,5,ERP
C10560,Maria Pérez,maria.pérez@example.com,,Colombia,Medellín,24/09/2026,30,Retail,Monitor,3,404.1,1212.3,pending,,4,ERP
C10561,maria GARCIA,maria.garcia@example.com,3001924685,COLOMBIA,Medellin,2026-09-24,78,retail,Monitor,10,1146.84,11468.4,pending,2026-01-15,1,ERP
C10562,CARLOS GARCIA,carlos.garcia@example.com,+57 300 282 9335,Co,BOGOTA,2026-09-24,47,SMB,laptop,4,155.2,620.8,ACTIVE,2026-01-15,1,ERP
C10563,Ana Pérez,ana.pérez@example.com,3007237496,N/A,Barranquilla,2026/09/24,27,RETAIL,Chair,10,1765.07,17650.7,PENDING,15/01/2026,1,ERP
C10564,Diego GARCIA,diego.garcia@example.com,,colombia,MEDELLIN,N/A,43,RETAIL,LAPTOP,8,"$1,382.10",11056.8,PENDING,2026-01-15,3,ERP
C10565,CARLOS GARCIA,carlos.garcia@example.com,3002820194,Colombia,Cartagena,not-a-date,78,SMB,laptop,8,N/A,8330.16,Active,15/01/2026,4,ERP
C10566,maria Pérez,maria.pérez@example.com,,Co,Medellin,September 24 2026,38,retail,Keyboard,1,689.28,689.28,pending,2026-01-15,1,ERP
C10567,Ana Lopez,ana.lopez@example.com,3001424625,N/A,Bogota DC,2026-09-24,56,RETAIL,Laptop,9,1098.78,9889.02,Active,15/01/2026,1,ERP
C10568,  CARLOS Martinez  ,not-an-email,+57 300 933 7349,N/A,BOGOTA,not-a-date,54,SMB,Desk,1,1822.51,1822.51,pending,,3,ERP
C10569,Sofia lopez,sofia.lopez@example.com,+573004755409,Co,Medellin,09/24/2026,58,SMB,Mouse,7,1765.06,12355.42,inactive,2026-01-15,2,ERP
C10570,CARLOS Pérez,carlos.pérez@example.com,300-123-4559,Unknown,Cartagena,03/04/2026,41,smb ,Chair,7,1064.57,7451.99,ACTIVE,,N/A,ERP
C10571,Luis Martinez,luis.martinez@example.com,3006038538,Unknown,CALI,September 24 2026,31,retail,Keyboard,3,1874.87,5624.61,PENDING,,N/A,ERP
C10572,maria Lopez,maria.lopez@example.com,300-123-4550,Colombia,Bogotá,2026-09-24,33,Retail,Laptop,3,978.5,2935.5,unknown,2026-01-15,,ERP
C10573,Juan Pérez,juan.pérez@example.com,+57 300 465 4326,colombia,bogota,24/09/2026,41,Enterprise,laptop,6,1658.23,9949.38,pending,15/01/2026,5,ERP
C10574,Diego Lopez,diego.lopez@example.com,3005184066,Unknown,Cali,03/04/2026,76,retail,Desk,1,768.09,768.09,active,,4,ERP
C10575,CARLOS Pérez,carlos.pérez@example.com,+573003263974,COLOMBIA,Cali,2026/09/24,61,smb ,Desk,3,1870.71,5612.13,active,2026-01-15,5,ERP
C10576,maria GARCIA,maria.garcia@example.com,+57 300 358 4146,N/A,Cartagena,2026-09-24,49,SMB,Desk,3,485.22,1455.66,PENDING,N/A,1,ERP
C10577,Sofia Perez,sofia.perez@example.com,3001322326,N/A,Bogota DC,not-a-date,75,retail,Monitor,7,1347.09,9429.63,PENDING,,3,ERP
C10578, JUAN  Martinez,juan.martinez@example.com,+57 300 560 2389,N/A,Cartagena,2026-09-24,69,RETAIL,laptop,2,362.44,724.88,Active,2026-01-15,5,ERP
C10579,CARLOS lopez,carlos.lopez@example.com,3003046457,N/A,Bogotá,September 24 2026,76,Enterprise,Monitor,2,1439.33,2878.66,PENDING,2026-01-15,5,ERP
C10580,Ana lopez,ana.lopez@example.com,N/A,N/A,Cartagena,September 24 2026,73,Retail,Mouse,8,22.56,180.48,Active,2026-01-15,,ERP
C10581,Sofia Martinez,sofia.martinez@example.com,+573009500251,Colombia,Bogotá,09/24/2026,31,Enterprise,Monitor,6,1065.8,6394.8,PENDING,2026-01-15,1,ERP
C10582,maria GARCIA,maria.garcia@example.com,N/A,COLOMBIA,Barranquilla,03/04/2026,67,smb ,Desk,6,1214.96,7289.76,ACTIVE,,4,ERP
C10583,Luis lopez,luis.lopez@example.com,+573001716378,colombia,bogota,N/A,44,SMB,Chair,8,1594.54,12756.32,inactive,,1,ERP
C10584,Carlos Pérez,carlos.pérez@example.com,,Co,bogota,2026-09-24,75,RETAIL,Keyboard,10,N/A,4418.2,Active,,2,ERP
C10585,Laura lopez,laura.lopez@example.com,+57 300 263 8984,COLOMBIA,CALI,N/A,78,retail,Monitor,8,291.54,2332.32,PENDING,2026-01-15,3,ERP
C10586,CARLOS GARCIA,carlos.garcia@example.com,3006722662,N/A,Medellín,September 24 2026,41,smb ,Keyboard,8,899.69,7197.52,pending,N/A,3,ERP
C10587,maria Pérez,maria.pérez@example.com,N/A,Unknown,Barranquilla,N/A,48,RETAIL,laptop,6,200.21,1201.26,inactive,,4,ERP
C10588,Ana Sanchez,ana.sanchez@example.com,,Unknown,Cali,September 24 2026,18,Retail,Keyboard,10,300.78,3007.8,PENDING,15/01/2026,1,ERP
C10589,Ana Sanchez,ana.sanchez@example.com,3006002580,COLOMBIA,Bogotá,09/24/2026,36,RETAIL,Desk,7,935.23,6546.61,ACTIVE,,2,ERP
C10590,maria lopez,maria.lopez@example.com,N/A,N/A,Bogotá D.C.,03/04/2026,48,RETAIL,Laptop,6,N/A,4537.86,pending,2026-01-15,1,ERP
C10591,Carlos lopez,carlos.lopez@example.com,+57 300 255 2675,N/A,bogota,not-a-date,66,enterprise,laptop,6,831.16,4986.96,unknown,,2,ERP
C10592,Laura Lopez,laura.lopez@example.com,,COLOMBIA,Medellin,09/24/2026,53,smb ,Chair,4,93.93,375.72,active,N/A,5,ERP
C10593,  Luis lopez  ,luis.lopez@example.com,+57 300 524 2113,Unknown,Bogota,September 24 2026,31,SMB,Keyboard,-2,1167.35,1167.35,ACTIVE,15/01/2026,5,ERP
C10594,Sofia GARCIA,sofia.garcia@example.com,+573004284516,Colombia,Bogota,September 24 2026,43,Enterprise,laptop,5,896.63,4483.15,PENDING,15/01/2026,,ERP
C10595,Ana Martinez,ana.martinez@example.com,+57 300 405 4511,colombia,Medellín,09/24/2026,59,SMB,Chair,10,1688.69,16886.9,PENDING,N/A,3,ERP
C10596,Laura GARCIA,laura.garcia@example.com,N/A,Colombia,Bogota,not-a-date,24,RETAIL,Mouse,1,1715.76,1715.76,PENDING,15/01/2026,2,ERP
C10597,Diego Pérez,diego.pérez@example.com,3001587080,Colombia,Bogotá,N/A,34,Retail,Mouse,4,1277.05,5108.2,inactive,15/01/2026,,ERP
C10598,maria Sanchez,maria.sanchez@example.com,300-123-4518,COLOMBIA,Barranquilla,2026-09-24,61,RETAIL,Desk,1,1662.6,1662.6,Active,2026-01-15,,ERP
C10599,Luis Perez,luis.perez@example.com,+57 300 292 4847,Colombia,Cali,2026/09/24,73,RETAIL,Desk,7,1408.86,9862.02,unknown,N/A,4,ERP
C10600, JUAN  Lopez,juan.lopez@example.com,+573006380641,COLOMBIA,Medellin,N/A,44,Retail,Keyboard,7,1967.19,13770.33,Active,,3,ERP
C10601,Sofia lopez,sofia.lopez@example.com,,Colombia,Medellin,September 24 2026,27,Retail,Laptop,9,1492.14,13429.26,pending,,1,ERP
C10602,maria Perez,maria.perez@example.com,+573009207078,colombia,CALI,not-a-date,64,SMB,Desk,6,795.97,4775.82,Active,2026-01-15,,ERP
C10603,Ana Perez,ana.perez@example.com,,COLOMBIA,Bogotá,2026-09-24,78,retail,LAPTOP,7,426.4,2984.8,unknown,2026-01-15,,ERP
C10604,CARLOS Garcia,carlos.garcia@example.com,,Colombia,Medellín,2026-09-24,56,RETAIL,Monitor,7,614.54,4301.78,active,,3,ERP
C10605,Laura GARCIA,laura.garcia@example.com,+57 300 532 6751,Co,Barranquilla,24/09/2026,79,RETAIL,Mouse,2,1092.03,2184.06,pending,,4,ERP
C10606,Juan Pérez,juan.pérez@example.com,+57 300 975 8392,COLOMBIA,Cali,not-a-date,61,Retail,Desk,1,894.42,894.42,Active,2026-01-15,4,ERP
C10607,Luis Lopez,luis.lopez@example.com,300-123-4535,COLOMBIA,CALI,09/24/2026,49,enterprise,Desk,7,1615.54,11308.78,Active,15/01/2026,N/A,ERP
C10608,Laura Garcia,laura.garcia@example.com,,Colombia,Bogotá,not-a-date,45,Retail,Keyboard,9,742.89,6686.01,PENDING,,3,ERP
C10609,Laura GARCIA,laura.garcia@example.com,+57 300 996 3253,Colombia,MEDELLIN,09/24/2026,54,Retail,Mouse,4,1993.08,7972.32,Active,,2,ERP
C10610,Luis Lopez,luis.lopez@example.com,N/A,Co,BOGOTA,N/A,60,Retail,LAPTOP,-2,645.86,645.86,inactive,,5,ERP
C10611,CARLOS Garcia,carlos.garcia@example.com,+57 300 622 3382,COLOMBIA,Cartagena,not-a-date,54,Enterprise,Laptop,7,729.83,5108.81,Active,2026-01-15,N/A,ERP
C10612,Sofia GARCIA,sofia.garcia@example.com,,Unknown,Bogotá,not-a-date,73,SMB,LAPTOP,3,1047.3,3141.9,unknown,2026-01-15,N/A,ERP
C10613,Juan Pérez,juan.pérez@example.com,+573009980691,COLOMBIA,Bogotá,09/24/2026,76,SMB,Desk,8,778.33,6226.64,ACTIVE,,5,ERP
C10614, JUAN  Garcia,juan.garcia@example.com,+573004822558,N/A,CALI,2026/09/24,76,retail,LAPTOP,4,619.63,2478.52,unknown,,,ERP
C10615,Luis Martinez,luis.martinez@example.com,N/A,colombia,Medellin,N/A,29,Enterprise,Keyboard,5,419.41,2097.05,pending,N/A,4,ERP
C10616, JUAN  Pérez,juan.pérez@example.com,+57 300 358 3038,COLOMBIA,Bogota,not-a-date,30,Enterprise,Desk,5,914.97,4574.85,pending,15/01/2026,1,ERP
C10617,Laura GARCIA,laura.garcia@example.com,+57 300 285 3013,Colombia,Bogota DC,2026-09-24,35,enterprise,Keyboard,9,1569.9,14129.1,ACTIVE,2026-01-15,4,ERP
C10618,Ana Martinez,ana.martinez@example.com,+57 300 869 5370,Unknown,Barranquilla,09/24/2026,53,enterprise,Keyboard,4,1933.14,7732.56,unknown,2026-01-15,4,ERP
C10619,Maria Garcia,maria.garcia@example.com,+573003911570,N/A,Medellín,24/09/2026,999,Enterprise,LAPTOP,5,1723.18,8615.9,PENDING,,4,ERP
C10620,  maria GARCIA  ,maria.garcia@example.com,+573009790177,Co,BOGOTA,not-a-date,19,retail,Monitor,10,889.96,8899.6,ACTIVE,15/01/2026,4,ERP
C10621,Luis Martinez,luis.martinez@example.com,,Co,Bogotá D.C.,not-a-date,22,RETAIL,Mouse,1,696.92,696.92,ACTIVE,2026-01-15,3,ERP
C10622,Luis lopez,luis.lopez@example.com,300-123-4514,Co,bogota,24/09/2026,41,RETAIL,LAPTOP,4,1832.54,7330.16,unknown,N/A,4,ERP
C10623,Luis Lopez,luis.lopez@example.com,+57 300 633 2094,Colombia,Cartagena,September 24 2026,54,Retail,Keyboard,3,945.79,2837.37,unknown,2026-01-15,,ERP
C10624,Carlos Garcia,carlos.garcia@example.com,3003562193,colombia,bogota,2026-09-24,-5,retail,Monitor,5,51.23,256.15,pending,,,ERP
C10625,Luis lopez,luis.lopez@example.com,300-123-4518,Unknown,Cali,N/A,200,SMB,Chair,9,1358.28,12224.52,unknown,N/A,3,ERP
C10626, JUAN  GARCIA,juan.garcia@example.com,+573002231734,Co,Cartagena,2026-09-24,71,SMB,LAPTOP,10,771.32,7713.2,inactive,15/01/2026,,ERP
C10627,maria Lopez,maria.lopez@example.com,+573004809627,COLOMBIA,Bogota DC,09/24/2026,49,Retail,Monitor,8,417.34,3338.72,inactive,2026-01-15,4,ERP
C10628,CARLOS GARCIA,carlos.garcia@example.com,+57 300 940 9397,Colombia,MEDELLIN,2026/09/24,40,retail,Monitor,5,340.23,1701.15,active,2026-01-15,4,ERP
C10629,Diego Pérez,diego.pérez@example.com,N/A,Co,Bogota DC,24/09/2026,55,SMB,Desk,8,872.48,6979.84,PENDING,15/01/2026,N/A,ERP
C10630,CARLOS Sanchez,carlos.sanchez@example.com,3007440597,Unknown,Cali,09/24/2026,20,RETAIL,Mouse,1,397.04,397.04,active,,1,ERP
C10631,Carlos Perez,carlos.perez@example.com,300-123-4596,N/A,CALI,2026/09/24,25,RETAIL,LAPTOP,8,692.05,5536.4,PENDING,N/A,N/A,ERP
C10632,maria Sanchez,maria.sanchez@example.com,+573008279187,colombia,MEDELLIN,2026/09/24,39,retail,Mouse,5,1451.31,7256.55,Active,2026-01-15,4,ERP
C10633,Carlos Garcia,carlos.garcia@example.com,+57 300 522 7551,colombia,Medellin,not-a-date,33,Enterprise,Laptop,8,1329.14,10633.12,ACTIVE,,3,ERP
C10634,Maria Sanchez,maria.sanchez@example.com,3004590803,colombia,MEDELLIN,24/09/2026,36,Enterprise,Desk,3,1199.98,3599.94,active,2026-01-15,,ERP
C10635,CARLOS Lopez,missing@,,Unknown,Bogota,24/09/2026,76,smb ,Mouse,6,184.17,1105.02,unknown,2026-01-15,2,ERP
C10636,Diego lopez,diego.lopez@example.com,+57 300 730 9619,Co,Bogota DC,2026/09/24,47,SMB,LAPTOP,5,1554.39,7771.95,PENDING,2026-01-15,4,ERP
C10637,Laura Pérez,laura.pérez@example.com,,N/A,Bogotá,09/24/2026,38,RETAIL,Monitor,8,$318.89,2551.12,PENDING,15/01/2026,3,ERP
C10638,maria Martinez,maria.martinez@example.com,+57 300 225 5956,N/A,Medellin,N/A,41,smb ,Monitor,4,107.34,429.36,inactive,,2,ERP
C10639,Sofia GARCIA,sofia.garcia@example.com,300-123-4542,Co,Bogota,September 24 2026,23,smb ,Laptop,6,1769.6,10617.6,PENDING,15/01/2026,3,ERP
C10640,Sofia Pérez,sofia.pérez@example.com,+573004541028,N/A,Cartagena,September 24 2026,61,Retail,Desk,9,787.47,7087.23,PENDING,,5,ERP
C10641, JUAN  Sanchez,juan.sanchez@example.com,N/A,Unknown,BOGOTA,September 24 2026,58,Enterprise,Keyboard,2,1757.69,3515.38,ACTIVE,N/A,N/A,ERP
C10642,Juan Martinez,juan.martinez@example.com,+57 300 504 5347,Unknown,Barranquilla,not-a-date,32,smb ,Keyboard,8,$14.48,115.84,unknown,2026-01-15,5,ERP
C10643,CARLOS Perez,carlos.perez@example.com,N/A,Colombia,bogota,N/A,64,SMB,Keyboard,9,38.28,344.52,Active,2026-01-15,N/A,ERP
C10644,Luis Sanchez,luis.sanchez@example.com,+573002637528,colombia,Bogotá,24/09/2026,52,smb ,Desk,2,319.58,639.16,ACTIVE,N/A,1,ERP
C10645, JUAN  lopez,juan.lopez@example.com,+573006977035,Unknown,Barranquilla,03/04/2026,29,enterprise,Mouse,4,$508.05,2032.2,inactive,15/01/2026,,ERP
C10646,  CARLOS Pérez  ,carlos.pérez@example.com,3002737605,Co,Bogota DC,N/A,28,SMB,Monitor,8,1497.99,11983.92,Active,,1,ERP
C10647,Juan lopez,juan.lopez@example.com,+573007971498,Colombia,Cali,N/A,73,smb ,Laptop,3,1193.35,3580.05,unknown,N/A,,ERP
C10648,CARLOS Pérez,carlos.pérez@example.com,+573002788019,Colombia,Medellín,24/09/2026,60,RETAIL,Keyboard,3,1633.23,4899.69,inactive,N/A,1,ERP
C10649,Juan Sanchez,juan.sanchez@example.com,+57 300 990 3251,COLOMBIA,Cartagena,2026-09-24,24,enterprise,laptop,6,256.22,1537.32,unknown,N/A,N/A,ERP
C10650, JUAN  Sanchez,juan.sanchez@example.com,+57 300 202 7613,COLOMBIA,Medellin,2026-09-24,60,enterprise,laptop,1,197.69,-197.69,ACTIVE,,2,ERP
C10651,maria Martinez,maria.martinez@example.com,,Unknown,BOGOTA,September 24 2026,63,Retail,Chair,9,821.74,7395.66,Active,,5,ERP
C10652,CARLOS GARCIA,carlos.garcia@example.com,+573007904546,N/A,bogota,September 24 2026,35,enterprise,LAPTOP,2,517.45,-1034.9,unknown,N/A,N/A,ERP
C10653,maria Garcia,maria.garcia@example.com,,Co,Bogotá,24/09/2026,22,RETAIL,Mouse,3,560.33,-1680.99,inactive,2026-01-15,2,ERP
C10654,Carlos Garcia,carlos.garcia@example.com,,COLOMBIA,Medellin,N/A,30,Retail,Keyboard,3,712.82,2138.46,active,,4,ERP
C10655,Laura Lopez,laura.lopez@example.com,300-123-4536,COLOMBIA,Bogotá D.C.,24/09/2026,25,SMB,Mouse,3,362.35,1087.05,inactive,,2,ERP
C10656,Luis lopez,luis.lopez@example.com,3008350589,N/A,Bogotá,03/04/2026,59,RETAIL,Keyboard,4,1107.98,4431.92,PENDING,N/A,4,ERP
C10657,Juan Garcia,juan.garcia@example.com,N/A,Unknown,Bogota DC,03/04/2026,72,Retail,Desk,9,1258.76,-11328.84,Active,,2,ERP
C10658,Maria Sanchez,maria.sanchez@example.com,N/A,colombia,MEDELLIN,03/04/2026,54,RETAIL,Desk,2,1252.99,2505.98,Active,,4,ERP
C10659, JUAN  Perez,juan.perez@example.com,300-123-4536,COLOMBIA,Bogotá,September 24 2026,44,Retail,Keyboard,2,1979.65,3959.3,active,15/01/2026,5,ERP
C10660,Diego Garcia,diego.garcia@example.com,N/A,N/A,Cartagena,2026/09/24,25,SMB,Laptop,5,1078.41,5392.05,unknown,15/01/2026,4,ERP
C10661,Ana GARCIA,ana.garcia@example.com,,colombia,bogota,2026/09/24,40,retail,Laptop,8,336.95,2695.6,PENDING,15/01/2026,2,ERP
C10662,Ana Martinez,ana.martinez@example.com,+57 300 162 8364,Co,Medellin,24/09/2026,64,Retail,LAPTOP,4,1515.61,6062.44,ACTIVE,15/01/2026,1,ERP
C10663, JUAN  Lopez,juan.lopez@example.com,3003642987,colombia,Cali,03/04/2026,44,enterprise,Mouse,4,340.72,1362.88,inactive,,4,ERP
C10664,Carlos lopez,carlos.lopez@example.com,300-123-4547,Co,CALI,24/09/2026,67,enterprise,LAPTOP,2,239.54,479.08,active,,5,ERP
C10665,Carlos Martinez,carlos.martinez@example.com,N/A,colombia,Cartagena,N/A,23,smb ,Mouse,9,529.67,4767.03,PENDING,15/01/2026,N/A,ERP
C10666,Maria Lopez,maria.lopez@example.com,3002344809,COLOMBIA,bogota,2026-09-24,61,smb ,laptop,6,1533.3,9199.8,active,2026-01-15,N/A,ERP
C10667,Ana lopez,ana.lopez@example.com,,COLOMBIA,bogota,2026/09/24,79,Retail,LAPTOP,3,632.56,1897.68,pending,N/A,N/A,ERP
C10668,maria lopez,maria.lopez@example.com,N/A,colombia,Medellin,2026-09-24,57,RETAIL,Monitor,6,90.36,542.16,active,N/A,3,ERP
C10669, JUAN  Sanchez,juan.sanchez@example.com,+573007928527,N/A,Medellín,2026-09-24,50,Retail,Chair,6,107.51,645.06,Active,2026-01-15,2,ERP
C10670,Diego lopez,diego.lopez@example.com,+57 300 117 9615,N/A,Barranquilla,2026-09-24,35,RETAIL,LAPTOP,2,513.1,1026.2,pending,N/A,4,ERP
C10671,Laura Martinez,laura.martinez@example.com,+573002076525,COLOMBIA,bogota,2026/09/24,33,Retail,Mouse,2,806.16,1612.32,inactive,,,ERP
C10672,Carlos Pérez,carlos.pérez@example.com,+57 300 541 4504,colombia,Medellin,2026/09/24,47,smb ,Mouse,7,1964.59,13752.13,PENDING,2026-01-15,N/A,ERP
C10673,Sofia Pérez,sofia.pérez@example.com,+573008882473,COLOMBIA,BOGOTA,September 24 2026,44,enterprise,LAPTOP,5,1920.34,9601.7,unknown,2026-01-15,3,ERP
C10674,Sofia Lopez,sofia.lopez@example.com,,N/A,Bogotá,2026/09/24,21,Enterprise,Mouse,5,1833.81,9169.05,unknown,N/A,2,ERP
C10675,Maria Garcia,maria.garcia@example.com,3003076663,N/A,Bogotá,not-a-date,33,Retail,Desk,4,278.07,1112.28,unknown,2026-01-15,3,ERP
C10676,Diego Garcia,diego.garcia@example.com,3001140625,N/A,Medellin,2026-09-24,70,RETAIL,Desk,1,675.83,675.83,PENDING,15/01/2026,N/A,ERP
C10677,Laura Sanchez,laura.sanchez@example.com,,Unknown,Bogotá D.C.,2026/09/24,31,retail,Mouse,10,"276,51",2765.1,inactive,2026-01-15,5,ERP
C10678,Laura Pérez,laura.pérez@example.com,3004266623,colombia,MEDELLIN,2026-09-24,56,enterprise,Chair,3,908.07,2724.21,PENDING,N/A,1,ERP
C10679,Sofia Perez,sofia.perez@example.com,N/A,COLOMBIA,Medellin,2026-09-24,62,Enterprise,laptop,3,1694.61,5083.83,unknown,15/01/2026,,ERP
C10680,Juan GARCIA,juan.garcia@example.com,+573003944538,Unknown,CALI,N/A,75,retail,Mouse,1,1023.06,1023.06,pending,,,ERP
C10681,Luis Sanchez,LUIS.SANCHEZ@EXAMPLE.COM,3001083198,N/A,Bogota DC,September 24 2026,39,enterprise,laptop,8,1826.32,14610.56,active,15/01/2026,1,ERP
C10682,CARLOS Pérez,carlos.pérez@example.com,N/A,Unknown,Barranquilla,09/24/2026,63,enterprise,Chair,5,N/A,1858.7,unknown,,5,ERP
C10683,maria GARCIA,maria.garcia@example.com,3002504155,Unknown,Cali,2026-09-24,52,smb ,Mouse,10,1904.35,19043.5,Active,N/A,2,ERP
C10684,Maria Lopez,maria.lopez@example.com,N/A,Co,Bogota,24/09/2026,53,SMB,Desk,1,1402.36,1402.36,Active,,N/A,ERP
C10685,Ana Sanchez,ana.sanchez@example.com,,COLOMBIA,Medellin,2026/09/24,56,SMB,laptop,4,1045.21,4180.84,Active,2026-01-15,N/A,ERP
C10686,maria GARCIA,maria.garcia@example.com,,Unknown,Medellín,September 24 2026,27,smb ,Chair,5,1105.72,5528.6,active,2026-01-15,N/A,ERP
C10687,CARLOS Lopez,carlos.lopez@example.com,+573005226693,Co,Cartagena,2026-09-24,43,retail,Laptop,4,1548.56,6194.24,active,15/01/2026,N/A,ERP
C10688, JUAN  GARCIA,juan.garcia@example.com,N/A,Unknown,Bogota,24/09/2026,30,enterprise,Keyboard,4,676.33,2705.32,active,,3,ERP
C10689,CARLOS Garcia,carlos.garcia@example.com,N/A,Co,Cali,N/A,78,RETAIL,Chair,7,110.1,770.7,Active,,1,ERP
C10690,Laura Lopez,laura.lopez@example.com,N/A,Colombia,Medellin,24/09/2026,69,enterprise,Keyboard,8,1653.75,13230.0,active,N/A,2,ERP
C10691,Ana Martinez,ana.martinez@example.com,+573003873072,Colombia,Cali,09/24/2026,76,retail,Laptop,2,1855.06,3710.12,inactive,2026-01-15,1,ERP
C10692,Ana GARCIA,ana.garcia@example.com,N/A,Colombia,bogota,09/24/2026,54,smb ,Chair,7,"444,32",3110.24,ACTIVE,N/A,5,ERP
C10693,Juan Garcia,juan.garcia@example.com,+573004437489,Colombia,Bogota,09/24/2026,71,smb ,LAPTOP,8,1856.09,14848.72,PENDING,15/01/2026,1,ERP
C10694,Laura Lopez,laura.lopez@example.com,,Unknown,CALI,24/09/2026,61,RETAIL,Chair,4,1734.5,6938.0,active,15/01/2026,3,ERP
C10695,Ana lopez,,+57 300 702 9922,COLOMBIA,Cartagena,09/24/2026,47,Retail,Chair,1,1877.01,1877.01,pending,2026-01-15,2,ERP
C10696,Maria Lopez,maria.lopez@example.com,,Colombia,Cali,24/09/2026,200,retail,Monitor,9,1874.75,16872.75,pending,15/01/2026,4,ERP
C10697,Laura Perez,laura.perez@example.com,N/A,N/A,MEDELLIN,2026-09-24,52,Enterprise,Keyboard,9,1906.64,17159.76,pending,15/01/2026,3,ERP
C10698,CARLOS Lopez,carlos.lopez@example.com,+573002409523,colombia,MEDELLIN,03/04/2026,46,Enterprise,Desk,9,1622.42,14601.78,inactive,15/01/2026,4,ERP
C10699,  Ana Lopez  ,ana.lopez@example.com,,colombia,Bogota DC,N/A,80,enterprise,Mouse,10,775.1,7751.0,inactive,15/01/2026,N/A,ERP
C10700,Juan Pérez,,+573001870268,N/A,Bogotá,2026-09-24,74,retail,Keyboard,6,786.41,4718.46,pending,2026-01-15,2,ERP
C10701,Sofia Pérez,sofia.pérez@example.com,3008729025,colombia,BOGOTA,2026/09/24,40,enterprise,laptop,10,1280.22,12802.2,ACTIVE,,4,ERP
C10702,Carlos Sanchez,carlos.sanchez@example.com,3009942931,Unknown,Cali,September 24 2026,76,smb ,Monitor,7,1155.13,8085.91,active,N/A,2,ERP
C10703, JUAN  Garcia,juan.garcia@example.com,300-123-4543,COLOMBIA,CALI,2026-09-24,78,enterprise,laptop,-1,1514.42,1514.42,PENDING,15/01/2026,5,ERP
C10704,maria Garcia,maria.garcia@example.com,N/A,COLOMBIA,Medellín,24/09/2026,71,Retail,Monitor,10,1588.97,15889.7,unknown,N/A,3,ERP
C10705,Ana Garcia,ana.garcia@example.com,+57 300 734 4513,Colombia,Bogota,24/09/2026,33,smb ,Monitor,8,101.13,809.04,Active,N/A,4,ERP
C10706,Diego Garcia,diego.garcia@example.com,+573009019741,Co,Bogota,03/04/2026,41,RETAIL,Chair,9,1714.34,15429.06,unknown,,,ERP
C10707,Laura lopez,laura.lopez@example.com,,Unknown,bogota,2026/09/24,75,RETAIL,laptop,9,1468.45,13216.05,active,15/01/2026,,ERP
C10708,  Diego Pérez  ,diego.pérez@example.com,+573003616291,COLOMBIA,Bogotá,24/09/2026,58,retail,Laptop,4,480.48,1921.92,ACTIVE,N/A,3,ERP
C10709,Laura Perez,laura.perez@example.com,+573005763210,Co,CALI,September 24 2026,72,smb ,Desk,10,1177.0,11770.0,PENDING,,3,ERP
C10710,CARLOS GARCIA,user@@example.com,3003813689,Colombia,bogota,09/24/2026,78,retail,LAPTOP,9,1629.0,14661.0,unknown,15/01/2026,N/A,ERP
C10711,Juan Sanchez,JUAN.SANCHEZ@EXAMPLE.COM,300-123-4541,colombia,Cartagena,24/09/2026,34,retail,Monitor,4,931.74,3726.96,inactive,,4,ERP
C10712,Sofia Sanchez,sofia.sanchez@example.com,3009117376,N/A,MEDELLIN,N/A,73,retail,laptop,1,1241.04,1241.04,inactive,,1,ERP
C10713, JUAN  Lopez,juan.lopez@example.com,,colombia,bogota,03/04/2026,31,enterprise,Mouse,4,1314.24,5256.96,PENDING,15/01/2026,4,ERP
C10714,Carlos Garcia,carlos.garcia@example.com,N/A,Unknown,Bogotá D.C.,September 24 2026,27,RETAIL,Chair,3,733.75,2201.25,active,N/A,4,ERP
C10715,CARLOS lopez,carlos.lopez@example.com,+57 300 324 3647,Colombia,bogota,N/A,54,enterprise,LAPTOP,5,1906.62,9533.1,inactive,,1,ERP
C10716,Carlos Perez,carlos.perez@example.com,3009841593,colombia,Cartagena,2026-09-24,49,RETAIL,Chair,6,1902.96,11417.76,PENDING,2026-01-15,,ERP
C10717,Juan Martinez,juan.martinez@example.com,N/A,colombia,CALI,03/04/2026,73,enterprise,Chair,6,1389.71,8338.26,active,15/01/2026,,ERP
C10718,  Juan Martinez  ,juan.martinez@example.com,300-123-4524,N/A,Cali,09/24/2026,22,SMB,Monitor,3,1745.29,5235.87,PENDING,15/01/2026,1,ERP
C10719,Maria Sanchez,maria.sanchez@example.com,3004235507,N/A,bogota,not-a-date,200,SMB,LAPTOP,8,1376.68,11013.44,active,2026-01-15,2,ERP
C10720,Carlos Garcia,carlos.garcia@example.com,+57 300 571 7719,colombia,Barranquilla,2026-09-24,56,RETAIL,Desk,2,771.34,1542.68,Active,,2,ERP
C10721,maria Martinez,maria.martinez@example.com,+57 300 541 7230,Unknown,CALI,2026/09/24,60,Enterprise,LAPTOP,5,216.22,1081.1,ACTIVE,2026-01-15,,ERP
C10722,Juan Pérez,juan.pérez@example.com,3003161029,N/A,Cali,03/04/2026,62,Enterprise,Laptop,6,"$1,680.90",10085.4,unknown,15/01/2026,1,ERP
C10723,Ana lopez,ana.lopez@example.com,+573007152047,Colombia,Bogota DC,2026-09-24,66,enterprise,LAPTOP,4,526.12,2104.48,inactive,,2,ERP
C10724, JUAN  lopez,juan.lopez@example.com,300-123-4565,COLOMBIA,bogota,03/04/2026,73,smb ,Laptop,7,261.7,1831.9,Active,N/A,N/A,ERP
C10725,Luis Perez,luis.perez@example.com,,colombia,BOGOTA,2026/09/24,46,RETAIL,Desk,5,748.07,3740.35,unknown,,1,ERP
C10726,Carlos Sanchez,not-an-email,+57 300 668 1973,Unknown,Bogota,09/24/2026,31,enterprise,Laptop,7,209.75,1468.25,pending,,1,ERP
C10727,CARLOS Pérez,carlos.pérez@example.com,+57 300 131 2772,COLOMBIA,MEDELLIN,2026-09-24,30,RETAIL,Desk,7,500.54,3503.78,ACTIVE,N/A,2,ERP
C10728,Diego Lopez,diego.lopez@example.com,N/A,N/A,Cartagena,03/04/2026,61,smb ,Mouse,7,1196.36,8374.52,pending,15/01/2026,4,ERP
C10729,Carlos lopez,carlos.lopez@example.com,N/A,N/A,Cali,2026/09/24,22,Retail,laptop,3,"955,26",2865.78,unknown,N/A,1,ERP
C10730,Juan lopez,juan.lopez@example.com,+573001329636,COLOMBIA,BOGOTA,2026/09/24,55,SMB,laptop,9,1432.66,12893.94,ACTIVE,2026-01-15,,ERP
C10731,Carlos Perez,carlos.perez@example.com,N/A,Co,Medellin,2026/09/24,49,Retail,LAPTOP,2,1184.73,2369.46,Active,2026-01-15,4,ERP
C10732,Luis Perez,luis.perez@example.com,3003922514,Colombia,Barranquilla,N/A,31,smb ,Keyboard,9,1194.29,10748.61,Active,2026-01-15,4,ERP
C10733,  CARLOS Lopez  ,carlos.lopez@example.com,300-123-4521,COLOMBIA,CALI,24/09/2026,21,SMB,Desk,1,1324.28,1324.28,Active,15/01/2026,1,ERP
C10734,Maria lopez,maria.lopez@example.com,+57 300 650 9251,Unknown,Medellín,03/04/2026,80,enterprise,Monitor,7,615.19,4306.33,inactive,15/01/2026,1,ERP
C10735, JUAN  Lopez,N/A,,Unknown,Medellín,24/09/2026,23,SMB,Keyboard,3,766.7,2300.1,unknown,15/01/2026,2,ERP
C10736,maria GARCIA,maria.garcia@example.com,+57 300 574 7424,Unknown,CALI,2026-09-24,55,retail,LAPTOP,2,1583.04,3166.08,inactive,,3,ERP
C10737,CARLOS Martinez,carlos.martinez@example.com,,Colombia,Bogotá D.C.,2026/09/24,20,Enterprise,Keyboard,7,573.25,4012.75,Active,,1,ERP
C10738,Laura Perez,laura.perez@example.com,3003681120,Unknown,Medellin,September 24 2026,70,enterprise,Mouse,5,258.86,1294.3,pending,N/A,1,ERP
C10739,Diego Lopez,diego.lopez@example.com,+57 300 254 9637,N/A,Cartagena,September 24 2026,57,enterprise,LAPTOP,2,436.76,873.52,unknown,N/A,,ERP
C10740,Ana GARCIA,ana.garcia@example.com,3001007120,COLOMBIA,Cartagena,09/24/2026,20,RETAIL,Desk,6,197.85,1187.1,Active,N/A,3,ERP
C10741,Maria Garcia,maria.garcia@example.com,N/A,Unknown,MEDELLIN,09/24/2026,44,enterprise,Laptop,2,1483.27,2966.54,pending,N/A,5,ERP
C10742,Juan GARCIA,juan.garcia@example.com,300-123-4544,Unknown,CALI,2026/09/24,51,enterprise,Mouse,2,1681.07,3362.14,PENDING,,5,ERP
C10743,Diego lopez,diego.lopez@example.com,N/A,colombia,Barranquilla,N/A,34,Enterprise,Laptop,1,1231.26,1231.26,ACTIVE,N/A,1,ERP
C10744,Maria lopez,maria.lopez@example.com,+573004475258,Colombia,Cali,2026-09-24,33,SMB,Keyboard,3,1162.75,3488.25,unknown,2026-01-15,2,ERP
C10745,Luis Sanchez,luis.sanchez@example.com,300-123-4565,Co,Bogota DC,03/04/2026,44,enterprise,Laptop,7,38.57,269.99,pending,,4,ERP
C10746,Luis Pérez,luis.pérez@example.com,+573003195396,Co,CALI,2026-09-24,34,RETAIL,Monitor,7,1710.03,11970.21,Active,2026-01-15,1,ERP
C10747,Juan GARCIA,juan.garcia@example.com,300-123-4567,COLOMBIA,Barranquilla,24/09/2026,79,Retail,laptop,8,277.33,2218.64,ACTIVE,15/01/2026,,ERP
C10748, JUAN  Sanchez,juan.sanchez@example.com,300-123-4523,Colombia,Cartagena,03/04/2026,55,RETAIL,Desk,7,994.12,6958.84,Active,,N/A,ERP
C10749,Diego Sanchez,diego.sanchez@example.com,+57 300 535 2247,Co,MEDELLIN,not-a-date,31,RETAIL,LAPTOP,4,1770.15,7080.6,ACTIVE,2026-01-15,3,ERP
C10750, JUAN  Lopez,juan.lopez@example.com,+573006440832,N/A,bogota,N/A,69,smb ,Mouse,5,1354.88,6774.4,unknown,N/A,1,ERP
C10751,Maria Lopez,maria.lopez@example.com,N/A,colombia,Bogota,09/24/2026,64,retail,Chair,2,1803.33,3606.66,PENDING,,2,ERP
C10752,Maria lopez,N/A,+573005142931,Unknown,BOGOTA,09/24/2026,39,RETAIL,Mouse,4,1221.67,4886.68,ACTIVE,N/A,1,ERP
C10753,Juan Garcia,juan.garcia@example.com,N/A,Co,Bogota,2026/09/24,75,smb ,Mouse,7,352.78,2469.46,unknown,N/A,5,ERP
C10754,Sofia Garcia,sofia.garcia@example.com,,N/A,Cali,not-a-date,56,Retail,Keyboard,9,1009.66,9086.94,ACTIVE,15/01/2026,4,ERP
C10755,maria Lopez,maria.lopez@example.com,3003307375,Unknown,Medellín,September 24 2026,20,retail,Mouse,10,1927.38,19273.8,Active,15/01/2026,5,ERP
C10756,Maria Lopez,maria.lopez@example.com,N/A,Colombia,Bogotá,09/24/2026,31,Retail,LAPTOP,9,1849.07,16641.63,Active,2026-01-15,2,ERP
C10757,Juan Perez,juan.perez@example.com,+57 300 572 8110,COLOMBIA,BOGOTA,2026-09-24,50,RETAIL,Chair,10,1120.64,11206.4,unknown,2026-01-15,1,ERP
C10758,Luis Perez,luis.perez@example.com,+57 300 666 5740,COLOMBIA,Bogotá D.C.,09/24/2026,55,Enterprise,Monitor,1,559.96,559.96,unknown,15/01/2026,N/A,ERP
C10759,  Maria Perez  ,maria.perez@example.com,+573004059819,Co,CALI,2026-09-24,70,Enterprise,Chair,6,1180.77,7084.62,ACTIVE,,1,ERP
C10760,Maria Perez,maria.perez@example.com,+573002514920,Unknown,Cali,N/A,18,Retail,Monitor,9,803.66,7232.94,unknown,2026-01-15,5,ERP
C10761,Ana GARCIA,ana.garcia@example.com,N/A,Unknown,CALI,24/09/2026,57,SMB,Desk,7,1571.97,11003.79,unknown,,5,ERP
C10762,Maria Pérez,maria.pérez@example.com,N/A,N/A,MEDELLIN,03/04/2026,47,enterprise,LAPTOP,1,$481.13,481.13,inactive,,1,ERP
C10763,Luis Garcia,N/A,+573008734053,Unknown,bogota,2026/09/24,50,smb ,laptop,2,919.27,1838.54,active,,5,ERP
C10764,CARLOS Lopez,carlos.lopez@example.com,3003311410,COLOMBIA,bogota,2026/09/24,28,Retail,Monitor,8,1179.39,9435.12,PENDING,N/A,3,ERP
C10765,Sofia lopez,SOFIA.LOPEZ@EXAMPLE.COM,3003120959,N/A,Bogota DC,not-a-date,26,Enterprise,Keyboard,6,10.12,60.72,active,15/01/2026,4,ERP
C10766,Carlos Martinez,carlos.martinez@example.com,N/A,N/A,Medellín,09/24/2026,57,retail,laptop,-2,976.09,976.09,Active,N/A,4,ERP
C10767,Maria GARCIA,maria.garcia@example.com,+57 300 913 7113,Colombia,CALI,09/24/2026,68,Retail,Monitor,9,"$1,508.59",13577.31,Active,,4,ERP
C10768,Maria Perez,maria.perez@example.com,+57 300 936 8218,Unknown,Barranquilla,24/09/2026,20,RETAIL,Keyboard,7,N/A,9549.19,Active,N/A,,ERP
C10769,CARLOS Lopez,carlos.lopez@example.com,N/A,colombia,Cartagena,09/24/2026,34,RETAIL,laptop,8,832.71,6661.68,Active,,,ERP
C10001,Maria Perez,MARIA.PEREZ@EXAMPLE.COM,300-123-4518,Unknown,Bogota,09/24/2026,75,Enterprise,Keyboard,6,1052.8,6316.8,pending,,4,ERP
C10771,Juan GARCIA,juan.garcia@example.com,N/A,colombia,MEDELLIN,2026/09/24,37,Retail,Monitor,6,771.42,4628.52,ACTIVE,,1,ERP
C10772,Laura lopez,laura.lopez@example.com,+57 300 502 6899,Colombia,Bogota,03/04/2026,41,Enterprise,Keyboard,3,373.72,1121.16,PENDING,N/A,1,ERP
C10773,CARLOS Garcia,carlos.garcia@example.com,+57 300 185 2640,N/A,Bogota,09/24/2026,56,Enterprise,Monitor,1,1612.83,1612.83,Active,15/01/2026,3,ERP
C10774,Luis Garcia,luis.garcia@example.com,N/A,N/A,bogota,03/04/2026,40,RETAIL,Keyboard,-1,1521.5,1521.5,inactive,15/01/2026,N/A,ERP
C10775,maria Pérez,maria.pérez@example.com,3002675927,Colombia,Bogota,September 24 2026,47,Enterprise,Keyboard,1,1419.51,1419.51,PENDING,2026-01-15,5,ERP
C10776,Ana Sanchez,,3001050402,colombia,CALI,2026/09/24,78,RETAIL,LAPTOP,4,1017.9,4071.6,pending,2026-01-15,3,ERP
C10777,Sofia Martinez,sofia.martinez@example.com,+57 300 448 3400,Unknown,Medellin,2026-09-24,20,SMB,Desk,8,1159.44,9275.52,inactive,2026-01-15,3,ERP
C10778,Juan Martinez,juan.martinez@example.com,+573004252186,COLOMBIA,Bogota,09/24/2026,37,retail,LAPTOP,6,50.82,304.92,PENDING,N/A,3,ERP
C10779,Juan Garcia,juan.garcia@example.com,+573007562626,colombia,Bogotá D.C.,09/24/2026,24,RETAIL,laptop,5,131.69,658.45,active,15/01/2026,1,ERP
C10780,Juan Perez,juan.perez@example.com,,Co,Medellín,24/09/2026,66,retail,LAPTOP,9,1025.77,9231.93,pending,,1,ERP
C10781,Luis Pérez,luis.pérez@example.com,3008569000,Colombia,Barranquilla,not-a-date,23,retail,Desk,10,630.25,6302.5,ACTIVE,15/01/2026,3,ERP
C10782, JUAN  Lopez,juan.lopez@example.com,+57 300 574 1404,Colombia,Bogota DC,24/09/2026,23,enterprise,laptop,3,1506.35,4519.05,pending,15/01/2026,5,ERP
C10783,Laura Perez,laura.perez@example.com,3002880131,N/A,Barranquilla,N/A,52,Retail,Chair,9,1463.36,13170.24,pending,15/01/2026,5,ERP
C10784,Juan Perez,juan.perez@example.com,N/A,N/A,Bogotá,2026/09/24,80,enterprise,LAPTOP,3,1167.95,3503.85,Active,2026-01-15,N/A,ERP
C10785,  Laura Lopez  ,laura.lopez@example.com,,Co,Bogota DC,24/09/2026,78,enterprise,Mouse,5,564.7,2823.5,PENDING,2026-01-15,1,ERP
C10786,CARLOS Lopez,carlos.lopez@example.com,,COLOMBIA,Barranquilla,24/09/2026,62,retail,Laptop,3,883.42,2650.26,unknown,15/01/2026,,ERP
C10787,Carlos Garcia,carlos.garcia@example.com,,Unknown,MEDELLIN,not-a-date,80,retail,LAPTOP,6,1193.79,7162.74,unknown,2026-01-15,1,ERP
C10788,CARLOS Perez,carlos.perez@example.com,300-123-4548,Colombia,Cali,September 24 2026,73,Enterprise,Chair,3,1912.02,5736.06,Active,N/A,2,ERP
C10789,maria Garcia,maria.garcia@example.com,+57 300 221 7877,colombia,Barranquilla,2026-09-24,41,Enterprise,LAPTOP,6,841.19,5047.14,active,,5,ERP
C10790, JUAN  GARCIA,juan.garcia@example.com,+57 300 695 5701,Colombia,Bogotá D.C.,not-a-date,46,SMB,Chair,7,1372.87,9610.09,Active,N/A,4,ERP
C10791,Ana Lopez,ana.lopez@example.com,+573005957964,N/A,MEDELLIN,09/24/2026,31,smb ,Laptop,3,1480.3,4440.9,pending,2026-01-15,N/A,ERP
C10792,Laura Garcia,laura.garcia@example.com,N/A,colombia,Bogota DC,2026/09/24,54,SMB,Laptop,5,1123.81,5619.05,ACTIVE,,5,ERP
C10793,Ana Martinez,ana.martinez@example.com,,Co,Bogota DC,not-a-date,71,smb ,Desk,9,65.7,591.3,inactive,N/A,5,ERP
C10794,Luis Pérez,luis.pérez@example.com,300-123-4544,colombia,Bogota DC,09/24/2026,42,RETAIL,Monitor,10,770.79,7707.9,active,2026-01-15,5,ERP
C10795,Juan Pérez,juan.pérez@example.com,300-123-4533,Co,Bogotá D.C.,September 24 2026,56,retail,Mouse,6,800.18,4801.08,ACTIVE,2026-01-15,,ERP
C10796,maria Garcia,maria.garcia@example.com,N/A,Unknown,Medellin,2026-09-24,55,retail,Desk,3,1634.99,4904.97,Active,,1,ERP
C10797,  CARLOS Perez  ,carlos.perez@example.com,3009316170,COLOMBIA,CALI,09/24/2026,27,RETAIL,LAPTOP,2,1102.48,2204.96,inactive,15/01/2026,5,ERP
C10798,Laura Sanchez,laura.sanchez@example.com,3001815530,Co,bogota,N/A,59,enterprise,Chair,1,827.74,827.74,inactive,,N/A,ERP
C10799,Sofia GARCIA,sofia.garcia@example.com,,Colombia,bogota,2026-09-24,40,Enterprise,LAPTOP,8,135.13,1081.04,PENDING,2026-01-15,2,ERP
C10800,Maria Sanchez,maria.sanchez@example.com,N/A,colombia,Bogota,24/09/2026,37,retail,laptop,10,255.6,2556.0,Active,,4,ERP
C10801,maria Pérez,maria.pérez@example.com,,colombia,bogota,September 24 2026,29,retail,Desk,8,694.5,5556.0,Active,15/01/2026,N/A,ERP
C10802,maria Martinez,maria.martinez@example.com,,Co,Bogotá,2026-09-24,62,Retail,Desk,4,458.75,1835.0,active,,5,ERP
C10803,Carlos GARCIA,carlos.garcia@example.com,+57 300 223 9284,Co,CALI,09/24/2026,-5,smb ,Chair,3,714.9,2144.7,PENDING,2026-01-15,,ERP
C10804,Luis Sanchez,luis.sanchez@example.com,3005406629,Unknown,Bogotá D.C.,2026-09-24,80,RETAIL,LAPTOP,4,1965.12,7860.48,ACTIVE,2026-01-15,5,ERP
C10805,CARLOS Lopez,carlos.lopez@example.com,+57 300 801 4016,Colombia,CALI,N/A,42,Retail,Laptop,10,681.69,6816.9,ACTIVE,15/01/2026,4,ERP
C10806,CARLOS lopez,carlos.lopez@example.com,+573004843914,Unknown,Cartagena,not-a-date,67,RETAIL,Chair,9,36.97,332.73,Active,2026-01-15,5,ERP
C10807,Laura Pérez,laura.pérez@example.com,+573007065502,Unknown,Cartagena,24/09/2026,54,SMB,Monitor,3,1322.78,3968.34,ACTIVE,2026-01-15,4,ERP
C10808,Luis Perez,luis.perez@example.com,N/A,Colombia,Cali,09/24/2026,49,smb ,Desk,3,1608.82,4826.46,active,2026-01-15,2,ERP
C10809,CARLOS Garcia,carlos.garcia@example.com,N/A,Colombia,Cartagena,N/A,54,enterprise,LAPTOP,7,1910.23,13371.61,Active,15/01/2026,4,ERP
C10810,CARLOS GARCIA,user@@example.com,N/A,N/A,Cartagena,24/09/2026,44,Enterprise,Monitor,4,1373.03,5492.12,ACTIVE,2026-01-15,2,ERP
C10811,Juan Pérez,juan.pérez@example.com,+57 300 146 3597,Colombia,bogota,2026-09-24,67,Enterprise,Desk,7,572.75,4009.25,inactive,2026-01-15,3,ERP
C10812,Luis GARCIA,luis.garcia@example.com,3006192707,N/A,BOGOTA,03/04/2026,42,Enterprise,Mouse,7,77.21,540.47,active,N/A,5,ERP
C10813,Diego Sanchez,diego.sanchez@example.com,N/A,COLOMBIA,Bogota DC,2026-09-24,59,Retail,LAPTOP,10,453.25,4532.5,pending,15/01/2026,2,ERP
C10814,Laura GARCIA,laura.garcia@example.com,N/A,COLOMBIA,Cartagena,September 24 2026,72,RETAIL,Keyboard,10,1227.33,12273.3,PENDING,N/A,2,ERP
C10815,Luis Sanchez,luis.sanchez@example.com,3007635756,Unknown,Cartagena,2026/09/24,71,SMB,LAPTOP,5,907.27,4536.35,Active,2026-01-15,2,ERP
C10816,Juan Pérez,juan.pérez@example.com,N/A,Colombia,Barranquilla,N/A,55,retail,laptop,5,323.81,1619.05,unknown,15/01/2026,4,ERP
C10817,Juan lopez,juan.lopez@example.com,,COLOMBIA,Cali,2026-09-24,68,Enterprise,Keyboard,6,1175.35,7052.1,inactive,N/A,1,ERP
C10818,Carlos Martinez,carlos.martinez@example.com,3002789056,Colombia,MEDELLIN,03/04/2026,64,Enterprise,laptop,6,1730.0,10380.0,pending,,5,ERP
C10819,Ana Garcia,ana.garcia@example.com,300-123-4560,N/A,Barranquilla,not-a-date,32,retail,Laptop,4,1105.95,4423.8,unknown,15/01/2026,2,ERP
C10820,Ana Sanchez,ana.sanchez@example.com,3002808272,Unknown,Cartagena,2026-09-24,60,SMB,Monitor,10,1485.49,14854.9,PENDING,2026-01-15,N/A,ERP
C10821,Carlos Sanchez,carlos.sanchez@example.com,+573009175462,colombia,bogota,03/04/2026,22,smb ,Keyboard,4,611.18,2444.72,inactive,2026-01-15,4,ERP
C10822,Sofia Lopez,sofia.lopez@example.com,N/A,Colombia,BOGOTA,2026-09-24,27,retail,Keyboard,-2,277.54,277.54,inactive,15/01/2026,4,ERP
C10823,Laura Garcia,laura.garcia@example.com,300-123-4566,colombia,Bogota,2026/09/24,27,Retail,LAPTOP,10,1504.3,15043.0,Active,N/A,N/A,ERP
C10824,maria Sanchez,maria.sanchez@example.com,3005544163,Co,Barranquilla,2026-09-24,52,retail,LAPTOP,2,1601.11,3202.22,PENDING,2026-01-15,,ERP
C10825,Carlos Sanchez,carlos.sanchez@example.com,300-123-4523,Colombia,Medellin,09/24/2026,59,RETAIL,Mouse,8,528.3,4226.4,pending,N/A,,ERP
C10826,Laura Lopez,laura.lopez@example.com,3009485735,Co,BOGOTA,09/24/2026,38,SMB,Mouse,10,693.05,6930.5,inactive,15/01/2026,5,ERP
C10827,Maria Lopez,maria.lopez@example.com,+57 300 148 2953,Colombia,Medellín,24/09/2026,33,RETAIL,Laptop,9,1837.24,16535.16,unknown,,N/A,ERP
C10828,Ana Lopez,ana.lopez@example.com,+573003989746,colombia,MEDELLIN,2026/09/24,65,Enterprise,LAPTOP,2,353.6,707.2,Active,15/01/2026,1,ERP
C10829,Sofia Sanchez,sofia.sanchez@example.com,,Colombia,Bogotá D.C.,2026/09/24,42,enterprise,Desk,4,1482.68,5930.72,pending,,5,ERP
C10830,  maria Pérez  ,maria.pérez@example.com,,Co,Medellin,2026/09/24,42,SMB,Mouse,6,1534.52,9207.12,Active,15/01/2026,5,ERP
C10001,Sofia GARCIA,sofia.garcia@example.com,+573003860454,Unknown,Barranquilla,2026-09-24,54,retail,LAPTOP,7,804.74,5633.18,pending,N/A,3,ERP
C10832,Maria Garcia,maria.garcia@example.com,N/A,Unknown,Barranquilla,not-a-date,38,RETAIL,LAPTOP,10,877.42,8774.2,active,15/01/2026,4,ERP
C10833,Diego Garcia,diego.garcia@example.com,3006698254,N/A,Bogotá,09/24/2026,64,retail,LAPTOP,9,90.49,814.41,active,2026-01-15,,ERP
C10834,Carlos Garcia,carlos.garcia@example.com,N/A,COLOMBIA,Bogotá D.C.,2026-09-24,44,smb ,LAPTOP,7,26.79,187.53,unknown,,,ERP
C10835,CARLOS Perez,carlos.perez@example.com,N/A,N/A,Bogotá,not-a-date,48,enterprise,Chair,6,1554.12,9324.72,PENDING,N/A,2,ERP
C10836,Ana Sanchez,ana.sanchez@example.com,3003429853,Unknown,Cali,2026/09/24,999,smb ,laptop,2,334.56,669.12,active,,4,ERP
C10837,maria lopez,maria.lopez@example.com,3009839008,Colombia,Bogota,09/24/2026,50,RETAIL,Mouse,2,49.61,99.22,PENDING,2026-01-15,2,ERP
C10838, JUAN  Pérez,juan.pérez@example.com,+57 300 993 2578,Unknown,bogota,09/24/2026,38,SMB,Laptop,5,1063.63,5318.15,active,,4,ERP
C10839,Diego GARCIA,diego.garcia@example.com,3004810750,Unknown,Bogota DC,not-a-date,74,SMB,laptop,10,1349.62,13496.2,PENDING,2026-01-15,5,ERP
C10840,Diego Lopez,diego.lopez@example.com,3002823015,colombia,Medellín,September 24 2026,27,SMB,laptop,3,458.96,1376.88,pending,N/A,4,ERP
C10841,Sofia Perez,sofia.perez@example.com,,Colombia,Cali,2026/09/24,64,retail,Desk,10,1273.26,12732.6,pending,15/01/2026,4,ERP
C10842,Diego Garcia,diego.garcia@example.com,3008029640,Co,Bogota DC,09/24/2026,52,SMB,Chair,6,364.61,2187.66,pending,,4,ERP
C10843,Carlos Pérez,carlos.pérez@example.com,N/A,colombia,Cali,N/A,55,smb ,Laptop,3,454.8,1364.4,inactive,N/A,3,ERP
C10844,CARLOS lopez,carlos.lopez@example.com,N/A,COLOMBIA,Bogotá,2026/09/24,43,enterprise,Mouse,-1,620.92,620.92,unknown,,5,ERP
C10845, JUAN  Sanchez,juan.sanchez@example.com,300-123-4536,Unknown,bogota,03/04/2026,64,SMB,Chair,9,767.83,6910.47,active,2026-01-15,3,ERP
C10846,Carlos Garcia,carlos.garcia@example.com,300-123-4515,colombia,Bogota,03/04/2026,43,enterprise,Mouse,10,45.98,459.8,unknown,2026-01-15,N/A,ERP
C10847,Juan Pérez,juan.pérez@example.com,N/A,N/A,Medellin,03/04/2026,40,Retail,Monitor,-1,1578.72,1578.72,PENDING,,2,ERP
C10848,Juan Pérez,juan.pérez@example.com,300-123-4565,Colombia,CALI,2026-09-24,54,smb ,Mouse,8,1825.41,14603.28,inactive,2026-01-15,3,ERP
C10849,Maria Perez,maria.perez@example.com,300-123-4560,colombia,Cartagena,2026-09-24,35,smb ,LAPTOP,7,1858.96,13012.72,active,,3,ERP
C10850,Sofia GARCIA,sofia.garcia@example.com,N/A,Co,Bogotá D.C.,2026/09/24,18,enterprise,Keyboard,4,1298.56,5194.24,PENDING,,,ERP
C10851,Sofia Pérez,sofia.pérez@example.com,3002617137,N/A,BOGOTA,2026-09-24,-5,Enterprise,LAPTOP,3,1460.02,4380.06,PENDING,2026-01-15,2,ERP
C10852,Maria Garcia,maria.garcia@example.com,300-123-4530,colombia,Cali,03/04/2026,67,SMB,Keyboard,9,1238.8,11149.2,Active,15/01/2026,N/A,ERP
C10853,Sofia Lopez,sofia.lopez@example.com,+573006497755,Co,Medellín,24/09/2026,57,RETAIL,Keyboard,2,1833.31,3666.62,inactive,N/A,2,ERP
C10854,Sofia Martinez,sofia.martinez@example.com,+57 300 548 9665,Unknown,MEDELLIN,September 24 2026,40,Retail,Mouse,10,527.32,5273.2,Active,,1,ERP
C10855, JUAN  Martinez,juan.martinez@example.com,3005020591,Unknown,Medellín,09/24/2026,45,retail,Laptop,9,1074.55,9670.95,ACTIVE,,,ERP
C10856, JUAN  GARCIA,juan.garcia@example.com,+573008468718,COLOMBIA,Medellin,24/09/2026,44,SMB,Desk,4,1460.59,5842.36,Active,2026-01-15,3,ERP
C10857,Luis GARCIA,luis.garcia@example.com,+57 300 553 7207,Colombia,Cali,2026/09/24,37,enterprise,Laptop,7,1213.16,8492.12,PENDING,N/A,1,ERP
C10858,Maria Perez,maria.perez@example.com,,Co,Bogotá D.C.,09/24/2026,63,SMB,Keyboard,2,1085.2,2170.4,pending,N/A,,ERP
C10859,CARLOS lopez,carlos.lopez@example.com,,N/A,Cali,24/09/2026,54,Enterprise,laptop,9,1041.44,9372.96,unknown,,2,ERP
C10860,Luis Martinez,luis.martinez@example.com,N/A,Unknown,Medellin,N/A,51,enterprise,laptop,5,1623.66,8118.3,active,15/01/2026,2,ERP
C10861,Ana Perez,ana.perez@example.com,N/A,Colombia,Medellín,2026-09-24,33,Enterprise,Laptop,8,168.77,1350.16,ACTIVE,15/01/2026,3,ERP
C10862,Carlos GARCIA,carlos.garcia@example.com,N/A,N/A,Barranquilla,not-a-date,66,Retail,laptop,8,33.66,269.28,pending,2026-01-15,2,ERP
C10863,  maria Garcia  ,maria.garcia@example.com,,Colombia,Bogotá D.C.,24/09/2026,73,RETAIL,Laptop,2,858.92,1717.84,Active,2026-01-15,3,ERP
C10864,Ana lopez,ana.lopez@example.com,300-123-4558,Unknown,Bogota,03/04/2026,26,SMB,Laptop,2,703.87,1407.74,PENDING,15/01/2026,3,ERP
C10865, JUAN  Pérez,juan.pérez@example.com,+573007152507,COLOMBIA,Cartagena,09/24/2026,46,Retail,laptop,2,1722.94,3445.88,inactive,N/A,3,ERP
C10866,Ana GARCIA,ana.garcia@example.com,300-123-4570,colombia,MEDELLIN,September 24 2026,29,Retail,Chair,3,849.43,50965.8,unknown,N/A,3,ERP
C10867,Luis Garcia,luis.garcia@example.com,,Colombia,BOGOTA,03/04/2026,75,SMB,Laptop,9,1273.28,11459.52,Active,2026-01-15,4,ERP
C10868,Ana Perez,ana.perez@example.com,+573009541450,Unknown,Cartagena,2026-09-24,58,Retail,Chair,5,1062.45,5312.25,inactive,,4,ERP
C10869,Luis Perez,?,null,Co,,N/A,66,Enterprise,Keyboard,2,481.89,963.78,Active,15/01/2026,1,ERP
C10870,CARLOS GARCIA,carlos.garcia@example.com,3007438213,N/A,BOGOTA,03/04/2026,37,retail,Chair,10,N/A,10502.1,ACTIVE,15/01/2026,,ERP
C10871,  Laura lopez  ,laura.lopez@example.com,3001208983,COLOMBIA,Bogotá,09/24/2026,50,SMB,LAPTOP,7,380.72,2665.04,unknown,2026-01-15,,ERP
C10872,Ana Garcia,ana.garcia@example.com,+573003247316,COLOMBIA,Bogota DC,September 24 2026,66,smb ,Mouse,1,1383.38,1383.38,unknown,15/01/2026,5,ERP
C10873,CARLOS Garcia,carlos.garcia@example.com,+573003423349,colombia,bogota,not-a-date,52,RETAIL,laptop,1,1473.4,1473.4,inactive,15/01/2026,,ERP
C10874,Luis Lopez,,+57 300 761 4505,Colombia,bogota,2026-09-24,52,enterprise,Chair,1,617.9,617.9,inactive,,N/A,ERP
C10875,CARLOS Lopez,carlos.lopez@example.com,300-123-4540,Co,Cali,03/04/2026,75,RETAIL,Laptop,3,727.18,2181.54,active,,1,ERP
C10876,Laura Martinez,laura.martinez@example.com,N/A,Colombia,CALI,2026-09-24,47,Enterprise,Desk,1,351.61,351.61,Active,,2,ERP
C10877,Maria Perez,maria.perez@example.com,+57 300 991 5576,COLOMBIA,Bogotá D.C.,09/24/2026,54,smb ,LAPTOP,2,22.51,45.02,Active,15/01/2026,3,ERP
C10878,Carlos Garcia,user@@example.com,,Unknown,Bogota,09/24/2026,76,retail,LAPTOP,1,617.13,617.13,inactive,,N/A,ERP
C10879,CARLOS Pérez,carlos.pérez@example.com,300-123-4593,Colombia,Medellin,03/04/2026,56,Retail,LAPTOP,9,1941.64,17474.76,active,N/A,1,ERP
C10880,maria Garcia,maria.garcia@example.com,300-123-4579,colombia,Medellín,not-a-date,66,Enterprise,Laptop,10,1770.94,17709.4,active,15/01/2026,5,ERP
C10881, JUAN  Sanchez,juan.sanchez@example.com,+57 300 623 4780,Unknown,Barranquilla,September 24 2026,54,SMB,LAPTOP,5,1138.84,5694.2,unknown,,2,ERP
C10882,Sofia Martinez,sofia.martinez@example.com,3008533764,colombia,Barranquilla,24/09/2026,25,SMB,Desk,9,555.9,100062.0,PENDING,15/01/2026,N/A,ERP
C10883,Carlos Perez,carlos.perez@example.com,+57 300 999 4410,Colombia,MEDELLIN,24/09/2026,19,enterprise,laptop,7,590.46,4133.22,active,2026-01-15,3,ERP
C10884,Maria GARCIA,not-an-email,300-123-4597,Colombia,MEDELLIN,2026-09-24,30,smb ,Monitor,10,1890.69,18906.9,ACTIVE,,5,ERP
C10885,Maria GARCIA,maria.garcia@example.com,N/A,Unknown,Bogotá,24/09/2026,50,RETAIL,laptop,4,246.29,985.16,PENDING,2026-01-15,5,ERP
C10886, JUAN  Pérez,juan.pérez@example.com,,Co,Cali,N/A,34,enterprise,Keyboard,1,414.87,414.87,ACTIVE,N/A,5,ERP
C10887,Luis GARCIA,luis.garcia@example.com,,Colombia,bogota,N/A,-5,Enterprise,LAPTOP,9,1380.55,12424.95,active,N/A,5,ERP
C10888,Sofia Garcia,sofia.garcia@example.com,3004815164,Colombia,MEDELLIN,09/24/2026,44,Retail,Chair,4,$914.32,3657.28,active,N/A,N/A,ERP
C10889,Carlos Pérez,,300-123-4517,Colombia,Bogotá,N/A,56,SMB,LAPTOP,1,822.71,822.71,Active,2026-01-15,2,ERP
C10890,maria GARCIA,maria.garcia@example.com,300-123-4511,N/A,Bogota,2026/09/24,65,RETAIL,LAPTOP,6,1631.64,9789.84,Active,,4,ERP
C10891,Diego Martinez,diego.martinez@example.com,3002796352,Co,Medellin,not-a-date,18,enterprise,LAPTOP,4,625.16,2500.64,Active,2026-01-15,3,ERP
C10892,Maria Lopez,maria.lopez@example.com,300-123-4575,Unknown,Medellín,2026/09/24,72,Enterprise,Desk,7,1864.45,13051.15,pending,2026-01-15,,ERP
C10893,Luis Sanchez,luis.sanchez@example.com,+57 300 778 3615,COLOMBIA,Bogotá D.C.,09/24/2026,20,smb ,Mouse,2,613.58,1227.16,ACTIVE,15/01/2026,1,ERP
C10894,Luis GARCIA,luis.garcia@example.com,+573003530270,N/A,Barranquilla,2026-09-24,68,RETAIL,Keyboard,5,1504.91,7524.55,PENDING,,,ERP
C10895,Maria Garcia,maria.garcia@example.com,300-123-4528,Unknown,MEDELLIN,09/24/2026,999,RETAIL,Chair,7,458.44,3209.08,pending,2026-01-15,1,ERP
C10896,Diego GARCIA,diego.garcia@example.com,+57 300 455 2611,N/A,Medellin,2026-09-24,28,Retail,Keyboard,6,1316.46,7898.76,pending,2026-01-15,N/A,ERP
C10897,   JUAN  GARCIA  ,juan.garcia@example.com,+57 300 608 3331,Colombia,Cartagena,2026-09-24,21,RETAIL,Laptop,1,411.27,411.27,active,2026-01-15,2,ERP
C10898,Luis lopez,?,null,N/A,,03/04/2026,44,RETAIL,laptop,2,1517.76,3035.52,pending,2026-01-15,N/A,ERP
C10899,Luis lopez,luis.lopez@example.com,300-123-4536,Co,bogota,N/A,39,smb ,Desk,9,247.57,2228.13,pending,2026-01-15,,ERP
C10900,Juan Martinez,juan.martinez@example.com,N/A,Co,Medellín,not-a-date,48,smb ,laptop,3,413.58,1240.74,pending,N/A,2,ERP
C10901,Laura Pérez,LAURA.PÉREZ@EXAMPLE.COM,+573001117006,colombia,Cartagena,2026/09/24,999,smb ,LAPTOP,9,710.28,6392.52,Active,N/A,4,ERP
C10902,Carlos Lopez,carlos.lopez@example.com,+573007416055,colombia,Cali,not-a-date,72,smb ,Monitor,7,49.65,347.55,PENDING,2026-01-15,N/A,ERP
C10903,Carlos Garcia,carlos.garcia@example.com,+57 300 958 7661,COLOMBIA,BOGOTA,2026/09/24,18,SMB,laptop,1,734.32,734.32,pending,15/01/2026,5,ERP
C10904,Ana Lopez,ana.lopez@example.com,+573001395692,COLOMBIA,Bogotá,09/24/2026,76,Enterprise,Desk,7,1620.88,11346.16,PENDING,2026-01-15,3,ERP
C10905, JUAN  GARCIA,juan.garcia@example.com,+573006536394,Co,MEDELLIN,2026/09/24,53,smb ,Chair,1,1642.17,1642.17,unknown,15/01/2026,1,ERP
C10906,Sofia lopez,sofia.lopez@example.com,300-123-4567,Co,CALI,2026/09/24,39,Retail,Desk,3,750.51,2251.53,Active,15/01/2026,2,ERP
C10907,Diego Perez,diego.perez@example.com,300-123-4569,COLOMBIA,Cartagena,03/04/2026,27,SMB,Desk,2,64.36,128.72,pending,,N/A,ERP
C10908,Ana lopez,ana.lopez@example.com,N/A,Colombia,bogota,09/24/2026,19,enterprise,LAPTOP,8,155.06,1240.48,ACTIVE,,3,ERP
C10909,Diego GARCIA,diego.garcia@example.com,300-123-4567,colombia,Barranquilla,September 24 2026,45,enterprise,Chair,1,1785.81,1785.81,inactive,N/A,4,ERP
C10910,Carlos Pérez,carlos.pérez@example.com,+57 300 641 8065,Colombia,Barranquilla,September 24 2026,44,RETAIL,Monitor,1,1038.85,1038.85,unknown,15/01/2026,2,ERP
C10911,Luis Perez,N/A,300-123-4583,Co,Bogota,03/04/2026,65,SMB,Desk,6,904.25,5425.5,pending,,5,ERP
C10912,Laura lopez,laura.lopez@example.com,N/A,N/A,bogota,09/24/2026,34,retail,LAPTOP,3,1722.02,5166.06,inactive,2026-01-15,1,ERP
C10913,Maria Garcia,maria.garcia@example.com,+57 300 766 9029,Colombia,Bogota DC,not-a-date,45,retail,laptop,5,1767.25,8836.25,unknown,15/01/2026,4,ERP
C10914,maria Perez,maria.perez@example.com,N/A,Co,MEDELLIN,24/09/2026,68,Retail,laptop,2,1782.06,3564.12,inactive,2026-01-15,4,ERP
C10915,Juan Martinez,juan.martinez@example.com,+57 300 298 8301,Colombia,Cartagena,not-a-date,78,Enterprise,LAPTOP,10,377.65,3776.5,pending,15/01/2026,3,ERP
C10916,Laura GARCIA,laura.garcia@example.com,+573001545449,colombia,Medellín,September 24 2026,34,SMB,LAPTOP,6,1229.37,7376.22,unknown,15/01/2026,4,ERP
C10917,Carlos Garcia,carlos.garcia@example.com,+57 300 941 7350,Co,bogota,03/04/2026,37,enterprise,Keyboard,10,128.4,1284.0,ACTIVE,15/01/2026,2,ERP
C10918,maria lopez,maria.lopez@example.com,N/A,Colombia,MEDELLIN,2026-09-24,72,Retail,laptop,5,843.2,4216.0,pending,15/01/2026,,ERP
C10919,Carlos Perez,carlos.perez@example.com,+573001546508,colombia,BOGOTA,09/24/2026,52,RETAIL,laptop,1,354.97,354.97,active,2026-01-15,2,ERP
C10920,Sofia Pérez,sofia.pérez@example.com,,colombia,BOGOTA,September 24 2026,61,retail,Keyboard,4,1165.98,4663.92,unknown,15/01/2026,2,ERP
C10921,Diego Lopez,diego.lopez@example.com,,COLOMBIA,Cartagena,2026-09-24,65,enterprise,Chair,4,1664.99,6659.96,ACTIVE,,,ERP
C10922,maria Lopez,maria.lopez@example.com,300-123-4519,Co,Bogota DC,24/09/2026,47,enterprise,laptop,6,140.48,842.88,pending,15/01/2026,2,ERP
C10923,Carlos GARCIA,carlos.garcia@example.com,3007247450,colombia,Barranquilla,not-a-date,78,Retail,Chair,5,310.78,1553.9,active,2026-01-15,4,ERP
C10924,  Ana Perez  ,ana.perez@example.com,+573006291618,N/A,Cartagena,2026/09/24,21,retail,laptop,2,1385.26,2770.52,pending,15/01/2026,N/A,ERP
C10925,Maria Sanchez,maria.sanchez@example.com,3009138870,N/A,Cartagena,September 24 2026,34,SMB,Monitor,3,1485.09,4455.27,PENDING,N/A,5,ERP
C10926,Maria Lopez,maria.lopez@example.com,300-123-4515,Colombia,Bogota DC,not-a-date,49,smb ,Laptop,10,425.85,4258.5,Active,N/A,3,ERP
C10927,Laura Sanchez,laura.sanchez@example.com,N/A,Colombia,Barranquilla,not-a-date,30,enterprise,Keyboard,9,1551.93,13967.37,inactive,15/01/2026,4,ERP
C10928,Carlos Lopez,carlos.lopez@example.com,300-123-4584,COLOMBIA,Medellín,not-a-date,28,retail,Chair,3,707.22,2121.66,Active,15/01/2026,5,ERP
C10929,Luis Lopez,luis.lopez@example.com,+573005589021,colombia,Medellin,N/A,54,Enterprise,Laptop,-2,1214.91,1214.91,ACTIVE,2026-01-15,,ERP
C10930,Sofia Perez,sofia.perez@example.com,,colombia,bogota,September 24 2026,-5,RETAIL,Desk,10,1477.27,14772.7,active,15/01/2026,1,ERP
C10931,maria Martinez,not-an-email,300-123-4569,colombia,Medellin,N/A,60,RETAIL,Mouse,7,230.69,1614.83,PENDING,,5,ERP
C10932,  Sofia Perez  ,sofia.perez@example.com,+57 300 574 3842,Colombia,CALI,not-a-date,46,smb ,Keyboard,3,1349.86,4049.58,ACTIVE,2026-01-15,N/A,ERP
C10933,Maria GARCIA,maria.garcia@example.com,+573006854678,Co,Barranquilla,not-a-date,25,retail,Keyboard,4,933.2,3732.8,pending,2026-01-15,3,ERP
C10934,Carlos Perez,carlos.perez@example.com,+57 300 928 2138,Colombia,bogota,2026/09/24,50,RETAIL,Mouse,1,1673.43,1673.43,inactive,15/01/2026,3,ERP
C10935,Luis Sanchez,luis.sanchez@example.com,3006794019,Co,Cartagena,03/04/2026,50,retail,Chair,10,1144.84,11448.4,pending,15/01/2026,5,ERP
C10936,Juan Sanchez,juan.sanchez@example.com,+57 300 628 8108,Colombia,Medellin,2026/09/24,80,SMB,Keyboard,10,1006.71,10067.1,Active,15/01/2026,3,ERP
C10937,maria Perez,missing@,300-123-4596,Co,Bogota,2026/09/24,21,Enterprise,Chair,7,594.26,4159.82,active,15/01/2026,5,ERP
C10938,Laura Pérez,laura.pérez@example.com,300-123-4539,colombia,Medellín,2026-09-24,53,Enterprise,LAPTOP,2,600.9,1201.8,pending,2026-01-15,,ERP
C10939,Maria Perez,maria.perez@example.com,3007460213,colombia,Bogota,not-a-date,41,Enterprise,Desk,7,1799.86,12599.02,PENDING,15/01/2026,4,ERP
C10940,  CARLOS Martinez  ,carlos.martinez@example.com,300-123-4533,COLOMBIA,BOGOTA,N/A,44,enterprise,Monitor,8,1288.32,10306.56,PENDING,,5,ERP
C10941,Juan GARCIA,juan.garcia@example.com,N/A,Unknown,bogota,2026-09-24,62,retail,laptop,9,"1974,95",17774.55,PENDING,N/A,4,ERP
C10942,Juan Sanchez,juan.sanchez@example.com,300-123-4513,colombia,Cartagena,2026-09-24,43,enterprise,LAPTOP,1,810.42,810.42,unknown,,,ERP
C10943, JUAN  Garcia,juan.garcia@example.com,3009229863,Unknown,Bogotá D.C.,not-a-date,44,retail,Chair,4,474.43,1897.72,pending,N/A,3,ERP
C10944,Carlos Perez,carlos.perez@example.com,+573004983000,Co,Cali,N/A,61,retail,laptop,10,234.78,2347.8,pending,2026-01-15,3,ERP
C10945, JUAN  lopez,juan.lopez@example.com,N/A,N/A,MEDELLIN,24/09/2026,76,Retail,Chair,5,498.26,2491.3,inactive,,5,ERP
C10946,Juan GARCIA,juan.garcia@example.com,N/A,COLOMBIA,Bogota,09/24/2026,55,retail,Desk,1,1304.48,1304.48,unknown,2026-01-15,1,ERP
C10947,Maria lopez,maria.lopez@example.com,+57 300 259 7754,Unknown,bogota,not-a-date,31,enterprise,Chair,9,1284.84,11563.56,pending,15/01/2026,2,ERP
C10948,CARLOS Sanchez,carlos.sanchez@example.com,N/A,Co,Cali,not-a-date,50,SMB,laptop,6,375.86,2255.16,PENDING,2026-01-15,5,ERP
C10949,Diego Garcia,diego.garcia@example.com,3001260986,COLOMBIA,BOGOTA,2026/09/24,999,RETAIL,Chair,2,1274.85,2549.7,PENDING,N/A,N/A,ERP
C10950,Carlos Sanchez,carlos.sanchez@example.com,+57 300 941 8938,colombia,Medellín,24/09/2026,65,RETAIL,Mouse,3,1318.68,3956.04,active,15/01/2026,2,ERP
C10951, JUAN  Sanchez,juan.sanchez@example.com,300-123-4593,colombia,Barranquilla,03/04/2026,18,smb ,Chair,5,643.31,3216.55,ACTIVE,N/A,5,ERP
C10952,Maria lopez,maria.lopez@example.com,+573007712695,COLOMBIA,Barranquilla,September 24 2026,71,Enterprise,Chair,9,246.52,2218.68,Active,N/A,2,ERP
C10953,Carlos Martinez,carlos.martinez@example.com,N/A,N/A,Bogota,09/24/2026,22,RETAIL,LAPTOP,10,1635.03,16350.3,pending,15/01/2026,5,ERP
C10954,Diego Lopez,diego.lopez@example.com,300-123-4563,colombia,Bogota DC,09/24/2026,22,smb ,Desk,10,362.07,3620.7,unknown,15/01/2026,4,ERP
C10955, JUAN  lopez,juan.lopez@example.com,+57 300 291 7097,colombia,Cali,24/09/2026,33,enterprise,Mouse,3,1895.58,5686.74,unknown,N/A,5,ERP
C10956,Maria Lopez,maria.lopez@example.com,+57 300 130 1072,Colombia,Bogotá D.C.,2026/09/24,59,SMB,laptop,8,302.12,2416.96,Active,15/01/2026,3,ERP
C10957,Maria Perez,maria.perez@example.com,+57 300 607 6265,Colombia,Bogota DC,09/24/2026,55,enterprise,LAPTOP,7,1667.32,11671.24,active,N/A,5,ERP
C10958,Carlos Martinez,carlos.martinez@example.com,+57 300 683 8937,Co,MEDELLIN,2026-09-24,57,retail,Laptop,9,807.35,7266.15,active,N/A,4,ERP
C10959,CARLOS Pérez,carlos.pérez@example.com,300-123-4577,colombia,Cartagena,2026-09-24,54,RETAIL,Desk,8,1531.32,12250.56,ACTIVE,N/A,1,ERP
C10960,Carlos Pérez,carlos.pérez@example.com,+57 300 298 8899,Unknown,Cartagena,not-a-date,21,SMB,LAPTOP,8,347.42,2779.36,active,2026-01-15,2,ERP
C10961,Sofia Garcia,sofia.garcia@example.com,+573001676369,Co,Bogota,2026/09/24,64,Enterprise,Chair,5,627.91,3139.55,unknown,,2,ERP
C10962,Ana Pérez,ana.pérez@example.com,N/A,Unknown,Cali,September 24 2026,22,RETAIL,laptop,1,1379.24,1379.24,ACTIVE,15/01/2026,3,ERP
C10963,Diego Martinez,not-an-email,+573001024421,Unknown,CALI,03/04/2026,52,Retail,Chair,2,1671.98,3343.96,active,15/01/2026,N/A,ERP
C10964,  Laura lopez  ,laura.lopez@example.com,+573006225807,N/A,BOGOTA,24/09/2026,25,enterprise,Chair,1,504.8,504.8,inactive,2026-01-15,,ERP
C10965,Carlos Perez,carlos.perez@example.com,,COLOMBIA,Barranquilla,24/09/2026,65,Enterprise,Mouse,8,34.77,278.16,unknown,,2,ERP
C10966,Ana Pérez,ana.pérez@example.com,+57 300 156 4110,Unknown,bogota,N/A,50,Retail,laptop,1,1682.46,1682.46,pending,2026-01-15,N/A,ERP
C10967,maria Garcia,maria.garcia@example.com,3004730545,colombia,Cartagena,2026-09-24,61,Enterprise,Mouse,3,763.36,2290.08,Active,N/A,N/A,ERP
C10968,Maria Garcia,maria.garcia@example.com,+573003461889,Unknown,CALI,N/A,32,SMB,LAPTOP,8,957.34,7658.72,PENDING,2026-01-15,2,ERP
C10969,Maria lopez,maria.lopez@example.com,+573005091641,COLOMBIA,BOGOTA,not-a-date,44,Retail,LAPTOP,8,1995.63,15965.04,PENDING,2026-01-15,4,ERP
C10970,  Maria Sanchez  ,maria.sanchez@example.com,N/A,N/A,MEDELLIN,2026-09-24,43,SMB,laptop,1,92.64,1852.8,PENDING,15/01/2026,N/A,ERP
C10971,Diego Sanchez,diego.sanchez@example.com,+57 300 701 2977,colombia,Barranquilla,2026/09/24,55,retail,Desk,3,1484.15,4452.45,unknown,N/A,3,ERP
C10972,maria lopez,maria.lopez@example.com,+57 300 978 2836,COLOMBIA,Cartagena,2026/09/24,57,RETAIL,LAPTOP,7,1727.45,12092.15,active,N/A,3,ERP
C10973,Luis Sanchez,luis.sanchez@example.com,+57 300 330 9418,Co,Medellin,2026/09/24,58,retail,LAPTOP,9,702.24,6320.16,pending,N/A,,ERP
C10974,CARLOS Pérez,carlos.pérez@example.com,+57 300 606 1857,Co,CALI,2026-09-24,33,retail,Chair,7,845.8,5920.6,inactive,N/A,1,ERP
C10975,Carlos Martinez,carlos.martinez@example.com,+573001455889,Co,Bogota,24/09/2026,79,RETAIL,Desk,1,468.49,468.49,pending,N/A,1,ERP
C10976,Sofia Lopez,sofia.lopez@example.com,N/A,COLOMBIA,Barranquilla,N/A,34,Enterprise,laptop,7,1466.53,10265.71,pending,2026-01-15,N/A,ERP
C10977,Maria GARCIA,maria.garcia@example.com,300-123-4552,Unknown,Bogota,N/A,74,RETAIL,Desk,4,651.32,2605.28,active,,,ERP
C10978,Carlos Martinez,carlos.martinez@example.com,+57 300 967 8766,colombia,Cartagena,09/24/2026,69,SMB,LAPTOP,10,60.81,608.1,Active,,5,ERP
C10979,Diego Sanchez,diego.sanchez@example.com,300-123-4530,colombia,Barranquilla,September 24 2026,77,enterprise,Monitor,8,1720.34,13762.72,PENDING,15/01/2026,2,ERP
C10980,Juan Lopez,juan.lopez@example.com,300-123-4518,N/A,Medellín,09/24/2026,57,RETAIL,Monitor,3,593.74,1781.22,unknown,2026-01-15,1,ERP
C10001,Sofia Sanchez,sofia.sanchez@example.com,N/A,colombia,CALI,2026/09/24,62,retail,LAPTOP,2,1919.2,-3838.4,unknown,15/01/2026,,ERP
C10982,Diego Lopez,diego.lopez@example.com,300-123-4519,colombia,MEDELLIN,N/A,74,RETAIL,Laptop,1,809.6,809.6,Active,2026-01-15,4,ERP
C10983,Juan Pérez,juan.pérez@example.com,,COLOMBIA,MEDELLIN,not-a-date,70,retail,Chair,8,N/A,4816.4,inactive,,4,ERP
C10984,Carlos Pérez, user@EXAMPLE.COM ,,N/A,Bogotá,2026/09/24,43,RETAIL,Desk,9,720.09,6480.81,ACTIVE,,3,ERP
C10985,maria lopez,maria.lopez@example.com,+57 300 635 4564,colombia,Medellin,2026/09/24,34,smb ,Chair,9,1182.66,10643.94,ACTIVE,15/01/2026,2,ERP
C10986,Carlos Lopez,carlos.lopez@example.com,3002701700,COLOMBIA,Bogota,03/04/2026,63,Retail,laptop,9,158.51,1426.59,Active,15/01/2026,N/A,ERP
C10987,Laura GARCIA,laura.garcia@example.com,N/A,Colombia,MEDELLIN,N/A,63,smb ,LAPTOP,8,1655.15,13241.2,Active,,2,ERP
C10988,Laura lopez,laura.lopez@example.com,+57 300 968 5753,Colombia,Cartagena,2026/09/24,42,SMB,Monitor,4,518.28,2073.12,pending,,4,ERP
C10989,CARLOS lopez,carlos.lopez@example.com,N/A,Co,bogota,24/09/2026,72,Retail,laptop,3,"$1,609.93",4829.79,inactive,,3,ERP
C10990,Sofia Pérez,sofia.pérez@example.com,N/A,Co,Bogotá D.C.,2026/09/24,78,Retail,Laptop,6,723.36,4340.16,active,,4,ERP
C10991, JUAN  lopez,juan.lopez@example.com,+57 300 524 9699,Unknown,Cali,2026/09/24,40,enterprise,Desk,7,656.94,4598.58,ACTIVE,2026-01-15,1,ERP
C10992,Carlos Martinez,carlos.martinez@example.com,+573009599307,colombia,BOGOTA,2026/09/24,70,enterprise,Chair,1,910.74,910.74,active,N/A,2,ERP
C10993,Juan Pérez,juan.pérez@example.com,+573001509973,Unknown,Medellín,N/A,65,retail,Keyboard,5,34.11,170.55,ACTIVE,,2,ERP
C10994, JUAN  Sanchez,juan.sanchez@example.com,+573001221165,Co,CALI,2026-09-24,76,SMB,Mouse,4,1542.45,6169.8,pending,N/A,3,ERP
C10995,CARLOS Perez,carlos.perez@example.com,300-123-4594,Unknown,Cali,24/09/2026,18,smb ,LAPTOP,10,302.81,3028.1,ACTIVE,N/A,5,ERP
C10996,Luis Perez,luis.perez@example.com,,Unknown,Medellin,2026/09/24,46,SMB,Keyboard,8,879.2,7033.6,PENDING,2026-01-15,5,ERP
C10997,  Carlos Martinez  ,carlos.martinez@example.com,,N/A,CALI,not-a-date,50,RETAIL,Chair,5,846.37,4231.85,PENDING,2026-01-15,5,ERP
C10998,Luis Lopez,luis.lopez@example.com,3004519641,Co,MEDELLIN,24/09/2026,200,enterprise,LAPTOP,3,435.14,1305.42,ACTIVE,2026-01-15,,ERP
C10999,Carlos GARCIA,carlos.garcia@example.com,3007951127,colombia,Medellín,09/24/2026,33,SMB,Laptop,3,952.78,2858.34,active,15/01/2026,N/A,ERP
C11000,Diego Pérez,diego.pérez@example.com,N/A,Unknown,MEDELLIN,September 24 2026,35,enterprise,Laptop,8,N/A,11276.0,unknown,2026-01-15,4,ERP
C11001,Ana lopez,ana.lopez@example.com,N/A,Co,BOGOTA,2026/09/24,37,enterprise,Laptop,10,1258.1,12581.0,unknown,,2,ERP
C11002,Juan lopez,juan.lopez@example.com,,N/A,Cartagena,09/24/2026,68,smb ,laptop,1,674.14,674.14,pending,,,ERP
C11003,Carlos Perez,carlos.perez@example.com,300-123-4516,N/A,MEDELLIN,September 24 2026,55,SMB,Chair,8,1183.06,9464.48,PENDING,N/A,3,ERP
C11004,maria lopez,maria.lopez@example.com,300-123-4551,Co,Medellín,N/A,50,retail,laptop,9,1731.41,15582.69,unknown,2026-01-15,2,ERP
C11005,CARLOS Martinez,carlos.martinez@example.com,+57 300 747 1699,Colombia,Bogotá D.C.,2026/09/24,40,RETAIL,Mouse,2,1239.56,2479.12,active,N/A,1,ERP
C11006,Luis Garcia,luis.garcia@example.com,+573004805437,Unknown,CALI,24/09/2026,72,Enterprise,Desk,7,893.5,6254.5,pending,2026-01-15,4,ERP
C11007, JUAN  Perez,juan.perez@example.com,N/A,COLOMBIA,Bogota,not-a-date,36,Retail,Chair,8,593.95,4751.6,Active,,2,ERP
C11008,maria Pérez,maria.pérez@example.com,300-123-4584,N/A,Bogota,not-a-date,41,retail,laptop,3,1409.57,4228.71,ACTIVE,15/01/2026,5,ERP
C11009,Sofia Sanchez,sofia.sanchez@example.com,300-123-4521,Co,BOGOTA,not-a-date,72,RETAIL,Keyboard,6,700.45,4202.7,unknown,2026-01-15,4,ERP
C11010,Laura Sanchez,laura.sanchez@example.com,300-123-4590,Co,Cali,24/09/2026,35,enterprise,laptop,10,$136.65,1366.5,PENDING,2026-01-15,,ERP
C11011,Luis Garcia,luis.garcia@example.com,+57 300 957 5480,COLOMBIA,CALI,09/24/2026,63,SMB,Mouse,9,978.84,8809.56,Active,,,ERP
C11012,Juan Lopez,juan.lopez@example.com,N/A,colombia,Bogota DC,24/09/2026,75,SMB,Chair,7,255.0,1785.0,Active,2026-01-15,3,ERP
C11013,Carlos Perez,carlos.perez@example.com,N/A,Co,Medellín,2026-09-24,52,enterprise,laptop,4,1944.18,7776.72,ACTIVE,2026-01-15,2,ERP
C11014,CARLOS Sanchez,carlos.sanchez@example.com,3001451336,Colombia,MEDELLIN,not-a-date,67,Enterprise,Mouse,2,1704.42,3408.84,inactive,2026-01-15,,ERP
C11015,Carlos GARCIA,carlos.garcia@example.com,N/A,colombia,Cartagena,2026-09-24,66,smb ,Monitor,3,882.96,2648.88,active,2026-01-15,2,ERP
C11016,Sofia Pérez,sofia.pérez@example.com,300-123-4580,COLOMBIA,Bogotá D.C.,24/09/2026,48,Enterprise,laptop,9,N/A,4185.9,ACTIVE,N/A,N/A,ERP
C11017,Laura Sanchez,laura.sanchez@example.com,N/A,Co,Medellín,2026/09/24,47,SMB,Chair,8,$640.46,5123.68,inactive,15/01/2026,1,ERP
C11018, JUAN  Martinez,juan.martinez@example.com,,Co,MEDELLIN,September 24 2026,62,Enterprise,LAPTOP,4,420.2,1680.8,PENDING,,1,ERP
C11019,Juan lopez,juan.lopez@example.com,N/A,N/A,Bogotá,September 24 2026,38,RETAIL,Keyboard,3,$913.74,2741.22,Active,15/01/2026,N/A,ERP
C11020,Ana Perez,ANA.PEREZ@EXAMPLE.COM,+573009425559,COLOMBIA,Cartagena,24/09/2026,80,retail,Laptop,6,47.55,285.3,inactive,2026-01-15,4,ERP
C11021,Laura Perez,laura.perez@example.com,300-123-4561,colombia,CALI,September 24 2026,75,retail,Laptop,9,280.01,2520.09,ACTIVE,15/01/2026,4,ERP
C11022,Carlos Perez,carlos.perez@example.com,+573002910451,colombia,BOGOTA,24/09/2026,52,SMB,Keyboard,4,392.96,1571.84,ACTIVE,15/01/2026,,ERP
C11023,Diego Sanchez,diego.sanchez@example.com,N/A,colombia,Medellin,2026-09-24,46,smb ,Desk,1,1171.46,1171.46,PENDING,N/A,N/A,ERP
C11024,Laura Martinez,laura.martinez@example.com,+573008917129,COLOMBIA,Medellín,03/04/2026,43,smb ,Chair,2,363.35,726.7,Active,2026-01-15,3,ERP
C11025,Ana Perez,ana.perez@example.com,3005472823,N/A,Bogota DC,not-a-date,33,SMB,Mouse,10,326.92,3269.2,ACTIVE,,2,ERP
C11026, JUAN  GARCIA,juan.garcia@example.com,3005191647,colombia,Barranquilla,N/A,74,SMB,Mouse,7,1188.86,8322.02,ACTIVE,,3,ERP
C11027,Ana Sanchez,ana.sanchez@example.com,+57 300 867 8031,Colombia,Bogota DC,24/09/2026,43,smb ,Mouse,3,946.07,2838.21,PENDING,,5,ERP
C11028,Maria Garcia,maria.garcia@example.com,3008749473,COLOMBIA,MEDELLIN,2026-09-24,19,enterprise,Chair,4,765.28,3061.12,unknown,2026-01-15,4,ERP
C11029, JUAN  Perez,juan.perez@example.com,+57 300 849 5507,N/A,Cali,2026/09/24,80,smb ,LAPTOP,4,602.72,2410.88,inactive,15/01/2026,,ERP
C11030,Luis Pérez,luis.pérez@example.com,,colombia,CALI,24/09/2026,77,Enterprise,Chair,10,608.14,6081.4,PENDING,2026-01-15,3,ERP
C11031,maria lopez,maria.lopez@example.com,+573004761391,N/A,BOGOTA,24/09/2026,32,enterprise,Keyboard,1,785.36,785.36,PENDING,,5,ERP
C11032,Juan Garcia,juan.garcia@example.com,,Co,Cali,24/09/2026,69,retail,Laptop,5,"209,78",1048.9,active,,3,ERP
C11033, JUAN  Garcia,user@@example.com,,N/A,Bogotá,not-a-date,75,enterprise,Laptop,1,1128.02,1128.02,Active,2026-01-15,3,ERP
C11034,Carlos Garcia,carlos.garcia@example.com,+573006072816,Unknown,Bogotá,24/09/2026,74,retail,Chair,1,402.99,402.99,active,,1,ERP
C11035,Sofia lopez,sofia.lopez@example.com,,Unknown,MEDELLIN,2026-09-24,24,smb ,laptop,5,1635.66,8178.3,ACTIVE,15/01/2026,1,ERP
C11036,Maria Lopez,maria.lopez@example.com,,Unknown,Bogotá,not-a-date,22,retail,laptop,10,877.92,8779.2,active,15/01/2026,N/A,ERP
C11037,Laura Sanchez,laura.sanchez@example.com,,Unknown,CALI,2026-09-24,27,Enterprise,LAPTOP,5,161.51,807.55,inactive,,1,ERP
C11038,Diego Sanchez,diego.sanchez@example.com,+57 300 430 3875,Co,Medellin,2026/09/24,26,enterprise,Keyboard,5,1619.36,8096.8,pending,N/A,5,ERP
C11039,maria Martinez,not-an-email,,colombia,Medellin,24/09/2026,76,Enterprise,LAPTOP,6,1014.68,6088.08,unknown,,N/A,ERP
C11040,Sofia GARCIA,sofia.garcia@example.com,+57 300 994 1130,COLOMBIA,Bogota,not-a-date,23,smb ,Desk,5,452.74,2263.7,unknown,15/01/2026,,ERP
C11041,  Maria Perez  ,maria.perez@example.com,+573001989763,COLOMBIA,Cartagena,24/09/2026,80,SMB,LAPTOP,2,N/A,2154.46,Active,2026-01-15,2,ERP
C11042,Carlos Lopez,carlos.lopez@example.com,+573005659334,Co,Cali,2026-09-24,73,smb ,laptop,4,1215.93,4863.72,Active,N/A,3,ERP
C11043,Maria Garcia,maria.garcia@example.com,3004258805,Unknown,Bogota,03/04/2026,28,enterprise,Desk,9,N/A,16630.56,pending,,2,ERP
C11044,Juan Lopez,not-an-email,3002716756,Co,MEDELLIN,2026/09/24,37,Enterprise,Desk,6,261.23,1567.38,ACTIVE,N/A,N/A,ERP
C11045,CARLOS Lopez,carlos.lopez@example.com,3004745893,Colombia,BOGOTA,24/09/2026,66,smb ,Desk,9,1936.45,17428.05,ACTIVE,15/01/2026,2,ERP
C11046,Diego Perez,diego.perez@example.com,N/A,N/A,Bogotá D.C.,not-a-date,37,RETAIL,LAPTOP,1,563.73,563.73,pending,2026-01-15,5,ERP
C11047,   JUAN  GARCIA  ,juan.garcia@example.com,3006562644,Co,CALI,24/09/2026,32,enterprise,laptop,5,1788.42,8942.1,ACTIVE,15/01/2026,5,ERP
C11048, JUAN  Perez,juan.perez@example.com,,COLOMBIA,Cartagena,N/A,43,smb ,Laptop,3,1699.27,5097.81,pending,15/01/2026,3,ERP
C11049,CARLOS Lopez,carlos.lopez@example.com,+57 300 356 3852,COLOMBIA,MEDELLIN,not-a-date,67,RETAIL,Monitor,2,260.78,521.56,inactive,2026-01-15,3,ERP
C11050,maria Perez,maria.perez@example.com,3001250757,colombia,BOGOTA,2026/09/24,41,smb ,laptop,4,433.66,1734.64,ACTIVE,N/A,N/A,ERP
C11051, JUAN  Lopez,juan.lopez@example.com,3003345814,Colombia,Bogotá D.C.,09/24/2026,75,Retail,Chair,10,890.82,8908.2,inactive,15/01/2026,5,ERP
C11052,Carlos Garcia,carlos.garcia@example.com,+57 300 280 7653,COLOMBIA,MEDELLIN,09/24/2026,43,smb ,Monitor,3,1505.53,4516.59,active,2026-01-15,2,ERP
C11053,Carlos Perez,carlos.perez@example.com,+573005085564,Colombia,Medellin,03/04/2026,57,retail,LAPTOP,10,"$1,211.37",12113.7,unknown,,3,ERP
C11054,Diego Sanchez,diego.sanchez@example.com,,Colombia,Medellin,09/24/2026,46,SMB,Desk,10,"293,83",2938.3,inactive,15/01/2026,,ERP
C11055, JUAN  Garcia,juan.garcia@example.com,,Co,Barranquilla,N/A,25,Enterprise,Monitor,6,1232.41,7394.46,active,,3,ERP
C11056,Carlos lopez,carlos.lopez@example.com,+57 300 168 3048,colombia,Bogotá,09/24/2026,70,SMB,laptop,6,119.34,716.04,inactive,15/01/2026,4,ERP
C11057,  CARLOS lopez  ,carlos.lopez@example.com,3004430903,Co,BOGOTA,2026/09/24,27,Enterprise,laptop,8,717.91,5743.28,active,N/A,3,ERP
C11058,Carlos Sanchez,CARLOS.SANCHEZ@EXAMPLE.COM,N/A,Unknown,BOGOTA,not-a-date,66,retail,Desk,3,1409.05,4227.15,unknown,,5,ERP
C11059,Luis Garcia,luis.garcia@example.com,+57 300 920 9141,COLOMBIA,bogota,2026-09-24,74,SMB,Chair,4,287.53,1150.12,inactive,,3,ERP
C11060,Carlos GARCIA,carlos.garcia@example.com,3002067260,Co,Cali,not-a-date,35,Enterprise,Chair,6,1617.52,9705.12,ACTIVE,N/A,5,ERP
C11061,Laura Sanchez,laura.sanchez@example.com,+573003018529,colombia,CALI,03/04/2026,44,Retail,Chair,-1,1161.4,1161.4,unknown,2026-01-15,2,ERP
C11062,Laura GARCIA,laura.garcia@example.com,3001365490,colombia,bogota,03/04/2026,34,smb ,Mouse,5,155.17,775.85,ACTIVE,2026-01-15,4,ERP
C11063,Laura Perez,laura.perez@example.com,N/A,colombia,BOGOTA,N/A,36,Enterprise,LAPTOP,1,415.19,415.19,PENDING,15/01/2026,1,ERP
C11064,maria Sanchez,maria.sanchez@example.com,300-123-4511,Colombia,bogota,2026-09-24,30,smb ,LAPTOP,4,1698.92,6795.68,active,2026-01-15,,ERP
C11065,Juan Sanchez,juan.sanchez@example.com,300-123-4537,N/A,Barranquilla,not-a-date,72,SMB,laptop,10,1894.52,18945.2,PENDING,,2,ERP
C11066,Diego Perez,diego.perez@example.com,N/A,Unknown,BOGOTA,03/04/2026,41,RETAIL,Laptop,5,1669.55,8347.75,unknown,2026-01-15,N/A,ERP
C11067,Juan Garcia,juan.garcia@example.com,,COLOMBIA,CALI,2026-09-24,62,Retail,Laptop,1,107.09,107.09,ACTIVE,N/A,1,ERP
C11068,Luis Martinez,luis.martinez@example.com,3002272514,Colombia,Cali,2026-09-24,51,SMB,Laptop,2,1295.0,2590.0,active,15/01/2026,4,ERP
C11069, JUAN  Pérez,juan.pérez@example.com,N/A,N/A,Bogotá,September 24 2026,20,Enterprise,laptop,8,1317.55,10540.4,active,,3,ERP
C11070, JUAN  GARCIA,juan.garcia@example.com,300-123-4559,COLOMBIA,MEDELLIN,03/04/2026,40,retail,Monitor,9,406.42,3657.78,Active,2026-01-15,3,ERP
C11071,Sofia Garcia,sofia.garcia@example.com,3007201152,N/A,Medellín,24/09/2026,33,RETAIL,Laptop,10,1023.27,10232.7,active,,N/A,ERP
C11072,Sofia Sanchez,sofia.sanchez@example.com,3001072149,COLOMBIA,Bogotá,September 24 2026,68,SMB,Monitor,4,1653.21,6612.84,unknown,N/A,N/A,ERP
C11073,Juan Lopez,juan.lopez@example.com,+57 300 479 5912,colombia,MEDELLIN,2026-09-24,69,smb ,LAPTOP,4,25.23,100.92,inactive,,,ERP
C11074,Laura lopez,laura.lopez@example.com,3003027871,colombia,Bogotá,N/A,38,Retail,LAPTOP,8,1843.87,14750.96,PENDING,2026-01-15,,ERP
C11075,Luis Lopez,luis.lopez@example.com,300-123-4594,N/A,Cali,not-a-date,72,enterprise,Desk,8,196.93,1575.44,active,2026-01-15,4,ERP
C11076,Sofia GARCIA,sofia.garcia@example.com,N/A,colombia,Bogotá D.C.,03/04/2026,57,retail,Chair,7,476.71,3336.97,PENDING,15/01/2026,N/A,ERP
C11077,Sofia Martinez,sofia.martinez@example.com,+57 300 811 3986,Colombia,Bogota DC,not-a-date,66,Enterprise,laptop,10,922.72,9227.2,active,2026-01-15,3,ERP
C11078,Juan Garcia,juan.garcia@example.com,N/A,colombia,Bogota DC,N/A,20,RETAIL,Mouse,6,1438.36,8630.16,ACTIVE,15/01/2026,4,ERP
C11079,Maria Lopez,maria.lopez@example.com,,N/A,bogota,24/09/2026,50,smb ,Chair,7,1360.77,9525.39,inactive,,3,ERP
C11080,Carlos Lopez,carlos.lopez@example.com,+57 300 370 3727,Colombia,Cali,2026-09-24,20,Retail,Monitor,3,"788,33",2364.99,ACTIVE,N/A,2,ERP
C11081,Carlos lopez,carlos.lopez@example.com,+573004324362,N/A,Bogota,2026-09-24,75,enterprise,Laptop,4,1428.41,5713.64,pending,2026-01-15,,ERP
C11082,maria Martinez,maria.martinez@example.com,3006196282,COLOMBIA,Barranquilla,September 24 2026,51,retail,Desk,4,1904.16,7616.64,inactive,2026-01-15,4,ERP
C11083,Maria Martinez,maria.martinez@example.com,3009587333,Colombia,Bogota DC,2026/09/24,61,SMB,Mouse,9,1707.57,15368.13,active,,,ERP
C11084,Maria Perez,maria.perez@example.com,3001140374,Unknown,BOGOTA,09/24/2026,56,Enterprise,Chair,9,287.62,2588.58,PENDING,,,ERP
C11085,Sofia Perez,sofia.perez@example.com,+57 300 931 8959,Unknown,MEDELLIN,September 24 2026,50,SMB,Monitor,7,259.28,1814.96,active,,1,ERP
C11086,CARLOS GARCIA,carlos.garcia@example.com,3007736356,Colombia,Medellin,N/A,29,smb ,Monitor,7,1663.3,11643.1,Active,,2,ERP
C11087, JUAN  Perez,juan.perez@example.com,+573002781278,Unknown,Bogota DC,2026-09-24,39,SMB,Laptop,8,873.33,6986.64,ACTIVE,15/01/2026,1,ERP
C11088,Maria Sanchez,maria.sanchez@example.com,N/A,N/A,Bogotá,N/A,30,smb ,Keyboard,3,1898.52,5695.56,pending,2026-01-15,4,ERP
C11089,Juan Perez,juan.perez@example.com,N/A,N/A,Bogota,2026-09-24,63,smb ,LAPTOP,9,1126.74,10140.66,pending,15/01/2026,2,ERP
C11090,Juan Garcia,juan.garcia@example.com,,colombia,BOGOTA,09/24/2026,20,Enterprise,Mouse,3,1938.39,5815.17,unknown,15/01/2026,1,ERP
C11091,CARLOS Perez,carlos.perez@example.com,+573001332406,N/A,CALI,September 24 2026,68,RETAIL,Laptop,7,852.71,5968.97,PENDING,,,ERP
C10001,Sofia lopez,sofia.lopez@example.com,N/A,COLOMBIA,BOGOTA,2026/09/24,41,RETAIL,Monitor,8,1443.52,11548.16,PENDING,N/A,1,ERP
C11093,Luis GARCIA,luis.garcia@example.com,,N/A,bogota,03/04/2026,65,smb ,Chair,9,600.38,5403.42,unknown,,4,ERP
C11094,Ana GARCIA,ana.garcia@example.com,,N/A,CALI,not-a-date,69,RETAIL,Keyboard,6,19.11,114.66,Active,15/01/2026,,ERP
C11095,Diego Pérez,not-an-email,,Unknown,Cartagena,2026/09/24,20,retail,Laptop,9,932.33,-8390.97,PENDING,15/01/2026,4,ERP
C11096,Laura Martinez,laura.martinez@example.com,,Colombia,CALI,24/09/2026,80,retail,Laptop,4,66.87,267.48,ACTIVE,N/A,3,ERP
C11097,Juan Lopez,juan.lopez@example.com,300-123-4527,Colombia,bogota,24/09/2026,56,retail,Monitor,4,1503.69,6014.76,pending,2026-01-15,1,ERP
C11098,Luis Lopez,luis.lopez@example.com,300-123-4596,COLOMBIA,Bogota DC,03/04/2026,75,Retail,Keyboard,6,111.71,670.26,PENDING,N/A,,ERP
C11099,Diego Perez,diego.perez@example.com,+57 300 740 2324,colombia,Medellín,2026-09-24,48,retail,laptop,5,721.38,3606.9,inactive,,4,ERP
C11100,Ana Martinez,ana.martinez@example.com,+573006326103,Unknown,Cartagena,2026/09/24,79,SMB,Desk,3,522.08,1566.24,inactive,2026-01-15,2,ERP
C11101,Juan Perez,juan.perez@example.com,N/A,N/A,Barranquilla,09/24/2026,56,SMB,Chair,2,"993,2",1986.4,inactive,15/01/2026,2,ERP
C11102,CARLOS Garcia,carlos.garcia@example.com,N/A,Co,Bogotá D.C.,03/04/2026,79,RETAIL,Laptop,9,1872.16,16849.44,unknown,15/01/2026,N/A,ERP
C11103,Carlos Lopez,carlos.lopez@example.com,+573008908455,colombia,Bogotá,2026/09/24,46,enterprise,Mouse,3,137.21,411.63,PENDING,N/A,3,ERP
C11104,Ana GARCIA,ana.garcia@example.com,N/A,Co,Cartagena,N/A,48,RETAIL,laptop,2,821.92,1643.84,inactive,15/01/2026,2,ERP
C11105,Carlos Garcia,carlos.garcia@example.com,3001898842,N/A,Medellín,N/A,70,Enterprise,Desk,3,1104.39,3313.17,active,15/01/2026,,ERP
C11106,Juan Pérez,juan.pérez@example.com,+573008416719,colombia,Bogota,2026-09-24,40,retail,Chair,10,171.14,1711.4,PENDING,2026-01-15,,ERP
C11107, JUAN  Martinez,juan.martinez@example.com,3006195544,Co,CALI,September 24 2026,56,SMB,Desk,7,799.24,5594.68,PENDING,N/A,3,ERP
C11108,Luis Garcia,luis.garcia@example.com,+57 300 345 7946,Colombia,MEDELLIN,not-a-date,74,RETAIL,LAPTOP,9,"898,35",8085.15,Active,2026-01-15,1,ERP
C11109,Maria Martinez,maria.martinez@example.com,,Colombia,BOGOTA,September 24 2026,30,enterprise,laptop,2,1347.52,2695.04,PENDING,,N/A,ERP
C11110,Laura Martinez,laura.martinez@example.com,300-123-4564,Co,Bogotá,N/A,29,Enterprise,Mouse,1,170.78,170.78,ACTIVE,2026-01-15,5,ERP
C11111,Sofia Perez,sofia.perez@example.com,300-123-4537,COLOMBIA,Bogota DC,2026/09/24,18,Enterprise,Desk,2,1765.48,3530.96,Active,N/A,5,ERP
C11112,Diego Pérez,diego.pérez@example.com,+57 300 714 4048,Co,Bogotá,September 24 2026,33,retail,Chair,2,1354.7,2709.4,unknown,N/A,,ERP
C11113,Diego lopez,diego.lopez@example.com,+57 300 481 6954,Colombia,Bogotá D.C.,2026/09/24,30,RETAIL,Chair,9,580.13,5221.17,inactive,,2,ERP
C11114,Laura GARCIA,laura.garcia@example.com,+57 300 403 2809,Co,Bogotá D.C.,not-a-date,61,Enterprise,Laptop,2,598.09,1196.18,unknown,15/01/2026,3,ERP
C11115,Diego Pérez,diego.pérez@example.com,300-123-4537,N/A,Bogotá,not-a-date,53,smb ,Monitor,-1,1087.15,1087.15,pending,15/01/2026,2,ERP
C11116,Carlos Garcia,carlos.garcia@example.com,+57 300 159 7280,Unknown,bogota,09/24/2026,20,RETAIL,Desk,1,1873.92,1873.92,active,15/01/2026,5,ERP
C11117,Ana Perez,ana.perez@example.com,,colombia,bogota,2026-09-24,46,Retail,Desk,9,1666.94,15002.46,active,N/A,1,ERP
C11118,Luis GARCIA,luis.garcia@example.com,+57 300 464 9466,colombia,Bogotá,03/04/2026,78,Enterprise,Mouse,1,990.11,990.11,unknown,,1,ERP
C11119,Carlos lopez,carlos.lopez@example.com,300-123-4523,Co,MEDELLIN,September 24 2026,56,retail,Laptop,7,1828.57,12799.99,active,2026-01-15,,ERP
C11120,Ana Perez,ana.perez@example.com,300-123-4524,Unknown,Bogota,03/04/2026,32,smb ,Laptop,4,249.86,999.44,ACTIVE,N/A,N/A,ERP
C11121,maria Perez,maria.perez@example.com,+573007233935,Co,Bogotá D.C.,24/09/2026,50,SMB,Mouse,7,1642.45,11497.15,pending,15/01/2026,N/A,ERP
C11122,Carlos Lopez,carlos.lopez@example.com,N/A,Co,bogota,2026/09/24,62,Retail,LAPTOP,6,1757.55,10545.3,PENDING,,2,ERP
C11123,Diego Perez,diego.perez@example.com,3007006369,Unknown,Medellin,2026-09-24,64,enterprise,Monitor,5,196.69,983.45,unknown,,5,ERP
C11124,Juan GARCIA,juan.garcia@example.com,+573003275181,N/A,Cartagena,September 24 2026,76,Retail,Chair,9,1226.45,11038.05,inactive,N/A,5,ERP
C11125,Maria Garcia,maria.garcia@example.com,+57 300 736 8708,N/A,bogota,2026/09/24,48,SMB,LAPTOP,2,460.46,-920.92,PENDING,15/01/2026,,ERP
C11126,Luis Garcia,luis.garcia@example.com,3002028961,COLOMBIA,bogota,2026/09/24,29,RETAIL,Keyboard,7,1804.56,12631.92,Active,N/A,N/A,ERP
C11127,CARLOS Perez,carlos.perez@example.com,300-123-4566,Unknown,Cartagena,2026/09/24,40,enterprise,Keyboard,2,1474.32,2948.64,active,2026-01-15,3,ERP
C11128,Laura Pérez,laura.pérez@example.com,+573008842645,Colombia,CALI,09/24/2026,37,smb ,laptop,3,656.33,1968.99,active,,N/A,ERP
C11129,Ana Pérez,ana.pérez@example.com,300-123-4540,colombia,MEDELLIN,03/04/2026,42,Enterprise,laptop,7,1873.72,13116.04,pending,15/01/2026,3,ERP
C11130,Maria Garcia,maria.garcia@example.com,3001272505,colombia,Cartagena,not-a-date,35,RETAIL,Mouse,3,763.31,2289.93,Active,15/01/2026,3,ERP
C11131,Ana lopez,ana.lopez@example.com,+573008317885,Unknown,bogota,09/24/2026,64,enterprise,Monitor,7,730.32,5112.24,ACTIVE,,1,ERP
C11132,Laura Sanchez,laura.sanchez@example.com,+573009775520,COLOMBIA,BOGOTA,not-a-date,56,RETAIL,laptop,8,1732.6,13860.8,unknown,N/A,,ERP
C11133,Laura GARCIA,laura.garcia@example.com,N/A,Unknown,Medellin,not-a-date,69,Enterprise,Desk,5,1022.23,5111.15,pending,,5,ERP
C11134,maria Sanchez,maria.sanchez@example.com,+57 300 209 8496,COLOMBIA,Medellin,N/A,23,Enterprise,Monitor,10,173.25,1732.5,inactive,2026-01-15,4,ERP
C11135,Sofia Perez,sofia.perez@example.com,+57 300 845 9276,Unknown,MEDELLIN,03/04/2026,42,RETAIL,Laptop,5,1774.77,8873.85,ACTIVE,,3,ERP
C11136,Juan Pérez,juan.pérez@example.com,+57 300 824 4757,Co,Bogotá,09/24/2026,26,RETAIL,Laptop,5,1592.86,7964.3,unknown,N/A,2,ERP
C11137,Sofia Perez,sofia.perez@example.com,,N/A,Medellin,2026/09/24,29,smb ,Laptop,5,1581.28,7906.4,PENDING,15/01/2026,4,ERP
C11138,Ana Pérez,ana.pérez@example.com,300-123-4528,N/A,Medellín,03/04/2026,53,Enterprise,Monitor,10,1934.01,19340.1,pending,15/01/2026,4,ERP
C11139,Laura Perez,laura.perez@example.com,3001865796,Colombia,MEDELLIN,September 24 2026,34,Retail,LAPTOP,5,1194.32,5971.6,Active,15/01/2026,2,ERP
C11140,Sofia lopez,sofia.lopez@example.com,300-123-4525,Co,MEDELLIN,September 24 2026,37,RETAIL,Laptop,6,1773.42,10640.52,pending,,5,ERP
C11141, JUAN  lopez,juan.lopez@example.com,3005573720,colombia,Medellín,2026/09/24,78,Enterprise,Desk,9,285.29,2567.61,inactive,2026-01-15,5,ERP
C11142,  Laura Sanchez  ,laura.sanchez@example.com,+57 300 123 8864,Unknown,Cali,September 24 2026,37,Retail,Laptop,6,185.65,1113.9,PENDING,2026-01-15,N/A,ERP
C11143,Juan Sanchez,juan.sanchez@example.com,3006990612,COLOMBIA,bogota,03/04/2026,65,retail,LAPTOP,5,1055.41,5277.05,inactive,15/01/2026,4,ERP
C11144,Juan Perez, user@EXAMPLE.COM ,+573002005458,Colombia,Bogotá,not-a-date,55,enterprise,laptop,6,164.82,988.92,PENDING,N/A,3,ERP
C11145, JUAN  Martinez,juan.martinez@example.com,,N/A,Medellín,2026-09-24,37,SMB,Chair,7,1026.35,7184.45,inactive,N/A,N/A,ERP
C11146,CARLOS GARCIA,carlos.garcia@example.com,300-123-4557,Colombia,Barranquilla,September 24 2026,39,retail,LAPTOP,10,1058.24,10582.4,inactive,15/01/2026,4,ERP
C11147,Luis Perez,luis.perez@example.com,3009976312,colombia,BOGOTA,2026/09/24,22,enterprise,laptop,6,1752.58,10515.48,ACTIVE,,4,ERP
C11148, JUAN  Pérez,juan.pérez@example.com,+573001044673,Unknown,Barranquilla,03/04/2026,56,SMB,Chair,-2,1833.48,1833.48,inactive,2026-01-15,3,ERP
C11149,Laura lopez,laura.lopez@example.com,3002281022,colombia,Cali,24/09/2026,18,enterprise,Monitor,9,542.4,4881.6,PENDING,N/A,2,ERP
C11150,Maria lopez,maria.lopez@example.com,+57 300 997 1948,Co,Bogota DC,24/09/2026,76,smb ,LAPTOP,9,667.28,6005.52,Active,,5,ERP
C11151,Ana Garcia,ana.garcia@example.com,N/A,N/A,Cali,09/24/2026,22,RETAIL,Desk,7,263.0,1841.0,PENDING,2026-01-15,,ERP
C11152,Ana Perez,ana.perez@example.com,3002062236,COLOMBIA,BOGOTA,03/04/2026,48,smb ,Laptop,5,183.44,917.2,active,N/A,3,ERP
C11153,Ana Perez,ana.perez@example.com,+57 300 403 1168,Co,Medellin,03/04/2026,60,SMB,Chair,1,1777.12,1777.12,Active,N/A,N/A,ERP
C11154,Luis Pérez,luis.pérez@example.com,N/A,Co,Bogotá,24/09/2026,72,SMB,Chair,5,119.6,598.0,PENDING,2026-01-15,4,ERP
C11155,  maria Garcia  ,maria.garcia@example.com,+573003684980,COLOMBIA,CALI,24/09/2026,26,Enterprise,LAPTOP,2,291.38,582.76,PENDING,,,ERP
C11156,Diego GARCIA,missing@,+57 300 746 5439,Unknown,CALI,09/24/2026,40,Enterprise,Laptop,3,1271.95,3815.85,PENDING,15/01/2026,2,ERP
C11157,Carlos Lopez,carlos.lopez@example.com,300-123-4588,COLOMBIA,CALI,09/24/2026,65,enterprise,Laptop,4,1879.16,7516.64,PENDING,2026-01-15,2,ERP
C11158,  CARLOS GARCIA  ,carlos.garcia@example.com,+57 300 394 1469,N/A,Cali,03/04/2026,44,Retail,Keyboard,5,534.35,2671.75,unknown,2026-01-15,1,ERP
C11159,CARLOS Pérez,carlos.pérez@example.com,+573002573171,COLOMBIA,Medellin,N/A,58,SMB,Mouse,7,448.91,3142.37,active,,2,ERP
C11160,Diego Perez,diego.perez@example.com,N/A,Unknown,Bogota,2026-09-24,200,retail,Monitor,8,561.42,4491.36,active,15/01/2026,,ERP
C11161,Luis Pérez,luis.pérez@example.com,,Colombia,Barranquilla,September 24 2026,66,Enterprise,Desk,8,1464.84,11718.72,Active,N/A,N/A,ERP
C11162,Juan Pérez,juan.pérez@example.com,+573001131307,Unknown,bogota,not-a-date,73,RETAIL,LAPTOP,9,1257.31,11315.79,unknown,15/01/2026,2,ERP
C11163, JUAN  Lopez,juan.lopez@example.com,3009840625,Co,CALI,not-a-date,41,Enterprise,Laptop,7,1033.34,7233.38,pending,,4,ERP
C11164,Luis Pérez,luis.pérez@example.com,3006460208,COLOMBIA,MEDELLIN,09/24/2026,23,SMB,Desk,4,960.38,3841.52,ACTIVE,,1,ERP
C11165,CARLOS Garcia,carlos.garcia@example.com,+573008189747,COLOMBIA,Bogotá,not-a-date,66,smb ,Monitor,2,1241.45,2482.9,unknown,N/A,N/A,ERP
C11166,Diego Sanchez,diego.sanchez@example.com,+57 300 551 9673,N/A,Bogota DC,2026-09-24,54,enterprise,Desk,6,"$1,638.17",9829.02,PENDING,2026-01-15,N/A,ERP
C11167,Carlos Lopez,carlos.lopez@example.com,N/A,N/A,MEDELLIN,2026-09-24,28,Retail,Keyboard,7,1139.77,7978.39,active,2026-01-15,,ERP
C11168,Ana Martinez,ana.martinez@example.com,+573008359050,COLOMBIA,BOGOTA,not-a-date,68,enterprise,LAPTOP,7,1496.27,10473.89,inactive,2026-01-15,1,ERP
C11169,maria GARCIA,maria.garcia@example.com,+57 300 865 7601,Co,Medellín,09/24/2026,58,SMB,LAPTOP,4,1396.56,5586.24,unknown,N/A,5,ERP
C11170,Sofia Perez,sofia.perez@example.com,,Co,CALI,03/04/2026,49,enterprise,Keyboard,6,187.79,1126.74,ACTIVE,,N/A,ERP
C11171,Diego Perez,diego.perez@example.com,,Colombia,Cartagena,2026/09/24,68,RETAIL,LAPTOP,10,N/A,12182.3,ACTIVE,N/A,2,ERP
C11172,CARLOS Garcia,carlos.garcia@example.com,,Colombia,Bogota DC,2026-09-24,39,RETAIL,Keyboard,8,895.43,7163.44,PENDING,,5,ERP
C11173,Luis Martinez,luis.martinez@example.com,+573009264946,Co,Barranquilla,2026-09-24,73,retail,Keyboard,10,"290,32",2903.2,unknown,,1,ERP
C11174,Sofia Martinez,sofia.martinez@example.com,+573002841967,colombia,bogota,2026/09/24,59,RETAIL,Monitor,8,1535.33,12282.64,inactive,,5,ERP
C11175,Sofia GARCIA,sofia.garcia@example.com,N/A,COLOMBIA,MEDELLIN,03/04/2026,39,Retail,Monitor,6,1242.95,7457.7,inactive,N/A,N/A,ERP
C11176,maria Sanchez,maria.sanchez@example.com,3007858260,N/A,Barranquilla,September 24 2026,68,SMB,Keyboard,9,532.36,4791.24,inactive,15/01/2026,1,ERP
C11177,Luis Perez,luis.perez@example.com,,Co,Bogotá D.C.,2026-09-24,55,RETAIL,Chair,4,257.73,1030.92,active,15/01/2026,1,ERP
C11178,Laura Perez,laura.perez@example.com,N/A,Co,MEDELLIN,2026/09/24,61,Enterprise,LAPTOP,1,N/A,882.28,pending,2026-01-15,3,ERP
C11179,Sofia Garcia,sofia.garcia@example.com,300-123-4566,Co,Bogota,not-a-date,61,Enterprise,LAPTOP,4,978.75,3915.0,Active,2026-01-15,5,ERP
C11180, JUAN  Martinez,juan.martinez@example.com,N/A,Co,CALI,September 24 2026,18,retail,Monitor,4,941.51,3766.04,inactive,,N/A,ERP
C11181,maria GARCIA,maria.garcia@example.com,,Unknown,bogota,not-a-date,67,Enterprise,Laptop,1,1829.2,1829.2,pending,N/A,2,ERP
C11182,Sofia Lopez,sofia.lopez@example.com,N/A,Colombia,Bogotá D.C.,September 24 2026,73,SMB,LAPTOP,7,1170.72,8195.04,ACTIVE,15/01/2026,,ERP
C11183,Carlos GARCIA,carlos.garcia@example.com,+573006589274,COLOMBIA,CALI,September 24 2026,43,smb ,Monitor,6,535.57,3213.42,ACTIVE,15/01/2026,3,ERP
C11184,Maria Garcia,maria.garcia@example.com,300-123-4537,Co,Barranquilla,24/09/2026,76,Enterprise,Keyboard,9,1377.43,12396.87,unknown,15/01/2026,1,ERP
C11185, JUAN  Sanchez,juan.sanchez@example.com,+57 300 366 7258,Unknown,BOGOTA,N/A,34,Enterprise,Laptop,4,654.05,2616.2,Active,15/01/2026,1,ERP
C11186, JUAN  lopez,juan.lopez@example.com,+57 300 398 8679,Co,Medellin,03/04/2026,44,SMB,Desk,8,1942.94,15543.52,PENDING,2026-01-15,,ERP
C11187,Maria GARCIA,maria.garcia@example.com,300-123-4576,COLOMBIA,CALI,09/24/2026,53,RETAIL,Chair,5,785.96,3929.8,ACTIVE,,5,ERP
C11188,Diego lopez,diego.lopez@example.com,3001620840,colombia,Bogotá D.C.,N/A,56,retail,Monitor,7,507.84,3554.88,unknown,2026-01-15,N/A,ERP
C11189,Maria lopez,maria.lopez@example.com,N/A,N/A,Medellin,24/09/2026,27,SMB,LAPTOP,8,930.12,7440.96,unknown,15/01/2026,,ERP
C11190,Sofia Lopez,missing@,+573009557119,colombia,CALI,September 24 2026,68,smb ,laptop,1,1687.65,1687.65,active,N/A,4,ERP
C11191,Sofia lopez,sofia.lopez@example.com,+573006226075,Unknown,BOGOTA,24/09/2026,42,retail,laptop,6,1753.4,10520.4,pending,15/01/2026,3,ERP
C11192,Sofia lopez,missing@,+57 300 447 8434,colombia,Bogotá D.C.,2026/09/24,72,SMB,Chair,1,697.35,697.35,active,2026-01-15,3,ERP
C11193,Maria GARCIA,maria.garcia@example.com,300-123-4567,Co,Bogotá D.C.,2026-09-24,53,retail,Keyboard,9,1667.13,15004.17,ACTIVE,2026-01-15,N/A,ERP
C11194,maria lopez,maria.lopez@example.com,3008925877,COLOMBIA,Bogotá,N/A,32,smb ,Laptop,10,1499.35,14993.5,ACTIVE,N/A,5,ERP
C11195,Luis Perez,luis.perez@example.com,300-123-4554,Co,Medellin,03/04/2026,19,smb ,laptop,5,112.41,562.05,active,N/A,1,ERP
C11196,Juan lopez,juan.lopez@example.com,,Unknown,Bogota DC,September 24 2026,65,RETAIL,Laptop,6,1028.35,6170.1,unknown,N/A,2,ERP
C11197,maria Perez,maria.perez@example.com,+57 300 801 7229,Unknown,bogota,24/09/2026,71,Enterprise,Desk,10,372.17,3721.7,active,15/01/2026,5,ERP
C11198,Laura lopez,laura.lopez@example.com,N/A,N/A,Cartagena,N/A,75,Retail,Laptop,3,999.03,2997.09,inactive,2026-01-15,,ERP
C11199,Ana Pérez,ana.pérez@example.com,N/A,Unknown,Cali,09/24/2026,79,retail,Keyboard,3,336.29,1008.87,ACTIVE,15/01/2026,4,ERP
C11200,Juan GARCIA,juan.garcia@example.com,+57 300 954 7190,colombia,MEDELLIN,2026/09/24,43,RETAIL,Mouse,3,880.92,2642.76,inactive,2026-01-15,N/A,ERP
C11201,Juan Perez,juan.perez@example.com,N/A,colombia,Bogota DC,2026-09-24,48,RETAIL,Keyboard,6,241.73,1450.38,Active,N/A,5,ERP
C11202,Juan Pérez,juan.pérez@example.com,+57 300 878 5959,N/A,Cali,2026-09-24,48,retail,LAPTOP,7,1278.71,8950.97,active,15/01/2026,2,ERP
C11203,Maria lopez,maria.lopez@example.com,N/A,N/A,Bogotá,N/A,67,RETAIL,LAPTOP,3,949.23,2847.69,unknown,15/01/2026,3,ERP
C11204,maria Pérez,maria.pérez@example.com,+573007581732,N/A,Bogota,03/04/2026,25,retail,Desk,4,373.68,-29894.4,ACTIVE,2026-01-15,3,ERP
C11205,CARLOS Garcia,,+573009205709,Co,Medellin,2026-09-24,41,retail,Desk,2,1064.36,2128.72,ACTIVE,N/A,N/A,ERP
C11206,Juan Garcia,juan.garcia@example.com,+57 300 796 8328,Colombia,Cali,September 24 2026,32,RETAIL,Desk,7,1073.76,7516.32,Active,15/01/2026,2,ERP
C11207, JUAN  Martinez,juan.martinez@example.com,+573002475128,Colombia,Bogota DC,N/A,46,Retail,laptop,3,"808,66",2425.98,pending,2026-01-15,4,ERP
C11208,Laura lopez,missing@,N/A,Co,Cali,2026/09/24,27,RETAIL,LAPTOP,6,461.42,2768.52,pending,15/01/2026,1,ERP
C11209,Sofia Pérez,sofia.pérez@example.com,+573008442905,colombia,Bogotá D.C.,24/09/2026,56,enterprise,Desk,1,938.62,938.62,unknown,N/A,2,ERP
C11210,maria GARCIA,maria.garcia@example.com,+57 300 715 2306,Co,bogota,not-a-date,29,smb ,Keyboard,10,1936.01,19360.1,ACTIVE,,2,ERP
C11211,CARLOS Sanchez,carlos.sanchez@example.com,3008758452,colombia,Cali,September 24 2026,56,enterprise,Laptop,7,229.53,1606.71,unknown,2026-01-15,,ERP
C11212,Ana Sanchez,ana.sanchez@example.com,N/A,colombia,Medellín,03/04/2026,73,Enterprise,LAPTOP,1,1444.78,-1444.78,ACTIVE,,2,ERP
C11213,Diego GARCIA,diego.garcia@example.com,N/A,N/A,Bogota DC,2026-09-24,27,retail,Desk,4,"$1,203.19",4812.76,Active,2026-01-15,1,ERP
C11214,Maria lopez,maria.lopez@example.com,300-123-4552,COLOMBIA,Cali,September 24 2026,54,enterprise,Keyboard,1,1271.93,1271.93,inactive,15/01/2026,,ERP
C11215,Luis Lopez,luis.lopez@example.com,300-123-4598,Co,Barranquilla,09/24/2026,68,smb ,Mouse,2,505.9,1011.8,inactive,N/A,3,ERP
C11216,Juan Perez,juan.perez@example.com,+573001932848,COLOMBIA,CALI,03/04/2026,71,Retail,Keyboard,2,1293.39,2586.78,Active,N/A,N/A,ERP
C11217,Ana Garcia,ana.garcia@example.com,+573008430203,N/A,Cartagena,03/04/2026,78,SMB,LAPTOP,10,1912.36,19123.6,unknown,15/01/2026,N/A,ERP
C11218,Sofia Lopez,sofia.lopez@example.com,N/A,colombia,BOGOTA,September 24 2026,24,Enterprise,Keyboard,-1,472.56,472.56,active,2026-01-15,,ERP
C11219,Carlos Lopez,carlos.lopez@example.com,3007279849,Colombia,Medellín,03/04/2026,21,SMB,laptop,6,1832.55,10995.3,ACTIVE,2026-01-15,3,ERP
C11220,Sofia lopez,sofia.lopez@example.com,,COLOMBIA,BOGOTA,24/09/2026,70,enterprise,Laptop,5,792.61,3963.05,inactive,15/01/2026,,ERP
C11221, JUAN  Garcia,juan.garcia@example.com,,COLOMBIA,Medellín,N/A,62,Retail,Chair,5,1948.47,9742.35,inactive,N/A,,ERP
C11222,Ana Lopez,ana.lopez@example.com,300-123-4512,COLOMBIA,bogota,not-a-date,25,Retail,Laptop,3,158.12,474.36,inactive,15/01/2026,4,ERP
C11223,Maria Pérez,maria.pérez@example.com,,Colombia,Bogota,2026-09-24,44,Retail,Keyboard,8,619.08,4952.64,unknown,2026-01-15,,ERP
C11224,Diego Garcia,diego.garcia@example.com,N/A,Co,MEDELLIN,September 24 2026,53,Enterprise,Monitor,10,569.28,5692.8,active,2026-01-15,5,ERP
C11225,CARLOS Pérez,carlos.pérez@example.com,300-123-4552,N/A,CALI,09/24/2026,66,enterprise,laptop,3,N/A,1081.29,PENDING,2026-01-15,N/A,ERP
C11226,Luis lopez,luis.lopez@example.com,300-123-4512,N/A,Bogotá D.C.,03/04/2026,51,RETAIL,Keyboard,1,451.67,451.67,pending,2026-01-15,5,ERP
C11227,Ana GARCIA,ana.garcia@example.com,300-123-4565,COLOMBIA,Bogota DC,24/09/2026,51,Enterprise,Laptop,7,146.07,1022.49,ACTIVE,,N/A,ERP
C11228,maria Pérez,maria.pérez@example.com,,colombia,BOGOTA,not-a-date,59,smb ,Desk,10,"42,35",423.5,PENDING,N/A,4,ERP
C11229,  Laura Martinez  ,laura.martinez@example.com,3009070367,COLOMBIA,Bogotá D.C.,2026-09-24,71,RETAIL,Monitor,6,966.17,5797.02,active,15/01/2026,N/A,ERP
C11230,Juan Pérez,juan.pérez@example.com,,Unknown,BOGOTA,2026/09/24,47,smb ,Laptop,9,626.61,5639.49,active,15/01/2026,1,ERP
C11231,maria Garcia,maria.garcia@example.com,,colombia,MEDELLIN,not-a-date,80,enterprise,Desk,2,1140.6,2281.2,PENDING,,2,ERP
C11232,Sofia Garcia,sofia.garcia@example.com,+573003603872,N/A,Medellín,03/04/2026,58,Enterprise,laptop,1,507.13,507.13,Active,,3,ERP
C11233,Maria Pérez,maria.pérez@example.com,3002716124,Unknown,bogota,09/24/2026,67,Enterprise,Keyboard,1,831.51,831.51,unknown,15/01/2026,3,ERP
C11234,Laura Perez,laura.perez@example.com,300-123-4527,N/A,MEDELLIN,09/24/2026,43,retail,Keyboard,9,1712.46,15412.14,pending,N/A,5,ERP
C11235,Diego Martinez,diego.martinez@example.com,+573002288648,COLOMBIA,Cartagena,not-a-date,20,Retail,Mouse,2,1744.26,3488.52,PENDING,2026-01-15,5,ERP
C11236,Diego Perez, user@EXAMPLE.COM ,N/A,Co,MEDELLIN,2026/09/24,69,enterprise,Mouse,3,1695.53,5086.59,ACTIVE,,1,ERP
C11237,Juan Martinez,juan.martinez@example.com,N/A,Unknown,CALI,24/09/2026,58,Retail,Keyboard,1,690.19,690.19,ACTIVE,,4,ERP
C11238,Juan Pérez,juan.pérez@example.com,+573008604027,COLOMBIA,Medellín,not-a-date,60,retail,LAPTOP,8,147.73,1181.84,inactive,N/A,3,ERP
C11239,CARLOS lopez,carlos.lopez@example.com,300-123-4537,Co,Barranquilla,24/09/2026,34,enterprise,Keyboard,10,1939.46,19394.6,active,15/01/2026,2,ERP
C11240,CARLOS GARCIA,carlos.garcia@example.com,300-123-4531,Colombia,CALI,not-a-date,66,smb ,Laptop,6,140.08,840.48,active,15/01/2026,1,ERP
C11241, JUAN  GARCIA,juan.garcia@example.com,300-123-4538,N/A,CALI,2026/09/24,20,enterprise,Keyboard,5,568.99,2844.95,pending,,3,ERP
C11242, JUAN  Garcia,juan.garcia@example.com,300-123-4516,colombia,Bogota,2026/09/24,69,Enterprise,laptop,2,1899.87,3799.74,active,15/01/2026,1,ERP
C11243,Laura Garcia,laura.garcia@example.com,+57 300 952 1853,COLOMBIA,BOGOTA,not-a-date,28,retail,Mouse,5,181.4,907.0,PENDING,,N/A,ERP
C11244, JUAN  Sanchez,juan.sanchez@example.com,N/A,Unknown,Barranquilla,2026-09-24,24,smb ,LAPTOP,1,1456.52,1456.52,inactive,N/A,N/A,ERP
C11245,Diego Pérez,diego.pérez@example.com,300-123-4523,N/A,Cartagena,09/24/2026,31,enterprise,Monitor,5,1392.0,6960.0,unknown,15/01/2026,5,ERP
C11246,Diego Pérez,diego.pérez@example.com,300-123-4580,Co,Bogota,N/A,60,Enterprise,Laptop,2,1918.33,3836.66,ACTIVE,,3,ERP
C11247, JUAN  Garcia,juan.garcia@example.com,300-123-4525,COLOMBIA,Medellin,2026/09/24,26,retail,Desk,7,1179.02,8253.14,active,,1,ERP
C11248,Luis Pérez,missing@,,COLOMBIA,Bogota,09/24/2026,71,enterprise,LAPTOP,9,801.09,7209.81,inactive,2026-01-15,1,ERP
C11249,Juan Perez,juan.perez@example.com,300-123-4551,Colombia,BOGOTA,24/09/2026,22,Retail,Laptop,10,1128.08,11280.8,PENDING,15/01/2026,N/A,ERP
C11250, JUAN  Lopez,juan.lopez@example.com,,Unknown,Bogotá,2026/09/24,78,Enterprise,Desk,9,961.36,8652.24,PENDING,N/A,2,ERP
C11251,CARLOS GARCIA,carlos.garcia@example.com,+57 300 424 7864,Colombia,Medellín,not-a-date,67,Enterprise,laptop,9,288.02,2592.18,PENDING,N/A,N/A,ERP
C11252,CARLOS Martinez,carlos.martinez@example.com,3002952338,colombia,Cartagena,September 24 2026,45,enterprise,laptop,6,N/A,7337.28,PENDING,15/01/2026,5,ERP
C11253,Ana Lopez,ana.lopez@example.com,3007749788,COLOMBIA,bogota,09/24/2026,42,enterprise,Chair,4,527.47,2109.88,unknown,15/01/2026,3,ERP
C11254,Luis Sanchez,luis.sanchez@example.com,+57 300 354 8032,COLOMBIA,Barranquilla,24/09/2026,22,RETAIL,Laptop,4,$857.91,3431.64,unknown,N/A,N/A,ERP
C11255,Diego Lopez,diego.lopez@example.com,+57 300 724 1854,N/A,Bogota,not-a-date,62,retail,LAPTOP,5,1907.89,9539.45,Active,,3,ERP
C11256, JUAN  Sanchez,juan.sanchez@example.com,3006783115,Unknown,CALI,03/04/2026,64,smb ,LAPTOP,10,1662.85,16628.5,ACTIVE,2026-01-15,N/A,ERP
C11257,Laura Sanchez,laura.sanchez@example.com,3007568507,Unknown,Bogotá D.C.,09/24/2026,63,SMB,LAPTOP,3,791.96,2375.88,Active,N/A,2,ERP
C11258,Juan Perez,juan.perez@example.com,3009525568,Co,CALI,24/09/2026,58,SMB,Mouse,9,938.01,8442.09,active,2026-01-15,2,ERP
C11259,CARLOS lopez,carlos.lopez@example.com,+57 300 461 5761,N/A,Barranquilla,24/09/2026,48,retail,Desk,2,1691.46,3382.92,pending,,N/A,ERP
C11260,Diego Martinez,diego.martinez@example.com,,Co,bogota,09/24/2026,200,retail,Laptop,2,238.5,477.0,active,15/01/2026,2,ERP
C11261,Diego Perez,diego.perez@example.com,N/A,Co,Cartagena,September 24 2026,-5,enterprise,LAPTOP,5,1755.54,8777.7,unknown,2026-01-15,5,ERP
C11262,Juan Garcia,juan.garcia@example.com,300-123-4588,Colombia,Medellin,2026-09-24,71,Enterprise,Keyboard,-2,1717.67,1717.67,pending,,4,ERP
C11263,Juan Perez,juan.perez@example.com,,Colombia,Bogotá,09/24/2026,59,RETAIL,Laptop,7,1164.41,8150.87,ACTIVE,N/A,,ERP
C11264,Juan GARCIA,juan.garcia@example.com,3004273939,Unknown,MEDELLIN,2026-09-24,63,retail,Desk,3,1395.67,4187.01,PENDING,N/A,4,ERP
C11265,CARLOS Sanchez,carlos.sanchez@example.com,3006134876,COLOMBIA,MEDELLIN,09/24/2026,78,SMB,Chair,4,102.98,411.92,unknown,N/A,2,ERP
C11266,Laura lopez,laura.lopez@example.com,300-123-4520,Colombia,MEDELLIN,2026-09-24,35,Enterprise,laptop,1,49.55,49.55,unknown,,,ERP
C11267,Luis Lopez,luis.lopez@example.com,,Colombia,CALI,N/A,41,retail,Desk,3,1475.54,4426.62,pending,2026-01-15,,ERP
C11268,   JUAN  Martinez  ,juan.martinez@example.com,+573003395719,Colombia,Bogota DC,N/A,38,SMB,LAPTOP,2,784.22,1568.44,Active,2026-01-15,1,ERP
C11269,Ana Martinez,ana.martinez@example.com,3002019851,N/A,Medellín,September 24 2026,35,RETAIL,Chair,2,1020.1,2040.2,active,2026-01-15,N/A,ERP
C11270,Maria Martinez,maria.martinez@example.com,,colombia,MEDELLIN,N/A,76,RETAIL,Chair,7,1825.61,12779.27,pending,N/A,N/A,ERP
C11271,Maria Sanchez,maria.sanchez@example.com,+57 300 578 7486,COLOMBIA,Medellín,2026/09/24,-5,SMB,Keyboard,8,1234.8,9878.4,unknown,N/A,,ERP
C11272,Luis Sanchez,luis.sanchez@example.com,300-123-4527,Colombia,Cartagena,24/09/2026,58,SMB,Keyboard,6,472.2,2833.2,Active,,3,ERP
C11273,maria Martinez,maria.martinez@example.com,N/A,Co,MEDELLIN,24/09/2026,72,RETAIL,Mouse,9,1844.65,16601.85,ACTIVE,,N/A,ERP
C11274,Juan lopez,juan.lopez@example.com,300-123-4569,colombia,BOGOTA,not-a-date,24,retail,Monitor,4,60.83,243.32,ACTIVE,15/01/2026,1,ERP
C11275,Ana Martinez,ana.martinez@example.com,3006587327,Colombia,Bogotá D.C.,03/04/2026,23,enterprise,Desk,3,1369.92,4109.76,Active,N/A,3,ERP
C11276,maria Perez,maria.perez@example.com,+573009175518,colombia,Bogota,N/A,45,Retail,Chair,6,1174.47,7046.82,active,2026-01-15,4,ERP
C11277,Luis Garcia,luis.garcia@example.com,+57 300 371 6905,COLOMBIA,Bogota,2026-09-24,67,Enterprise,Chair,9,1855.07,16695.63,active,,2,ERP
C11278,Carlos Lopez,carlos.lopez@example.com,+573007479416,Colombia,bogota,03/04/2026,44,Enterprise,Mouse,6,18.7,112.2,PENDING,N/A,3,ERP
C11279,Diego Perez,diego.perez@example.com,3004630379,Co,Cali,09/24/2026,49,Enterprise,LAPTOP,4,1205.21,4820.84,inactive,15/01/2026,5,ERP
C11280,Juan Lopez,juan.lopez@example.com,+57 300 163 8276,colombia,Bogota,03/04/2026,43,Retail,Mouse,10,1290.2,12902.0,pending,2026-01-15,,ERP
C11281,Ana Sanchez, user@EXAMPLE.COM ,3003744581,Unknown,Medellin,24/09/2026,64,smb ,LAPTOP,4,1512.27,6049.08,active,15/01/2026,1,ERP
C11282,  Sofia Martinez  ,sofia.martinez@example.com,3001706718,Co,Barranquilla,2026/09/24,74,enterprise,Desk,4,894.5,3578.0,unknown,N/A,2,ERP
C10001, JUAN  Lopez,juan.lopez@example.com,300-123-4531,Co,Medellin,09/24/2026,80,Retail,Chair,1,524.79,524.79,unknown,N/A,N/A,ERP
C11284,Juan GARCIA,juan.garcia@example.com,+573006748566,N/A,Barranquilla,N/A,47,enterprise,Keyboard,9,508.71,4578.39,inactive,2026-01-15,3,ERP
C11285,Laura lopez,laura.lopez@example.com,N/A,N/A,Barranquilla,09/24/2026,47,Retail,Chair,3,318.58,955.74,ACTIVE,,1,ERP
C11286,  Laura Perez  ,laura.perez@example.com,+573008117654,COLOMBIA,Medellín,not-a-date,42,smb ,Monitor,7,31.04,217.28,PENDING,,1,ERP
C11287,Carlos lopez,carlos.lopez@example.com,,Unknown,Bogota,24/09/2026,41,enterprise,Desk,6,547.41,3284.46,active,N/A,N/A,ERP
C11288,  Maria lopez  ,maria.lopez@example.com,3009152030,N/A,Medellín,not-a-date,20,enterprise,Chair,2,119.08,238.16,inactive,N/A,N/A,ERP
C11289,Carlos Sanchez,carlos.sanchez@example.com,+57 300 435 2103,colombia,Bogota DC,03/04/2026,21,SMB,Keyboard,1,997.76,997.76,pending,2026-01-15,4,ERP
C11290,Carlos Martinez,carlos.martinez@example.com,300-123-4589,Unknown,Medellin,03/04/2026,41,RETAIL,Desk,10,1300.36,13003.6,PENDING,15/01/2026,3,ERP
C11291,Luis Lopez,luis.lopez@example.com,+57 300 794 5225,colombia,BOGOTA,03/04/2026,43,Enterprise,Mouse,6,430.27,2581.62,unknown,2026-01-15,4,ERP
C11292,Diego GARCIA,diego.garcia@example.com,,COLOMBIA,MEDELLIN,2026/09/24,61,RETAIL,Chair,1,647.26,647.26,pending,2026-01-15,5,ERP
C11293,Maria Sanchez,maria.sanchez@example.com,300-123-4574,colombia,Bogotá D.C.,not-a-date,28,RETAIL,Mouse,1,893.98,893.98,ACTIVE,15/01/2026,2,ERP
C11294,Laura Garcia,laura.garcia@example.com,+57 300 808 1929,Colombia,BOGOTA,September 24 2026,79,RETAIL,Chair,7,1795.16,12566.12,active,15/01/2026,5,ERP
C11295,CARLOS Martinez,carlos.martinez@example.com,+57 300 840 4253,COLOMBIA,Bogotá D.C.,2026-09-24,74,enterprise,LAPTOP,7,698.87,4892.09,unknown,N/A,5,ERP
C11296, JUAN  lopez,juan.lopez@example.com,,N/A,MEDELLIN,24/09/2026,34,RETAIL,Desk,9,617.04,5553.36,unknown,,2,ERP
C11297,Maria Sanchez,maria.sanchez@example.com,+573001795563,Co,Bogota DC,N/A,69,RETAIL,Keyboard,3,1729.9,5189.7,ACTIVE,,5,ERP
C11298,Luis lopez,luis.lopez@example.com,3001071662,N/A,Bogotá,N/A,64,SMB,Mouse,4,"1782,14",7128.56,ACTIVE,N/A,4,ERP
C11299,Ana Perez,ana.perez@example.com,N/A,N/A,BOGOTA,09/24/2026,33,smb ,Laptop,6,"1843,03",11058.18,unknown,15/01/2026,4,ERP
C11300,Juan GARCIA,juan.garcia@example.com,+57 300 130 6178,Colombia,MEDELLIN,09/24/2026,26,Enterprise,LAPTOP,8,606.02,4848.16,ACTIVE,,3,ERP
C11301,Laura Pérez,laura.pérez@example.com,N/A,N/A,Bogotá D.C.,24/09/2026,999,RETAIL,Monitor,3,981.66,2944.98,pending,N/A,4,ERP
C11302,Diego Martinez,diego.martinez@example.com,3002340581,Unknown,Bogota,not-a-date,58,RETAIL,Keyboard,9,287.62,2588.58,inactive,,5,ERP
C11303,maria Sanchez,maria.sanchez@example.com,+573008533096,N/A,Cartagena,N/A,27,smb ,LAPTOP,2,1681.07,3362.14,Active,2026-01-15,N/A,ERP
C11304,Carlos Perez,carlos.perez@example.com,300-123-4526,colombia,MEDELLIN,09/24/2026,77,Enterprise,Chair,8,281.01,2248.08,active,,N/A,ERP
C11305,  Ana Lopez  ,ana.lopez@example.com,+57 300 594 8353,colombia,Bogota DC,03/04/2026,79,Enterprise,LAPTOP,7,1078.52,7549.64,Active,,N/A,ERP
C11306,Carlos lopez,carlos.lopez@example.com,+573006546407,Unknown,Bogota DC,09/24/2026,51,smb ,Desk,10,131.18,1311.8,active,15/01/2026,3,ERP
C11307,Carlos Sanchez,carlos.sanchez@example.com,300-123-4547,Colombia,Medellin,2026/09/24,51,Enterprise,laptop,4,1593.57,6374.28,ACTIVE,2026-01-15,,ERP
C11308,maria GARCIA,maria.garcia@example.com,+573009852387,N/A,BOGOTA,not-a-date,42,retail,LAPTOP,5,564.29,2821.45,PENDING,,2,ERP
C11309,maria Garcia,maria.garcia@example.com,,Co,Bogotá D.C.,2026/09/24,46,Retail,Desk,7,485.91,3401.37,inactive,15/01/2026,1,ERP
C11310,CARLOS Pérez,carlos.pérez@example.com,N/A,COLOMBIA,Medellin,September 24 2026,19,enterprise,Laptop,4,1014.06,4056.24,ACTIVE,15/01/2026,5,ERP
C11311,Maria Perez,not-an-email,3004467952,COLOMBIA,Cali,03/04/2026,38,Enterprise,Monitor,1,1315.31,1315.31,inactive,,N/A,ERP
C11312,maria Sanchez,maria.sanchez@example.com,+573007171407,COLOMBIA,Bogotá,2026/09/24,38,enterprise,Mouse,4,779.58,3118.32,pending,N/A,3,ERP
C11313,Carlos Pérez,carlos.pérez@example.com,N/A,COLOMBIA,Bogota DC,09/24/2026,59,Enterprise,Keyboard,3,157.87,473.61,PENDING,2026-01-15,3,ERP
C11314,Sofia Lopez,sofia.lopez@example.com,+573007471262,colombia,Barranquilla,03/04/2026,47,Retail,LAPTOP,9,1098.38,9885.42,PENDING,15/01/2026,3,ERP
C11315,Luis Perez,luis.perez@example.com,+57 300 305 8151,Co,Cali,09/24/2026,54,RETAIL,Laptop,3,186.21,558.63,PENDING,N/A,1,ERP
C11316,Luis lopez,luis.lopez@example.com,300-123-4548,Unknown,Barranquilla,September 24 2026,18,RETAIL,Desk,10,1933.41,19334.1,active,N/A,2,ERP
C11317,Ana GARCIA,ana.garcia@example.com,300-123-4533,colombia,Bogota,September 24 2026,33,Retail,Keyboard,3,241.83,725.49,pending,2026-01-15,,ERP
C11318,Luis Perez,luis.perez@example.com,300-123-4584,Colombia,CALI,2026-09-24,61,retail,Mouse,6,242.86,1457.16,ACTIVE,15/01/2026,4,ERP
C11319, JUAN  Martinez,juan.martinez@example.com,+573009204999,Unknown,Cartagena,24/09/2026,80,smb ,Desk,2,179.3,358.6,ACTIVE,2026-01-15,1,ERP
C11320,Sofia Perez,sofia.perez@example.com,+573005177785,Co,Bogota DC,2026-09-24,55,smb ,LAPTOP,1,162.46,162.46,ACTIVE,,N/A,ERP
C10001,CARLOS lopez,carlos.lopez@example.com,3002974207,N/A,Cartagena,2026-09-24,60,Enterprise,Laptop,9,194.72,1752.48,Active,N/A,,ERP
C11322,maria GARCIA,maria.garcia@example.com,+573001381009,colombia,Barranquilla,09/24/2026,56,Enterprise,Laptop,7,1726.7,12086.9,active,15/01/2026,4,ERP
C11323,Maria Pérez,not-an-email,+57 300 693 9117,COLOMBIA,Barranquilla,N/A,53,enterprise,Mouse,4,603.51,2414.04,pending,N/A,N/A,ERP
C11324,Carlos Martinez,carlos.martinez@example.com,+573003384724,Unknown,Cartagena,24/09/2026,76,Retail,Chair,3,1105.32,3315.96,unknown,15/01/2026,1,ERP
C11325,Ana Sanchez,ana.sanchez@example.com,N/A,COLOMBIA,Barranquilla,2026-09-24,76,retail,Chair,8,1757.29,14058.32,ACTIVE,2026-01-15,4,ERP
C11326,Sofia Sanchez,sofia.sanchez@example.com,+57 300 380 9474,Co,Bogota,N/A,43,Retail,Keyboard,2,806.65,1613.3,ACTIVE,,5,ERP
C11327,Luis Perez,luis.perez@example.com,300-123-4557,COLOMBIA,Medellin,24/09/2026,29,Retail,Mouse,5,1409.06,7045.3,inactive,2026-01-15,1,ERP
C11328,Maria Lopez,maria.lopez@example.com,+573006700649,Co,Bogotá,September 24 2026,42,RETAIL,Laptop,5,802.49,4012.45,Active,,3,ERP
C11329,CARLOS Sanchez,carlos.sanchez@example.com,+57 300 446 6802,Unknown,Medellin,09/24/2026,32,smb ,Desk,2,1911.01,3822.02,ACTIVE,15/01/2026,N/A,ERP
C11330,Carlos Garcia,carlos.garcia@example.com,3004483946,Colombia,Cartagena,September 24 2026,52,SMB,laptop,1,656.44,656.44,inactive,N/A,N/A,ERP
C11331,Sofia Perez,sofia.perez@example.com,N/A,Co,Cali,not-a-date,58,RETAIL,Monitor,5,1493.56,7467.8,PENDING,15/01/2026,1,ERP
C11332,Luis Lopez,luis.lopez@example.com,3008176399,Colombia,Bogotá,09/24/2026,71,Enterprise,laptop,8,1399.35,11194.8,PENDING,2026-01-15,4,ERP
C11333,Ana Sanchez,ana.sanchez@example.com,+573004089097,N/A,CALI,N/A,61,smb ,Laptop,7,1106.1,7742.7,active,2026-01-15,1,ERP
C11334,Laura Perez,laura.perez@example.com,300-123-4567,N/A,Bogotá D.C.,2026/09/24,78,retail,Mouse,4,548.46,2193.84,ACTIVE,2026-01-15,N/A,ERP
C11335,Sofia Lopez,sofia.lopez@example.com,,Co,Bogota DC,2026-09-24,52,Enterprise,Keyboard,6,1320.29,7921.74,PENDING,15/01/2026,4,ERP
C11336,Laura Garcia,laura.garcia@example.com,+57 300 673 3128,Colombia,Bogotá,24/09/2026,61,RETAIL,Chair,10,1865.4,18654.0,ACTIVE,,3,ERP
C11337,Diego Garcia,diego.garcia@example.com,300-123-4583,colombia,Medellín,03/04/2026,41,SMB,Desk,3,610.93,1832.79,ACTIVE,15/01/2026,5,ERP
C11338,CARLOS lopez,CARLOS.LOPEZ@EXAMPLE.COM,3003466780,Co,Medellín,09/24/2026,39,enterprise,Laptop,3,1303.1,3909.3,pending,15/01/2026,4,ERP
C11339,CARLOS GARCIA,N/A,,colombia,CALI,2026-09-24,41,SMB,Desk,7,1518.38,10628.66,active,2026-01-15,,ERP
C11340,maria Perez,maria.perez@example.com,N/A,COLOMBIA,MEDELLIN,2026-09-24,66,RETAIL,LAPTOP,7,1879.05,13153.35,PENDING,15/01/2026,N/A,ERP
C11341,Diego lopez,diego.lopez@example.com,+57 300 985 7707,COLOMBIA,CALI,N/A,72,RETAIL,laptop,5,545.35,2726.75,unknown,,5,ERP
C11342, JUAN  Lopez,juan.lopez@example.com,+573008996508,Unknown,BOGOTA,09/24/2026,18,Retail,Mouse,1,674.35,674.35,Active,,,ERP
C11343,Diego Sanchez,diego.sanchez@example.com,N/A,COLOMBIA,Bogotá,not-a-date,76,Enterprise,Monitor,1,928.28,928.28,Active,15/01/2026,N/A,ERP
C11344,Carlos Sanchez,carlos.sanchez@example.com,3003099574,N/A,Cartagena,September 24 2026,48,Enterprise,Mouse,10,59.2,592.0,Active,,2,ERP
C11345,Laura GARCIA,laura.garcia@example.com,300-123-4599,COLOMBIA,Cartagena,09/24/2026,28,enterprise,Mouse,9,288.23,2594.07,active,15/01/2026,1,ERP
C11346,Ana Martinez,ana.martinez@example.com,,N/A,CALI,September 24 2026,31,enterprise,Mouse,1,897.08,897.08,pending,2026-01-15,3,ERP
C11347,Sofia GARCIA,sofia.garcia@example.com,300-123-4544,Co,Cali,24/09/2026,32,SMB,Chair,10,1424.62,14246.2,pending,,1,ERP
C11348,CARLOS GARCIA,carlos.garcia@example.com,+573003417252,N/A,Medellín,September 24 2026,49,retail,Chair,9,932.5,8392.5,pending,15/01/2026,5,ERP
C11349,Sofia Martinez,sofia.martinez@example.com,300-123-4587,colombia,bogota,03/04/2026,57,Retail,Monitor,8,1357.11,10856.88,unknown,2026-01-15,5,ERP
C11350,CARLOS GARCIA,carlos.garcia@example.com,+57 300 898 2322,Colombia,Bogotá D.C.,not-a-date,43,smb ,Chair,9,N/A,12109.32,Active,,2,ERP
C11351, JUAN  Pérez,juan.pérez@example.com,3004877398,colombia,Cali,N/A,37,SMB,Chair,8,313.88,2511.04,Active,N/A,5,ERP
C11352,maria Sanchez,maria.sanchez@example.com,,Colombia,bogota,September 24 2026,36,SMB,laptop,7,1309.31,9165.17,active,2026-01-15,N/A,ERP
C11353,Carlos lopez,carlos.lopez@example.com,,Co,CALI,September 24 2026,68,Enterprise,Laptop,3,1462.13,4386.39,unknown,2026-01-15,1,ERP
C11354,maria Garcia,N/A,3007649320,Unknown,Bogota DC,September 24 2026,80,enterprise,Monitor,3,615.37,1846.11,PENDING,,3,ERP
C11355,Maria lopez,maria.lopez@example.com,300-123-4522,Co,Cali,2026/09/24,36,smb ,Keyboard,6,"1122,86",6737.16,ACTIVE,,4,ERP
C11356,Ana Martinez,ana.martinez@example.com,+57 300 158 6334,Co,Bogotá,2026/09/24,60,enterprise,Mouse,7,1974.86,13824.02,inactive,,3,ERP
C11357,Ana Sanchez,ana.sanchez@example.com,+57 300 512 9324,Co,Cartagena,not-a-date,43,enterprise,LAPTOP,6,487.09,2922.54,ACTIVE,N/A,2,ERP
C11358,Luis Martinez,luis.martinez@example.com,+57 300 709 6406,Co,Medellin,not-a-date,61,Retail,Keyboard,1,"$1,013.76",1013.76,pending,N/A,,ERP
C11359,Juan Martinez,juan.martinez@example.com,,COLOMBIA,MEDELLIN,not-a-date,74,smb ,Chair,2,240.43,480.86,PENDING,N/A,5,ERP
C11360,Maria Perez,maria.perez@example.com,3009743174,N/A,Bogota,03/04/2026,41,smb ,Laptop,9,1433.09,12897.81,Active,N/A,5,ERP
C11361,Sofia lopez,sofia.lopez@example.com,+573004093038,Co,CALI,24/09/2026,72,smb ,Monitor,9,$755.82,6802.38,active,15/01/2026,3,ERP
C11362,Sofia Garcia,sofia.garcia@example.com,+57 300 857 4647,Unknown,Barranquilla,September 24 2026,50,smb ,Monitor,8,"25,5",204.0,active,15/01/2026,4,ERP
C11363,Maria GARCIA,maria.garcia@example.com,+573002245301,Co,CALI,2026-09-24,54,Retail,Desk,3,1744.35,5233.05,inactive,15/01/2026,3,ERP
C11364, JUAN  Pérez,juan.pérez@example.com,+57 300 361 9862,Unknown,Bogota DC,2026-09-24,22,Retail,Chair,3,1580.1,4740.3,ACTIVE,,4,ERP
C11365,CARLOS Garcia,carlos.garcia@example.com,,Unknown,Barranquilla,03/04/2026,64,enterprise,Desk,4,1233.02,4932.08,pending,N/A,N/A,ERP
C11366,Carlos Perez,carlos.perez@example.com,,Unknown,Bogota,24/09/2026,62,RETAIL,Monitor,10,1632.76,16327.6,active,,3,ERP
C11367,Carlos Garcia,carlos.garcia@example.com,+57 300 962 4557,Unknown,Barranquilla,not-a-date,43,Retail,Desk,2,1781.01,3562.02,active,2026-01-15,3,ERP
C11368,Juan Martinez,juan.martinez@example.com,+57 300 369 5595,Co,Cali,03/04/2026,55,enterprise,Mouse,6,1824.33,10945.98,PENDING,,5,ERP
C11369,CARLOS Pérez,CARLOS.PÉREZ@EXAMPLE.COM,3005599970,COLOMBIA,BOGOTA,not-a-date,60,SMB,Keyboard,1,724.58,724.58,inactive,15/01/2026,4,ERP
C11370,Diego Garcia,diego.garcia@example.com,300-123-4546,N/A,Medellin,2026-09-24,26,retail,Desk,7,1978.56,13849.92,inactive,15/01/2026,1,ERP
C11371,Maria GARCIA,maria.garcia@example.com,+573001132170,N/A,Bogota,not-a-date,56,Retail,Chair,5,806.04,4030.2,ACTIVE,,4,ERP
C11372,Carlos lopez,carlos.lopez@example.com,300-123-4556,N/A,Medellin,09/24/2026,78,smb ,Laptop,2,303.56,607.12,active,N/A,5,ERP
C11373,Sofia Sanchez,sofia.sanchez@example.com,+573007072773,COLOMBIA,Medellin,24/09/2026,67,Retail,Monitor,6,1795.22,10771.32,pending,N/A,,ERP
C11374,maria Martinez,maria.martinez@example.com,+57 300 253 3078,COLOMBIA,Bogota,2026/09/24,74,smb ,Desk,10,523.7,5237.0,pending,2026-01-15,2,ERP
C11375,Luis Martinez,luis.martinez@example.com,3003535547,N/A,Bogota,24/09/2026,24,Retail,Chair,7,303.07,2121.49,Active,2026-01-15,,ERP
C11376,Luis Lopez,luis.lopez@example.com,+573004641400,colombia,Barranquilla,2026/09/24,41,smb ,Desk,8,1554.84,12438.72,unknown,15/01/2026,N/A,ERP
C11377,Carlos Pérez,carlos.pérez@example.com,+57 300 231 6274,COLOMBIA,BOGOTA,2026/09/24,75,enterprise,LAPTOP,9,1516.88,13651.92,pending,N/A,4,ERP
C11378,Carlos Perez,carlos.perez@example.com,N/A,N/A,Medellín,09/24/2026,26,RETAIL,Mouse,8,1416.47,11331.76,active,2026-01-15,N/A,ERP
C11379,Ana GARCIA,ana.garcia@example.com,+57 300 205 7085,N/A,Bogotá,September 24 2026,60,Retail,Chair,8,1426.63,11413.04,active,2026-01-15,3,ERP
C11380,Luis Pérez,luis.pérez@example.com,+573006914425,colombia,BOGOTA,03/04/2026,35,RETAIL,Desk,4,1593.44,6373.76,Active,15/01/2026,5,ERP
C11381,  Diego lopez  ,not-an-email,+573004796459,Co,MEDELLIN,24/09/2026,56,Enterprise,Laptop,6,1090.05,6540.3,PENDING,2026-01-15,,ERP
C11382,Carlos Garcia,carlos.garcia@example.com,3004646534,Unknown,Bogota DC,09/24/2026,50,RETAIL,Laptop,5,99.62,498.1,inactive,15/01/2026,1,ERP
C11383,Luis lopez,luis.lopez@example.com,300-123-4581,Colombia,Bogota,03/04/2026,37,SMB,Desk,8,923.49,7387.92,inactive,,N/A,ERP
C11384,Carlos Lopez,carlos.lopez@example.com,N/A,Co,Bogotá D.C.,N/A,71,SMB,Mouse,9,1917.19,17254.71,pending,15/01/2026,2,ERP
C11385,Ana Perez,ana.perez@example.com,300-123-4561,COLOMBIA,MEDELLIN,2026/09/24,60,smb ,Keyboard,1,1090.73,1090.73,pending,15/01/2026,5,ERP
C11386,Maria Garcia,maria.garcia@example.com,+573002645475,Co,Bogotá D.C.,2026/09/24,29,SMB,laptop,7,940.69,6584.83,active,15/01/2026,N/A,ERP
C11387,Diego Pérez,diego.pérez@example.com,N/A,colombia,Medellín,03/04/2026,33,Enterprise,Desk,4,425.06,1700.24,inactive,,5,ERP
C11388,Laura lopez,laura.lopez@example.com,+57 300 469 7965,Co,Cartagena,2026/09/24,49,Enterprise,LAPTOP,10,698.63,6986.3,Active,15/01/2026,2,ERP
C11389,maria Perez,maria.perez@example.com,+57 300 515 2883,COLOMBIA,Medellín,September 24 2026,22,enterprise,LAPTOP,10,622.82,6228.2,unknown,,1,ERP
C11390,Luis Perez,luis.perez@example.com,300-123-4542,Unknown,CALI,N/A,63,Retail,Chair,5,1961.73,9808.65,inactive,15/01/2026,5,ERP
C11391,maria GARCIA,maria.garcia@example.com,+57 300 562 3973,colombia,Bogotá D.C.,not-a-date,69,RETAIL,Desk,4,870.37,3481.48,active,,N/A,ERP
C11392,CARLOS Pérez,carlos.pérez@example.com,+57 300 732 4202,Colombia,Cali,09/24/2026,25,Enterprise,Monitor,6,1240.97,7445.82,inactive,,5,ERP
C11393, JUAN  GARCIA,N/A,300-123-4574,Co,Bogota,2026/09/24,79,retail,Chair,10,432.95,4329.5,Active,N/A,2,ERP
C11394,Laura GARCIA,laura.garcia@example.com,N/A,COLOMBIA,CALI,24/09/2026,46,smb ,Mouse,7,525.97,3681.79,ACTIVE,N/A,,ERP
C11395,Laura Sanchez,laura.sanchez@example.com,3005247785,colombia,CALI,not-a-date,46,enterprise,Keyboard,10,1122.72,11227.2,ACTIVE,N/A,1,ERP
C11396,Ana lopez,ana.lopez@example.com,+573009807653,Co,Cali,24/09/2026,32,Enterprise,Keyboard,4,750.03,3000.12,PENDING,15/01/2026,5,ERP
C11397,Juan Sanchez,missing@,+573005610990,Co,Bogota DC,2026-09-24,18,enterprise,Mouse,7,1623.49,11364.43,unknown,15/01/2026,5,ERP
C11398,Laura GARCIA,laura.garcia@example.com,,Unknown,Cali,N/A,80,Enterprise,Keyboard,7,1493.68,10455.76,active,15/01/2026,3,ERP
C11399,maria Lopez,maria.lopez@example.com,+57 300 876 5647,Unknown,Bogotá D.C.,not-a-date,29,enterprise,Desk,7,1610.35,11272.45,inactive,N/A,5,ERP
C11400,CARLOS lopez,carlos.lopez@example.com,+573002462890,COLOMBIA,CALI,03/04/2026,31,smb ,LAPTOP,8,748.7,5989.6,inactive,2026-01-15,1,ERP
C11401,  Carlos lopez  ,carlos.lopez@example.com,+57 300 640 8706,colombia,Cali,not-a-date,48,Retail,LAPTOP,9,248.3,2234.7,Active,2026-01-15,4,ERP
C11402,Laura Sanchez,laura.sanchez@example.com,300-123-4541,Colombia,Medellin,03/04/2026,44,RETAIL,Laptop,-2,$983.66,983.66,inactive,2026-01-15,1,ERP
C11403,Laura Martinez,laura.martinez@example.com,3009907159,COLOMBIA,Bogotá D.C.,2026/09/24,200,enterprise,LAPTOP,9,709.03,6381.27,inactive,2026-01-15,2,ERP
C11404, JUAN  Perez,juan.perez@example.com,300-123-4594,COLOMBIA,Bogota,2026/09/24,69,enterprise,Monitor,4,174.59,698.36,PENDING,N/A,5,ERP
C11405,Ana Perez,ana.perez@example.com,+57 300 740 1551,colombia,Cali,September 24 2026,72,enterprise,Chair,6,1242.43,7454.58,inactive,2026-01-15,2,ERP
C11406,Ana Perez,ana.perez@example.com,+573007703346,N/A,Medellín,2026-09-24,-5,retail,LAPTOP,1,1288.91,1288.91,active,15/01/2026,1,ERP
C11407,Carlos Pérez,carlos.pérez@example.com,3001368958,COLOMBIA,MEDELLIN,09/24/2026,23,smb ,laptop,9,87.57,788.13,unknown,2026-01-15,N/A,ERP
C11408,Juan Martinez,JUAN.MARTINEZ@EXAMPLE.COM,3009903444,N/A,Bogota DC,09/24/2026,76,SMB,Monitor,8,975.97,7807.76,Active,N/A,5,ERP
C11409,Maria Pérez,maria.pérez@example.com,300-123-4527,N/A,Medellin,03/04/2026,77,smb ,laptop,3,1737.47,5212.41,ACTIVE,,3,ERP
C11410,maria Perez,maria.perez@example.com,,N/A,Bogota DC,2026/09/24,50,SMB,Laptop,2,683.78,1367.56,pending,2026-01-15,5,ERP
C11411,Carlos Sanchez,carlos.sanchez@example.com,300-123-4566,Colombia,MEDELLIN,03/04/2026,56,smb ,LAPTOP,6,1206.66,7239.96,PENDING,2026-01-15,2,ERP
C11412,Laura lopez,laura.lopez@example.com,+573009273855,Co,Cali,2026/09/24,54,Enterprise,Laptop,6,1419.0,8514.0,active,15/01/2026,4,ERP
C11413,Juan Sanchez,juan.sanchez@example.com,+573007980239,colombia,Bogota DC,N/A,77,RETAIL,Mouse,2,273.82,547.64,ACTIVE,2026-01-15,1,ERP
C11414,Carlos lopez,carlos.lopez@example.com,3007301591,Colombia,Barranquilla,2026/09/24,76,SMB,Mouse,3,1362.28,4086.84,ACTIVE,N/A,1,ERP
C11415,Laura Perez,laura.perez@example.com,+573005861870,COLOMBIA,Cartagena,September 24 2026,57,SMB,Desk,6,1604.83,9628.98,PENDING,15/01/2026,,ERP
C11416,Diego GARCIA,diego.garcia@example.com,+57 300 901 6834,Colombia,CALI,03/04/2026,19,SMB,Desk,1,168.12,168.12,pending,15/01/2026,2,ERP
C11417,Ana GARCIA,ana.garcia@example.com,N/A,Unknown,BOGOTA,03/04/2026,54,enterprise,laptop,9,1097.18,9874.62,active,N/A,1,ERP
C11418,Sofia Martinez,sofia.martinez@example.com,,Unknown,bogota,September 24 2026,64,SMB,laptop,4,872.52,3490.08,pending,,5,ERP
C11419,maria Martinez,maria.martinez@example.com,300-123-4567,COLOMBIA,bogota,24/09/2026,43,SMB,Chair,5,1610.73,8053.65,inactive,15/01/2026,3,ERP
C11420,Laura Sanchez,laura.sanchez@example.com,,N/A,Barranquilla,03/04/2026,53,enterprise,Desk,3,1202.55,3607.65,inactive,2026-01-15,,ERP
C11421,Luis Sanchez,luis.sanchez@example.com,+573002481631,Co,Bogotá D.C.,03/04/2026,42,SMB,LAPTOP,4,1142.38,4569.52,Active,,5,ERP
C11422,Luis Perez,luis.perez@example.com,300-123-4585,N/A,Cartagena,09/24/2026,42,SMB,LAPTOP,9,1795.78,16162.02,ACTIVE,15/01/2026,4,ERP
C11423, JUAN  lopez,juan.lopez@example.com,,Unknown,BOGOTA,03/04/2026,53,Retail,Keyboard,1,N/A,1354.22,unknown,,3,ERP
C11424,Sofia GARCIA,sofia.garcia@example.com,N/A,COLOMBIA,CALI,N/A,42,RETAIL,Keyboard,1,711.6,711.6,Active,,4,ERP
C11425,Ana Lopez,ana.lopez@example.com,+573006958120,COLOMBIA,bogota,N/A,69,Retail,Mouse,1,310.34,310.34,ACTIVE,2026-01-15,1,ERP
C11426,CARLOS Garcia,carlos.garcia@example.com,,N/A,Cali,09/24/2026,24,enterprise,Desk,6,"$1,099.19",6595.14,inactive,15/01/2026,4,ERP
C11427,Ana Lopez,ana.lopez@example.com,3005683346,Colombia,Bogota DC,N/A,53,retail,LAPTOP,7,1963.59,13745.13,pending,2026-01-15,1,ERP
C11428, JUAN  Sanchez,juan.sanchez@example.com,N/A,colombia,Bogota DC,24/09/2026,19,enterprise,Mouse,3,1409.55,4228.65,active,N/A,3,ERP
C11429,Juan lopez,juan.lopez@example.com,300-123-4515,COLOMBIA,Medellín,N/A,-5,retail,LAPTOP,3,1104.02,3312.06,active,2026-01-15,3,ERP
C11430,Ana Garcia,ana.garcia@example.com,300-123-4564,colombia,Bogotá D.C.,2026-09-24,40,Enterprise,Monitor,1,410.48,410.48,ACTIVE,,3,ERP
C11431,Carlos GARCIA,carlos.garcia@example.com,3007797834,Co,Cali,N/A,47,Retail,Monitor,-1,1807.81,1807.81,inactive,2026-01-15,1,ERP
C11432,Maria Lopez,maria.lopez@example.com,3008610816,Unknown,Bogotá D.C.,03/04/2026,41,SMB,Monitor,4,466.98,1867.92,active,N/A,,ERP
C11433,Diego Pérez,DIEGO.PÉREZ@EXAMPLE.COM,,Unknown,Bogota,03/04/2026,51,retail,Laptop,3,797.93,2393.79,ACTIVE,2026-01-15,1,ERP
C11434,CARLOS Garcia,carlos.garcia@example.com,N/A,Co,Barranquilla,2026-09-24,32,smb ,Monitor,7,1449.58,10147.06,PENDING,N/A,3,ERP
C11435,Ana lopez,ANA.LOPEZ@EXAMPLE.COM,+573003005179,Colombia,Bogotá,2026/09/24,32,smb ,LAPTOP,8,1297.05,10376.4,ACTIVE,,N/A,ERP
C11436,maria Lopez,maria.lopez@example.com,300-123-4521,Co,Barranquilla,03/04/2026,59,retail,Mouse,9,1063.08,9567.72,active,2026-01-15,,ERP
C11437,Maria Perez,maria.perez@example.com,,Colombia,Medellin,2026/09/24,59,RETAIL,Keyboard,10,1779.84,17798.4,unknown,N/A,3,ERP
C11438,Carlos Pérez,carlos.pérez@example.com,+573009346043,Colombia,Cali,09/24/2026,18,SMB,LAPTOP,7,34.58,242.06,inactive,,1,ERP
C11439,Carlos GARCIA,carlos.garcia@example.com,,Unknown,Bogotá,2026/09/24,25,SMB,Desk,10,1578.02,-15780.2,active,2026-01-15,1,ERP
C11440,Ana Lopez,ana.lopez@example.com,,N/A,Medellin,N/A,62,enterprise,LAPTOP,8,1703.76,13630.08,active,15/01/2026,1,ERP
C11441,maria Pérez,maria.pérez@example.com,300-123-4513,Colombia,Bogota DC,09/24/2026,46,smb ,laptop,6,730.41,4382.46,Active,15/01/2026,3,ERP
C11442,Diego Martinez,diego.martinez@example.com,N/A,colombia,Bogota DC,not-a-date,29,enterprise,laptop,1,220.62,220.62,pending,,2,ERP
C11443,Maria lopez,maria.lopez@example.com,3009373946,Co,Cali,September 24 2026,41,enterprise,Desk,10,1336.67,13366.7,unknown,N/A,1,ERP
C11444,Carlos Pérez,not-an-email,300-123-4542,COLOMBIA,BOGOTA,September 24 2026,58,SMB,Laptop,3,986.9,2960.7,Active,15/01/2026,N/A,ERP
C11445,Maria Martinez,maria.martinez@example.com,3006384424,Unknown,CALI,2026-09-24,50,RETAIL,Desk,8,478.49,3827.92,ACTIVE,15/01/2026,4,ERP
C11446, JUAN  Garcia,juan.garcia@example.com,300-123-4525,Colombia,Cartagena,not-a-date,32,retail,Keyboard,3,283.52,850.56,PENDING,N/A,N/A,ERP
C11447,Laura Pérez,laura.pérez@example.com,,COLOMBIA,BOGOTA,03/04/2026,49,enterprise,laptop,10,608.3,6083.0,active,15/01/2026,N/A,ERP
C11448,Sofia lopez,sofia.lopez@example.com,+573001841609,colombia,BOGOTA,09/24/2026,50,enterprise,laptop,4,1406.64,5626.56,inactive,N/A,5,ERP
C11449,Diego lopez,diego.lopez@example.com,N/A,colombia,Medellín,2026-09-24,66,smb ,Desk,10,552.45,5524.5,ACTIVE,N/A,5,ERP
C11450,Ana Pérez,ana.pérez@example.com,N/A,Co,Bogota DC,September 24 2026,52,retail,Keyboard,10,1788.36,17883.6,unknown,N/A,5,ERP
C11451,CARLOS Garcia,carlos.garcia@example.com,+573006025919,COLOMBIA,Bogota DC,not-a-date,43,RETAIL,Keyboard,2,1675.86,3351.72,inactive,15/01/2026,2,ERP
C11452,Juan Lopez,juan.lopez@example.com,,Co,Bogota,2026/09/24,33,smb ,Monitor,1,1721.59,1721.59,unknown,,3,ERP
C11453,Laura Perez,LAURA.PEREZ@EXAMPLE.COM,300-123-4516,Colombia,bogota,24/09/2026,54,retail,Keyboard,6,387.87,2327.22,PENDING,15/01/2026,1,ERP
C11454,Laura Pérez,laura.pérez@example.com,+57 300 142 6528,Unknown,Bogota DC,2026-09-24,51,enterprise,laptop,6,391.57,2349.42,ACTIVE,15/01/2026,4,ERP
C11455,Sofia Garcia,sofia.garcia@example.com,+57 300 782 7114,colombia,Cali,24/09/2026,63,enterprise,Keyboard,5,348.67,1743.35,pending,N/A,1,ERP
C11456,Luis Garcia,luis.garcia@example.com,N/A,Co,Bogotá D.C.,2026-09-24,30,Retail,LAPTOP,5,830.25,4151.25,active,2026-01-15,5,ERP
C11457, JUAN  Sanchez,juan.sanchez@example.com,+573007559954,N/A,Bogota DC,not-a-date,57,enterprise,laptop,2,302.28,604.56,inactive,,3,ERP
C11458,Luis Garcia,luis.garcia@example.com,+57 300 295 3449,COLOMBIA,bogota,09/24/2026,30,enterprise,Keyboard,6,443.28,2659.68,PENDING,15/01/2026,1,ERP
C11459,Carlos Lopez,carlos.lopez@example.com,+57 300 357 7464,Unknown,Medellin,09/24/2026,58,Enterprise,Laptop,-2,633.14,633.14,unknown,15/01/2026,4,ERP
C11460,  Laura GARCIA  ,laura.garcia@example.com,,colombia,Bogotá,N/A,76,Retail,Desk,7,611.74,4282.18,PENDING,,3,ERP
C11461,Carlos Sanchez,CARLOS.SANCHEZ@EXAMPLE.COM,+57 300 346 4582,COLOMBIA,bogota,09/24/2026,62,Enterprise,Monitor,10,991.16,9911.6,ACTIVE,N/A,1,ERP
C11462,Diego Martinez,diego.martinez@example.com,3004924753,Co,MEDELLIN,September 24 2026,32,SMB,Chair,2,346.83,693.66,pending,15/01/2026,1,ERP
C11463,Laura Perez,laura.perez@example.com,N/A,COLOMBIA,BOGOTA,24/09/2026,57,RETAIL,Desk,10,1643.03,16430.3,PENDING,15/01/2026,1,ERP
C11464,Sofia Perez,sofia.perez@example.com,+57 300 771 1054,Co,MEDELLIN,03/04/2026,64,Enterprise,Chair,5,1320.66,6603.3,Active,,,ERP
C11465,Maria Martinez,user@@example.com,+573005315180,N/A,Bogota DC,September 24 2026,65,enterprise,laptop,3,747.87,2243.61,ACTIVE,2026-01-15,3,ERP
C11466,Maria GARCIA,maria.garcia@example.com,+573007890755,N/A,Bogota,2026-09-24,39,RETAIL,laptop,4,1615.31,6461.24,inactive,N/A,2,ERP
C11467,Laura Lopez,laura.lopez@example.com,,COLOMBIA,CALI,September 24 2026,30,Enterprise,Monitor,3,1652.82,4958.46,Active,N/A,,ERP
C11468,Maria Garcia,maria.garcia@example.com,+57 300 424 7932,Colombia,Medellin,09/24/2026,23,SMB,Monitor,4,1976.17,7904.68,unknown,15/01/2026,5,ERP
C11469,  Luis Perez  ,luis.perez@example.com,,N/A,Bogotá D.C.,2026/09/24,44,Retail,laptop,6,1358.25,8149.5,inactive,2026-01-15,1,ERP
C11470,Carlos Sanchez,carlos.sanchez@example.com,,COLOMBIA,BOGOTA,09/24/2026,30,SMB,Keyboard,2,1217.1,2434.2,PENDING,2026-01-15,4,ERP
C11471,Luis Martinez,luis.martinez@example.com,+57 300 232 2711,COLOMBIA,Barranquilla,03/04/2026,73,Enterprise,Keyboard,1,"796,25",796.25,Active,N/A,1,ERP
C11472,Laura Lopez,laura.lopez@example.com,,Co,Medellin,N/A,23,Enterprise,Desk,2,1603.47,3206.94,ACTIVE,,,ERP
C11473,Maria Martinez,maria.martinez@example.com,N/A,COLOMBIA,Barranquilla,2026/09/24,32,enterprise,Chair,3,1018.29,3054.87,pending,N/A,,ERP
C11474,Maria lopez,maria.lopez@example.com,,Unknown,Bogotá,03/04/2026,43,smb ,Monitor,1,1271.03,1271.03,Active,15/01/2026,N/A,ERP
C11475,Diego Lopez,diego.lopez@example.com,3004208029,colombia,Bogota,N/A,46,SMB,Desk,10,71.88,718.8,PENDING,2026-01-15,1,ERP
C11476,Sofia Martinez,sofia.martinez@example.com,,Co,Barranquilla,not-a-date,40,enterprise,LAPTOP,4,541.29,2165.16,PENDING,,N/A,ERP
C11477,Carlos Garcia,not-an-email,N/A,COLOMBIA,Bogotá,N/A,37,Retail,Keyboard,2,1566.76,3133.52,pending,2026-01-15,4,ERP
C11478,Diego lopez,diego.lopez@example.com,+573003115321,Unknown,Medellín,2026-09-24,70,Enterprise,Laptop,8,524.93,4199.44,Active,2026-01-15,2,ERP
C11479,Carlos Pérez,CARLOS.PÉREZ@EXAMPLE.COM,3004760258,colombia,CALI,2026/09/24,26,smb ,Laptop,7,1547.63,10833.41,ACTIVE,2026-01-15,,ERP
C11480,Ana Garcia,ana.garcia@example.com,N/A,COLOMBIA,BOGOTA,24/09/2026,28,retail,Mouse,1,1059.52,1059.52,active,,,ERP
C11481,Luis Pérez,luis.pérez@example.com,+573003785875,Co,Cartagena,09/24/2026,56,SMB,Desk,8,499.0,3992.0,ACTIVE,N/A,1,ERP
C11482,Sofia Martinez,sofia.martinez@example.com,+573003071519,Colombia,BOGOTA,2026-09-24,34,SMB,Chair,2,1673.57,3347.14,PENDING,,5,ERP
C11483,Ana Perez,ana.perez@example.com,3002264790,COLOMBIA,Cartagena,2026/09/24,59,Enterprise,laptop,8,1893.0,15144.0,active,15/01/2026,,ERP
C11484,Diego Garcia,diego.garcia@example.com,,Unknown,bogota,09/24/2026,23,SMB,Monitor,6,882.79,5296.74,active,,5,ERP
C11485,Maria Sanchez,maria.sanchez@example.com,3001526795,Unknown,MEDELLIN,03/04/2026,30,Retail,Monitor,6,1652.7,9916.2,active,15/01/2026,,ERP
C11486,Laura Pérez,laura.pérez@example.com,+573008567612,COLOMBIA,Cartagena,N/A,34,RETAIL,Chair,5,722.68,3613.4,ACTIVE,N/A,,ERP
C11487,maria Martinez,maria.martinez@example.com,300-123-4511,COLOMBIA,Cartagena,N/A,54,retail,Desk,9,786.45,7078.05,inactive,N/A,5,ERP
C11488,Ana Pérez,ana.pérez@example.com,+57 300 768 7223,Colombia,Bogotá,September 24 2026,19,smb ,Chair,5,322.75,1613.75,active,,5,ERP
C11489,maria Martinez,maria.martinez@example.com,3001521470,colombia,bogota,not-a-date,43,RETAIL,Laptop,6,1786.58,10719.48,PENDING,2026-01-15,,ERP
C11490,Ana Sanchez,ana.sanchez@example.com,300-123-4529,N/A,Bogotá D.C.,2026/09/24,53,RETAIL,Keyboard,3,493.17,1479.51,pending,,N/A,ERP
C11491,Sofia Pérez,sofia.pérez@example.com,,colombia,CALI,September 24 2026,24,RETAIL,Laptop,5,1727.7,8638.5,Active,15/01/2026,2,ERP
C11492,maria Martinez,maria.martinez@example.com,300-123-4569,Unknown,Medellin,24/09/2026,76,retail,laptop,1,N/A,560.78,active,15/01/2026,1,ERP
C11493,Sofia Perez,sofia.perez@example.com,300-123-4514,Co,Medellín,09/24/2026,67,Enterprise,Keyboard,6,347.72,2086.32,Active,,2,ERP
C11494,maria Martinez,maria.martinez@example.com,,Colombia,bogota,24/09/2026,46,Enterprise,Laptop,4,1541.78,6167.12,inactive,2026-01-15,4,ERP
C11495,Carlos Garcia,carlos.garcia@example.com,,colombia,Bogota,2026-09-24,68,enterprise,Mouse,6,998.47,5990.82,active,N/A,5,ERP
C11496,Laura Martinez,laura.martinez@example.com,300-123-4539,Unknown,Bogota DC,24/09/2026,46,Retail,LAPTOP,4,269.06,1076.24,PENDING,N/A,N/A,ERP
C11497,Laura Pérez,laura.pérez@example.com,N/A,Unknown,Cali,09/24/2026,999,smb ,Keyboard,1,353.91,353.91,ACTIVE,2026-01-15,2,ERP
C11498,Ana Pérez,ana.pérez@example.com,N/A,colombia,BOGOTA,2026-09-24,76,Retail,Laptop,10,934.47,9344.7,unknown,15/01/2026,4,ERP
C11499,Juan Sanchez,juan.sanchez@example.com,+57 300 112 3773,Unknown,Bogota DC,03/04/2026,21,enterprise,laptop,9,1302.76,11724.84,ACTIVE,2026-01-15,3,ERP
C11500,Juan Sanchez,juan.sanchez@example.com,+573007917271,COLOMBIA,Cartagena,09/24/2026,61,retail,Keyboard,8,864.2,6913.6,unknown,2026-01-15,N/A,ERP
C11501,Sofia Perez,sofia.perez@example.com,+573009170402,COLOMBIA,Bogota,not-a-date,60,Enterprise,Chair,5,410.37,2051.85,pending,,5,ERP
C11502,Sofia Pérez,sofia.pérez@example.com,300-123-4592,Co,Medellín,03/04/2026,47,Retail,laptop,7,192.38,1346.66,Active,15/01/2026,3,ERP
C11503,maria Martinez,maria.martinez@example.com,+573009749939,Colombia,Cartagena,not-a-date,80,enterprise,Desk,8,$548.11,4384.88,ACTIVE,N/A,4,ERP
C11504,maria Lopez,maria.lopez@example.com,,colombia,BOGOTA,09/24/2026,28,Retail,Laptop,4,1554.87,6219.48,pending,2026-01-15,,ERP
C11505,Sofia lopez,sofia.lopez@example.com,,Unknown,BOGOTA,03/04/2026,37,Enterprise,Laptop,7,23.75,3325.0,PENDING,,2,ERP
C11506,Juan Martinez,juan.martinez@example.com,3007805884,Colombia,Barranquilla,N/A,26,Enterprise,Laptop,6,1873.06,11238.36,inactive,,1,ERP
C11507,Juan lopez,juan.lopez@example.com,+57 300 951 5554,Unknown,Medellín,September 24 2026,21,Retail,Chair,10,1736.69,17366.9,Active,,5,ERP
C11508,Laura GARCIA,laura.garcia@example.com,,Colombia,Bogotá D.C.,N/A,38,retail,Desk,6,879.88,5279.28,pending,N/A,3,ERP
C11509,Ana Garcia,ana.garcia@example.com,300-123-4532,COLOMBIA,Cali,09/24/2026,31,smb ,Laptop,10,1269.66,12696.6,active,2026-01-15,4,ERP
C11510,Maria Martinez,maria.martinez@example.com,+573005581930,Colombia,Bogotá D.C.,not-a-date,77,RETAIL,Chair,7,"1592,19",11145.33,pending,,5,ERP
C11511,Ana Garcia,ana.garcia@example.com,300-123-4593,Co,Medellin,not-a-date,49,Retail,Monitor,8,805.0,6440.0,Active,N/A,1,ERP
C11512, JUAN  Pérez,juan.pérez@example.com,+57 300 546 6092,Co,Bogota DC,N/A,49,RETAIL,Keyboard,5,1079.2,5396.0,Active,15/01/2026,2,ERP
C11513,Juan GARCIA,juan.garcia@example.com,N/A,COLOMBIA,Medellin,N/A,47,smb ,Chair,4,869.27,3477.08,Active,15/01/2026,5,ERP
C11514,Juan Martinez,juan.martinez@example.com,N/A,N/A,Bogota,24/09/2026,62,Enterprise,Monitor,10,485.74,4857.4,ACTIVE,N/A,5,ERP
C11515, JUAN  Pérez,juan.pérez@example.com,N/A,Colombia,Medellín,September 24 2026,43,enterprise,Mouse,2,830.02,1660.04,PENDING,N/A,5,ERP
C11516,Laura Garcia,laura.garcia@example.com,3008248196,N/A,Medellin,09/24/2026,69,Retail,laptop,10,1771.6,17716.0,pending,N/A,5,ERP
C11517,maria Garcia,maria.garcia@example.com,+573008123072,Colombia,Medellín,not-a-date,58,enterprise,Desk,3,792.74,2378.22,Active,N/A,4,ERP
C11518,Laura Perez,laura.perez@example.com,N/A,COLOMBIA,CALI,09/24/2026,38,Retail,Laptop,3,383.87,1151.61,PENDING,2026-01-15,3,ERP
C11519,Sofia GARCIA,sofia.garcia@example.com,+57 300 840 5434,COLOMBIA,BOGOTA,2026-09-24,24,SMB,LAPTOP,7,1268.02,8876.14,inactive,15/01/2026,2,ERP
C11520,Sofia Martinez,sofia.martinez@example.com,300-123-4592,colombia,Cartagena,2026/09/24,38,RETAIL,Laptop,10,"1677,99",16779.9,inactive,N/A,3,ERP
C11521,Sofia Perez,sofia.perez@example.com,N/A,Colombia,Cali,September 24 2026,58,Retail,Desk,10,936.6,9366.0,inactive,2026-01-15,1,ERP
C11522,CARLOS Lopez,carlos.lopez@example.com,,COLOMBIA,Bogota DC,N/A,59,RETAIL,laptop,7,521.94,3653.58,ACTIVE,15/01/2026,4,ERP
C11523,Maria Lopez,maria.lopez@example.com,,COLOMBIA,BOGOTA,24/09/2026,73,SMB,Mouse,5,1418.53,7092.65,pending,15/01/2026,1,ERP
C11524,Diego Lopez,diego.lopez@example.com,300-123-4546,colombia,Medellín,24/09/2026,48,RETAIL,Mouse,10,271.88,2718.8,pending,2026-01-15,N/A,ERP
C11525,Sofia Pérez,sofia.pérez@example.com,,Colombia,Barranquilla,24/09/2026,29,RETAIL,Keyboard,1,1415.33,1415.33,Active,2026-01-15,4,ERP
C11526,Luis Martinez,luis.martinez@example.com,3008019638,COLOMBIA,bogota,not-a-date,28,Enterprise,Laptop,1,932.14,932.14,unknown,15/01/2026,N/A,ERP
C11527, JUAN  lopez,juan.lopez@example.com,N/A,N/A,Medellín,03/04/2026,66,Enterprise,Monitor,-2,1800.03,1800.03,ACTIVE,,4,ERP
C11528,Sofia GARCIA,sofia.garcia@example.com,+573001466573,Colombia,Bogota DC,not-a-date,35,RETAIL,Chair,4,1426.36,5705.44,PENDING,N/A,2,ERP
C11529,Sofia Garcia,sofia.garcia@example.com,,Co,Bogota,not-a-date,71,Retail,Mouse,7,779.34,5455.38,PENDING,N/A,2,ERP
C11530,Laura Pérez,?,null,Co,,03/04/2026,-5,retail,Mouse,3,264.49,793.47,inactive,15/01/2026,4,ERP
C11531,Diego Perez,diego.perez@example.com,N/A,COLOMBIA,CALI,2026-09-24,72,smb ,LAPTOP,9,1582.25,14240.25,ACTIVE,15/01/2026,N/A,ERP
C11532,Ana Lopez,ana.lopez@example.com,N/A,N/A,CALI,N/A,34,RETAIL,Desk,7,1338.55,9369.85,inactive,15/01/2026,4,ERP
C11533,CARLOS Perez,carlos.perez@example.com,300-123-4561,Unknown,Medellin,2026/09/24,80,enterprise,LAPTOP,10,1128.4,225680.0,PENDING,15/01/2026,N/A,ERP
C11534,Sofia Perez,sofia.perez@example.com,300-123-4583,Co,BOGOTA,N/A,68,SMB,Keyboard,7,1702.05,11914.35,PENDING,15/01/2026,,ERP
C11535,Diego Lopez,DIEGO.LOPEZ@EXAMPLE.COM,,Colombia,MEDELLIN,2026/09/24,61,Retail,Chair,5,1956.5,9782.5,unknown,,5,ERP
C11536,Diego Lopez,diego.lopez@example.com,3009753974,Unknown,Medellin,03/04/2026,35,enterprise,Monitor,10,517.1,5171.0,inactive,2026-01-15,,ERP
C11537,Maria Martinez,maria.martinez@example.com,N/A,Co,Medellín,09/24/2026,33,enterprise,Mouse,2,1484.99,2969.98,PENDING,15/01/2026,5,ERP
C11538, JUAN  Perez,juan.perez@example.com,3001466456,colombia,BOGOTA,September 24 2026,24,smb ,Chair,6,21.75,130.5,PENDING,2026-01-15,,ERP
C11539,CARLOS Martinez,carlos.martinez@example.com,+57 300 104 3907,colombia,Bogotá,03/04/2026,29,SMB,Desk,9,858.63,7727.67,inactive,2026-01-15,N/A,ERP
C11540,Sofia GARCIA,sofia.garcia@example.com,N/A,COLOMBIA,MEDELLIN,09/24/2026,58,retail,Keyboard,2,758.67,1517.34,Active,N/A,,ERP
C11541, JUAN  lopez,juan.lopez@example.com,N/A,COLOMBIA,Bogota,09/24/2026,25,Retail,Mouse,1,1383.0,1383.0,PENDING,2026-01-15,N/A,ERP
C11542, JUAN  Perez,juan.perez@example.com,3005748492,colombia,CALI,24/09/2026,28,SMB,Monitor,1,1723.63,1723.63,Active,15/01/2026,N/A,ERP
C11543,Laura GARCIA,laura.garcia@example.com,+57 300 989 1703,N/A,Bogota,not-a-date,24,Retail,laptop,10,587.37,5873.7,inactive,,4,ERP
C11544, JUAN  Garcia,juan.garcia@example.com,+57 300 579 9798,colombia,Bogota,2026-09-24,29,enterprise,Keyboard,6,799.98,4799.88,active,15/01/2026,4,ERP
C11545,CARLOS Pérez,carlos.pérez@example.com,N/A,colombia,MEDELLIN,2026/09/24,51,RETAIL,Chair,2,692.01,27680.4,inactive,N/A,4,ERP
C11546,Juan Martinez,juan.martinez@example.com,N/A,COLOMBIA,Barranquilla,September 24 2026,59,Retail,laptop,1,791.48,791.48,inactive,N/A,2,ERP
C11547,Laura Lopez,laura.lopez@example.com,+57 300 553 4971,Colombia,Medellin,September 24 2026,25,retail,Chair,9,269.57,2426.13,pending,N/A,1,ERP
C11548,Maria Perez,maria.perez@example.com,,Co,Cali,2026/09/24,48,Enterprise,Chair,5,$954.49,4772.45,Active,N/A,N/A,ERP
C11549,CARLOS Garcia,carlos.garcia@example.com,N/A,Colombia,Cartagena,2026-09-24,19,smb ,Keyboard,5,169.7,848.5,unknown,2026-01-15,3,ERP
C11550,Diego lopez,diego.lopez@example.com,+573006676201,Co,Medellín,03/04/2026,54,smb ,Laptop,1,87.63,87.63,Active,2026-01-15,2,ERP
C11551,CARLOS Martinez,carlos.martinez@example.com,3006122649,Unknown,Cali,09/24/2026,46,enterprise,Desk,3,387.3,1161.9,unknown,N/A,2,ERP
C11552,Sofia lopez,sofia.lopez@example.com,300-123-4599,N/A,Cali,not-a-date,75,smb ,Keyboard,1,1803.27,1803.27,unknown,15/01/2026,4,ERP
C11553,Luis Sanchez,luis.sanchez@example.com,+573007591745,colombia,Bogota DC,09/24/2026,26,smb ,Mouse,10,1468.76,14687.6,unknown,,2,ERP
C11554,Luis Perez,luis.perez@example.com,3007895627,Co,BOGOTA,03/04/2026,35,Enterprise,LAPTOP,2,1756.28,3512.56,unknown,15/01/2026,,ERP
C11555, JUAN  GARCIA,juan.garcia@example.com,+573005753192,Colombia,Bogotá,09/24/2026,41,Enterprise,Monitor,2,1769.22,3538.44,ACTIVE,2026-01-15,5,ERP
C11556,Luis Sanchez,luis.sanchez@example.com,N/A,Unknown,Bogotá,24/09/2026,52,Retail,Chair,3,1538.87,4616.61,ACTIVE,15/01/2026,,ERP
C11557,Laura Lopez,laura.lopez@example.com,+573008418204,colombia,Bogota,24/09/2026,46,Retail,Desk,6,1815.76,10894.56,ACTIVE,N/A,,ERP
C11558,Maria Sanchez,maria.sanchez@example.com,N/A,Colombia,Barranquilla,September 24 2026,29,enterprise,laptop,4,1916.14,7664.56,Active,2026-01-15,3,ERP
C11559,Diego Sanchez,diego.sanchez@example.com,3007441237,Co,Cartagena,24/09/2026,65,smb ,Chair,2,N/A,2534.98,Active,2026-01-15,N/A,ERP
C11560,Laura Sanchez,laura.sanchez@example.com,,colombia,Bogota DC,24/09/2026,58,Retail,LAPTOP,-2,1700.51,1700.51,PENDING,2026-01-15,2,ERP
C11561,Maria GARCIA,maria.garcia@example.com,N/A,Colombia,MEDELLIN,24/09/2026,77,Enterprise,laptop,9,1990.11,17910.99,ACTIVE,15/01/2026,N/A,ERP
C11562,maria Sanchez, user@EXAMPLE.COM ,+573008594351,colombia,Medellín,2026-09-24,28,retail,Mouse,1,578.98,578.98,PENDING,,,ERP
C11563, JUAN  GARCIA,juan.garcia@example.com,,Unknown,BOGOTA,N/A,56,Retail,Monitor,10,1950.82,19508.2,ACTIVE,15/01/2026,4,ERP
C11564,Laura lopez,laura.lopez@example.com,+57 300 647 4423,COLOMBIA,BOGOTA,03/04/2026,48,enterprise,Laptop,2,1177.39,2354.78,Active,2026-01-15,3,ERP
C11565,Diego Perez,diego.perez@example.com,N/A,Colombia,Bogota,24/09/2026,44,Retail,Keyboard,5,1815.33,9076.65,Active,15/01/2026,4,ERP
C11566,Carlos Lopez,carlos.lopez@example.com,+573001391569,colombia,Cartagena,September 24 2026,40,RETAIL,Mouse,1,1965.51,1965.51,inactive,N/A,,ERP
C11567,Laura Pérez,laura.pérez@example.com,300-123-4538,colombia,Bogota DC,24/09/2026,74,smb ,Keyboard,9,1599.82,14398.38,inactive,15/01/2026,4,ERP
C11568,maria Perez,maria.perez@example.com,,COLOMBIA,CALI,not-a-date,76,smb ,Laptop,5,1523.96,7619.8,Active,,1,ERP
C11569,Ana Pérez,ana.pérez@example.com,,N/A,BOGOTA,03/04/2026,23,SMB,Desk,5,1132.82,5664.1,inactive,2026-01-15,N/A,ERP
C11570,Ana Pérez,ana.pérez@example.com,+57 300 172 6116,Unknown,Medellín,24/09/2026,35,retail,Desk,6,801.77,4810.62,Active,,5,ERP
C11571,Carlos GARCIA,carlos.garcia@example.com,+573009515926,Colombia,MEDELLIN,September 24 2026,24,smb ,Monitor,10,179.21,1792.1,ACTIVE,15/01/2026,3,ERP
C11572,Maria Sanchez,maria.sanchez@example.com,+57 300 985 8043,Unknown,BOGOTA,24/09/2026,58,Enterprise,Desk,4,947.74,3790.96,PENDING,2026-01-15,N/A,ERP
C11573,Diego lopez,diego.lopez@example.com,300-123-4568,colombia,Bogota DC,03/04/2026,37,smb ,laptop,5,1772.39,8861.95,active,N/A,1,ERP
C11574,Carlos GARCIA,carlos.garcia@example.com,N/A,N/A,MEDELLIN,24/09/2026,64,RETAIL,Monitor,4,385.3,1541.2,PENDING,N/A,,ERP
C11575,  Juan lopez  ,juan.lopez@example.com,300-123-4511,colombia,Bogotá,N/A,46,Enterprise,Keyboard,2,1998.16,3996.32,pending,,2,ERP
C11576,Luis Lopez,luis.lopez@example.com,N/A,Unknown,Cali,September 24 2026,36,retail,Desk,10,961.19,9611.9,inactive,N/A,,ERP
C11577,Maria Lopez,maria.lopez@example.com,+573006035780,COLOMBIA,Medellin,not-a-date,78,RETAIL,Monitor,6,143.77,862.62,Active,N/A,2,ERP
C11578,maria Perez,maria.perez@example.com,300-123-4577,Colombia,Bogotá,N/A,49,SMB,Keyboard,6,1782.25,10693.5,inactive,N/A,4,ERP
C11579,Juan Martinez,juan.martinez@example.com,,N/A,Medellin,September 24 2026,19,Retail,Mouse,5,928.24,4641.2,active,N/A,4,ERP
C11580,Maria Martinez, user@EXAMPLE.COM ,+573007464952,Unknown,Cartagena,September 24 2026,48,Enterprise,Desk,3,584.28,1752.84,PENDING,15/01/2026,5,ERP
C11581,Sofia Garcia,sofia.garcia@example.com,+573009524340,Colombia,Cali,not-a-date,40,retail,Chair,2,735.96,1471.92,PENDING,N/A,2,ERP
C11582,Diego Sanchez,N/A,+57 300 479 6137,Co,Cali,09/24/2026,32,Enterprise,laptop,6,383.88,2303.28,pending,N/A,2,ERP
C11583,Maria Lopez,maria.lopez@example.com,300-123-4584,colombia,Bogota,24/09/2026,53,RETAIL,LAPTOP,8,1656.28,13250.24,inactive,,N/A,ERP
C11584,Juan Sanchez,juan.sanchez@example.com,,Co,Medellin,2026-09-24,23,retail,laptop,3,1883.17,5649.51,unknown,2026-01-15,5,ERP
C11585,Maria GARCIA,maria.garcia@example.com,+573007087122,N/A,Barranquilla,N/A,32,RETAIL,Desk,1,308.31,308.31,inactive,15/01/2026,3,ERP
C11586,Diego Sanchez,diego.sanchez@example.com,,N/A,Medellin,N/A,20,retail,Monitor,3,46.75,140.25,Active,N/A,N/A,ERP
C11587,Ana Pérez,ana.pérez@example.com,N/A,N/A,Bogotá,not-a-date,18,enterprise,Monitor,7,1348.47,9439.29,Active,15/01/2026,N/A,ERP
C11588,CARLOS Garcia,carlos.garcia@example.com,N/A,colombia,MEDELLIN,2026/09/24,19,Retail,Mouse,4,853.56,3414.24,Active,,4,ERP
C11589,Sofia Sanchez,sofia.sanchez@example.com,,colombia,Barranquilla,24/09/2026,56,RETAIL,Monitor,1,986.23,986.23,Active,15/01/2026,,ERP
C11590,Laura Pérez,laura.pérez@example.com,+573005186332,Unknown,Bogotá D.C.,09/24/2026,43,smb ,laptop,9,1581.48,14233.32,pending,N/A,3,ERP
C11591,Carlos Martinez,carlos.martinez@example.com,N/A,COLOMBIA,bogota,N/A,47,enterprise,LAPTOP,7,187.61,1313.27,Active,,N/A,ERP
C11592,Diego Garcia,diego.garcia@example.com,+573003198490,Co,Cartagena,03/04/2026,53,Enterprise,Chair,10,387.53,3875.3,active,,N/A,ERP
C11593,Ana GARCIA,ana.garcia@example.com,+573007165694,Co,Cartagena,03/04/2026,64,Retail,laptop,8,291.88,2335.04,pending,15/01/2026,,ERP
C11594,Luis Garcia,luis.garcia@example.com,3002779655,N/A,Barranquilla,2026-09-24,44,retail,laptop,9,92.76,834.84,active,15/01/2026,2,ERP
C11595,Juan GARCIA,juan.garcia@example.com,,COLOMBIA,Medellin,24/09/2026,46,SMB,Monitor,5,1973.98,197398.0,inactive,2026-01-15,,ERP
C11596,Luis Martinez,luis.martinez@example.com,3005372810,N/A,BOGOTA,not-a-date,56,SMB,Laptop,7,1198.01,8386.07,unknown,,3,ERP
C11597, JUAN  GARCIA,JUAN.GARCIA@EXAMPLE.COM,N/A,Unknown,Bogota,2026-09-24,69,RETAIL,Laptop,7,551.52,3860.64,unknown,N/A,1,ERP
C11598,Luis GARCIA,luis.garcia@example.com,+57 300 906 8648,Co,Cartagena,2026/09/24,76,SMB,Mouse,1,1851.18,1851.18,PENDING,,3,ERP
C11599,Laura Sanchez,laura.sanchez@example.com,3001544132,COLOMBIA,bogota,2026-09-24,24,SMB,Keyboard,6,762.15,4572.9,PENDING,N/A,,ERP
C11600,Carlos Pérez,carlos.pérez@example.com,+573006928611,N/A,CALI,N/A,73,retail,LAPTOP,10,1327.04,13270.4,Active,2026-01-15,5,ERP
C11601, JUAN  lopez,juan.lopez@example.com,,Unknown,Cali,2026-09-24,51,smb ,Desk,6,1676.69,10060.14,pending,15/01/2026,2,ERP
C11602, JUAN  lopez,juan.lopez@example.com,N/A,colombia,Medellin,N/A,30,smb ,Chair,3,1141.26,3423.78,Active,2026-01-15,5,ERP
C11603,Carlos Perez,carlos.perez@example.com,3006464405,Colombia,Cali,N/A,70,retail,LAPTOP,2,N/A,2047.24,unknown,,1,ERP
C11604,Ana Perez,ana.perez@example.com,+573005526762,Unknown,CALI,N/A,50,retail,Keyboard,3,1673.56,-5020.68,unknown,2026-01-15,5,ERP
C11605,Laura Lopez,laura.lopez@example.com,N/A,Co,Barranquilla,09/24/2026,71,RETAIL,Keyboard,5,198.54,992.7,PENDING,N/A,,ERP
C11606, JUAN  Lopez,juan.lopez@example.com,+573002887468,COLOMBIA,Medellín,03/04/2026,78,Enterprise,Keyboard,2,636.2,1272.4,PENDING,2026-01-15,4,ERP
C11607,Laura Perez,laura.perez@example.com,,colombia,CALI,not-a-date,31,RETAIL,Monitor,10,873.5,8735.0,inactive,2026-01-15,2,ERP
C11608,Ana Martinez,ana.martinez@example.com,+573003322079,colombia,MEDELLIN,09/24/2026,46,enterprise,Laptop,2,1762.46,3524.92,unknown,,N/A,ERP
C11609,Ana Lopez,ana.lopez@example.com,+57 300 856 3381,Co,Medellin,N/A,60,SMB,LAPTOP,7,1433.36,10033.52,Active,N/A,N/A,ERP
C11610,Laura Perez,laura.perez@example.com,3008878309,N/A,bogota,2026/09/24,44,SMB,Mouse,10,386.53,3865.3,Active,2026-01-15,5,ERP
C11611,Juan GARCIA,juan.garcia@example.com,+573009418809,COLOMBIA,Cartagena,September 24 2026,39,Retail,Laptop,2,1229.7,2459.4,Active,2026-01-15,3,ERP
C10001,  Diego Martinez  ,diego.martinez@example.com,3003527698,Unknown,Cali,24/09/2026,38,SMB,Chair,-1,1163.35,1163.35,PENDING,,2,ERP
C11613,Maria Martinez,maria.martinez@example.com,N/A,Colombia,Cali,09/24/2026,44,retail,Monitor,6,1921.23,11527.38,pending,15/01/2026,4,ERP
C11614,Carlos Sanchez,carlos.sanchez@example.com,300-123-4519,colombia,BOGOTA,09/24/2026,30,SMB,Chair,9,93.34,840.06,ACTIVE,2026-01-15,5,ERP
C11615,Juan Sanchez,juan.sanchez@example.com,+573008266333,Co,BOGOTA,24/09/2026,72,smb ,Chair,4,1362.83,5451.32,inactive,,2,ERP
C11616,Carlos Sanchez,carlos.sanchez@example.com,+573009949333,Unknown,Medellin,2026-09-24,47,Retail,Laptop,7,1791.18,12538.26,inactive,N/A,N/A,ERP
C11617,Diego Perez,diego.perez@example.com,N/A,COLOMBIA,Bogotá D.C.,not-a-date,19,Retail,Laptop,8,1323.64,10589.12,inactive,15/01/2026,4,ERP
C11618,CARLOS lopez,carlos.lopez@example.com,+573002277635,Co,Bogotá,2026/09/24,21,smb ,laptop,5,430.8,2154.0,PENDING,2026-01-15,1,ERP
C11619,CARLOS lopez,carlos.lopez@example.com,,Colombia,Medellín,September 24 2026,19,smb ,laptop,1,873.11,873.11,ACTIVE,15/01/2026,4,ERP
C11620,maria Pérez,maria.pérez@example.com,3003782239,Colombia,Medellín,03/04/2026,-5,smb ,Chair,9,1801.93,16217.37,pending,15/01/2026,1,ERP
C11621,Maria Lopez,maria.lopez@example.com,,Colombia,Barranquilla,09/24/2026,32,smb ,LAPTOP,3,"1836,9",5510.7,inactive,N/A,3,ERP
C11622,maria GARCIA,maria.garcia@example.com,+57 300 345 4774,N/A,MEDELLIN,09/24/2026,66,Retail,Mouse,4,792.04,3168.16,Active,N/A,1,ERP
C11623, JUAN  GARCIA,juan.garcia@example.com,,COLOMBIA,Cali,N/A,20,Retail,Monitor,1,123.88,123.88,active,2026-01-15,5,ERP
C11624,Carlos Martinez,carlos.martinez@example.com,+573005246896,colombia,Barranquilla,2026-09-24,48,RETAIL,Monitor,4,1386.71,5546.84,inactive,2026-01-15,5,ERP
C11625,CARLOS Sanchez,carlos.sanchez@example.com,+573009033985,COLOMBIA,Bogotá,2026/09/24,56,retail,Laptop,7,890.54,6233.78,pending,,1,ERP
C11626, JUAN  Perez,juan.perez@example.com,N/A,Co,Medellín,not-a-date,61,RETAIL,LAPTOP,-2,1165.92,1165.92,PENDING,N/A,4,ERP
C11627,Diego Sanchez,diego.sanchez@example.com,300-123-4561,colombia,Cali,not-a-date,51,smb ,Mouse,6,1670.11,10020.66,unknown,N/A,5,ERP
C11628,Ana Perez,ana.perez@example.com,300-123-4599,N/A,Bogota,September 24 2026,20,Retail,laptop,9,384.53,3460.77,ACTIVE,N/A,5,ERP
C11629,maria lopez,maria.lopez@example.com,,COLOMBIA,Cartagena,24/09/2026,46,Enterprise,Monitor,1,1181.04,1181.04,pending,N/A,4,ERP
C11630,Laura Martinez,laura.martinez@example.com,300-123-4553,Colombia,Barranquilla,2026-09-24,31,SMB,Desk,7,1699.35,11895.45,ACTIVE,N/A,4,ERP
C11631,maria Sanchez,,,colombia,Bogotá D.C.,September 24 2026,47,smb ,laptop,7,1156.59,8096.13,active,,1,ERP
C11632,Luis Pérez,luis.pérez@example.com,300-123-4528,Co,Cartagena,24/09/2026,38,enterprise,Monitor,3,142.68,428.04,PENDING,15/01/2026,2,ERP
C11633,Luis Garcia,luis.garcia@example.com,+573002676389,Co,BOGOTA,September 24 2026,61,Retail,Monitor,6,394.67,2368.02,ACTIVE,,5,ERP
C11634,  Diego lopez  ,diego.lopez@example.com,,N/A,Medellin,24/09/2026,-5,RETAIL,Laptop,5,894.68,4473.4,inactive,2026-01-15,,ERP
C11635,maria lopez,maria.lopez@example.com,+573009444015,Colombia,Cartagena,09/24/2026,65,smb ,Desk,3,420.2,1260.6,PENDING,N/A,2,ERP
C11636,Diego GARCIA,diego.garcia@example.com,N/A,N/A,Barranquilla,09/24/2026,62,enterprise,Laptop,4,$973.79,3895.16,unknown,N/A,4,ERP
C11637,Laura lopez,?,null,Colombia,,2026-09-24,77,Retail,Chair,1,1926.4,1926.4,PENDING,N/A,4,ERP
C11638,Laura lopez,laura.lopez@example.com,N/A,N/A,Medellín,2026/09/24,63,retail,Laptop,8,865.65,6925.2,PENDING,15/01/2026,3,ERP
C11639,Ana Garcia,ana.garcia@example.com,+57 300 572 7514,Co,Bogotá D.C.,03/04/2026,27,Enterprise,LAPTOP,5,153.01,765.05,ACTIVE,N/A,4,ERP
C11640,Juan Sanchez,juan.sanchez@example.com,N/A,COLOMBIA,Bogota,24/09/2026,19,SMB,Desk,2,1593.12,3186.24,Active,15/01/2026,1,ERP
C11641,Carlos Lopez,carlos.lopez@example.com,300-123-4565,Unknown,Bogotá D.C.,24/09/2026,80,retail,Monitor,1,1474.41,1474.41,Active,,N/A,ERP
C11642,Carlos GARCIA,carlos.garcia@example.com,N/A,COLOMBIA,Bogota DC,not-a-date,20,smb ,Monitor,8,240.33,1922.64,Active,N/A,4,ERP
C11643,Maria Pérez,maria.pérez@example.com,+573009350455,colombia,Cartagena,2026/09/24,79,retail,Monitor,10,81.87,818.7,PENDING,2026-01-15,5,ERP
C11644,maria GARCIA,maria.garcia@example.com,+573007696927,Colombia,Cali,N/A,45,retail,Desk,7,676.11,4732.77,pending,N/A,3,ERP
C11645,maria Pérez,maria.pérez@example.com,+573005481499,Co,Bogotá D.C.,not-a-date,51,SMB,Chair,2,990.1,1980.2,active,2026-01-15,3,ERP
C11646,Carlos GARCIA,carlos.garcia@example.com,+57 300 931 3312,Unknown,MEDELLIN,N/A,65,enterprise,Keyboard,2,14.8,29.6,active,2026-01-15,,ERP
C11647, JUAN  Sanchez,juan.sanchez@example.com,+57 300 409 2956,N/A,MEDELLIN,2026-09-24,49,Retail,laptop,10,1458.38,14583.8,ACTIVE,N/A,1,ERP
C11648,Ana Martinez,ana.martinez@example.com,300-123-4553,Colombia,Cartagena,2026-09-24,80,retail,laptop,4,1286.73,5146.92,active,15/01/2026,4,ERP
C11649,Diego Sanchez,diego.sanchez@example.com,300-123-4565,colombia,Bogota,September 24 2026,71,Enterprise,Keyboard,5,238.36,1191.8,pending,,5,ERP
C11650, JUAN  Sanchez,juan.sanchez@example.com,N/A,Co,Medellin,N/A,-5,RETAIL,Desk,2,526.84,1053.68,unknown,2026-01-15,,ERP
C11651, JUAN  Garcia,juan.garcia@example.com,N/A,colombia,Cartagena,03/04/2026,54,retail,Mouse,7,209.85,1468.95,active,15/01/2026,4,ERP
C11652,Carlos Sanchez,carlos.sanchez@example.com,3007468424,Unknown,Medellin,2026/09/24,44,Retail,Laptop,4,1141.34,4565.36,PENDING,N/A,3,ERP
C11653, JUAN  Martinez,juan.martinez@example.com,,Colombia,Medellin,24/09/2026,70,enterprise,Chair,3,952.91,2858.73,ACTIVE,15/01/2026,4,ERP
C11654,maria Martinez,maria.martinez@example.com,,Unknown,Barranquilla,24/09/2026,28,enterprise,Monitor,7,174.99,1224.93,ACTIVE,15/01/2026,N/A,ERP
C11655,Laura Perez,laura.perez@example.com,300-123-4521,COLOMBIA,Medellín,not-a-date,49,retail,Monitor,1,1132.42,1132.42,PENDING,N/A,2,ERP
C11656,Luis Garcia,luis.garcia@example.com,3002228485,Co,CALI,2026-09-24,78,Enterprise,Keyboard,2,868.06,1736.12,inactive,,4,ERP
C11657,CARLOS Lopez,carlos.lopez@example.com,N/A,N/A,Medellín,N/A,32,smb ,Monitor,4,1693.91,6775.64,PENDING,,2,ERP
C11658,Ana Sanchez,ana.sanchez@example.com,3003175531,colombia,Bogotá,03/04/2026,41,SMB,Monitor,8,1542.23,12337.84,Active,2026-01-15,1,ERP
C11659,Maria Sanchez,maria.sanchez@example.com,3007349535,COLOMBIA,Barranquilla,2026/09/24,55,SMB,Mouse,9,1666.05,14994.45,ACTIVE,,N/A,ERP
C11660, JUAN  Sanchez,juan.sanchez@example.com,3003980610,Co,Barranquilla,N/A,26,Enterprise,Desk,1,1946.96,1946.96,pending,N/A,N/A,ERP
C11661,Maria GARCIA,maria.garcia@example.com,+573005875062,N/A,Bogota,September 24 2026,80,Retail,Keyboard,3,138.64,415.92,inactive,N/A,2,ERP
C11662,Laura lopez,laura.lopez@example.com,+573007359787,Colombia,Bogota,09/24/2026,67,enterprise,laptop,10,1361.14,13611.4,active,15/01/2026,,ERP
C11663,Juan Garcia,juan.garcia@example.com,3007982960,Co,Bogotá,2026-09-24,38,SMB,Laptop,8,686.99,5495.92,PENDING,,5,ERP
C11664,Juan Perez,juan.perez@example.com,3009115935,Unknown,BOGOTA,09/24/2026,60,smb ,Laptop,5,1444.19,7220.95,ACTIVE,N/A,1,ERP
C11665,Laura Garcia,laura.garcia@example.com,3004020593,COLOMBIA,Barranquilla,N/A,66,smb ,LAPTOP,6,869.72,5218.32,inactive,15/01/2026,,ERP
C11666,Sofia lopez,sofia.lopez@example.com,+57 300 171 1148,N/A,Cali,not-a-date,200,enterprise,Laptop,2,1374.59,2749.18,inactive,2026-01-15,,ERP
C11667,Luis GARCIA,luis.garcia@example.com,,colombia,Bogota DC,2026-09-24,23,smb ,Mouse,3,468.22,1404.66,inactive,15/01/2026,,ERP
C11668,maria Pérez,maria.pérez@example.com,3008474069,Co,Medellin,September 24 2026,38,RETAIL,Chair,8,1520.95,12167.6,PENDING,N/A,N/A,ERP
C11669,Maria Lopez,maria.lopez@example.com,N/A,N/A,Cali,03/04/2026,43,smb ,Monitor,8,1399.09,11192.72,inactive,2026-01-15,4,ERP
C11670,Ana Perez,ana.perez@example.com,,Unknown,Bogotá,2026-09-24,22,Retail,Mouse,1,930.02,930.02,PENDING,N/A,N/A,ERP
C11671,Sofia Martinez,sofia.martinez@example.com,300-123-4530,COLOMBIA,Bogota DC,N/A,77,RETAIL,Laptop,3,1195.44,3586.32,inactive,2026-01-15,1,ERP
C11672,Carlos GARCIA,carlos.garcia@example.com,+57 300 198 6335,COLOMBIA,Medellin,September 24 2026,21,Retail,LAPTOP,10,1554.1,15541.0,active,,2,ERP
C11673,Diego Sanchez,diego.sanchez@example.com,3002130757,Unknown,Cali,03/04/2026,62,retail,LAPTOP,6,1184.97,7109.82,Active,N/A,N/A,ERP
C11674,Sofia Pérez,sofia.pérez@example.com,+57 300 430 9032,Unknown,Medellín,03/04/2026,68,enterprise,Desk,3,1740.84,5222.52,active,15/01/2026,3,ERP
C11675,Ana Pérez,ana.pérez@example.com,N/A,Colombia,Bogotá,September 24 2026,60,enterprise,Monitor,8,561.19,4489.52,PENDING,2026-01-15,N/A,ERP
C11676,Juan Perez,juan.perez@example.com,+573001428854,Co,Medellin,2026/09/24,52,Retail,Mouse,1,N/A,30.97,inactive,N/A,5,ERP
C11677, JUAN  GARCIA,juan.garcia@example.com,3007520666,N/A,Medellin,09/24/2026,32,retail,laptop,8,1490.07,11920.56,pending,15/01/2026,1,ERP
C11678,Sofia Perez,sofia.perez@example.com,+57 300 311 9171,Unknown,Medellín,not-a-date,38,smb ,Chair,2,27.26,-54.52,Active,2026-01-15,5,ERP
C11679,Maria Sanchez,maria.sanchez@example.com,N/A,Co,Bogota DC,September 24 2026,52,retail,Desk,6,1216.93,7301.58,PENDING,,5,ERP
C11680, JUAN  Pérez,juan.pérez@example.com,3007076824,Co,BOGOTA,not-a-date,25,smb ,Monitor,10,1918.79,19187.9,Active,2026-01-15,3,ERP
C11681,Laura Sanchez,laura.sanchez@example.com,3003647628,COLOMBIA,Bogota DC,24/09/2026,50,Enterprise,Mouse,8,773.14,6185.12,Active,,N/A,ERP
C11682,Carlos Perez,not-an-email,,Co,bogota,09/24/2026,25,smb ,Desk,7,$735.00,5145.0,active,N/A,2,ERP
C11683,Ana Martinez,ana.martinez@example.com,+573004971929,colombia,MEDELLIN,2026-09-24,74,retail,laptop,6,949.89,5699.34,pending,,4,ERP
C11684,Juan lopez,juan.lopez@example.com,300-123-4599,Co,Medellin,September 24 2026,80,Retail,Desk,7,1180.1,8260.7,PENDING,,5,ERP
C11685,Laura Pérez,laura.pérez@example.com,,Colombia,Medellín,2026-09-24,20,enterprise,Mouse,3,322.59,967.77,PENDING,2026-01-15,2,ERP
C11686,Carlos GARCIA,carlos.garcia@example.com,+57 300 262 6662,COLOMBIA,Cartagena,N/A,39,SMB,Monitor,2,856.46,1712.92,pending,15/01/2026,1,ERP
C11687,maria lopez,maria.lopez@example.com,+573001119889,Co,MEDELLIN,N/A,63,retail,Monitor,4,1614.76,6459.04,active,15/01/2026,,ERP
C11688,Laura Perez,laura.perez@example.com,3007857619,Unknown,Bogota DC,09/24/2026,22,retail,Desk,9,782.37,7041.33,pending,,,ERP
C11689, JUAN  Lopez,juan.lopez@example.com,300-123-4538,Colombia,Medellin,03/04/2026,24,enterprise,Keyboard,1,857.95,857.95,PENDING,15/01/2026,5,ERP
C11690,Ana GARCIA,ana.garcia@example.com,N/A,colombia,Barranquilla,03/04/2026,43,smb ,Monitor,7,804.19,5629.33,ACTIVE,,1,ERP
C11691,Juan Pérez,juan.pérez@example.com,+57 300 785 8240,N/A,MEDELLIN,24/09/2026,36,RETAIL,Monitor,6,1608.11,9648.66,pending,2026-01-15,4,ERP
C11692,Carlos Martinez,carlos.martinez@example.com,N/A,Colombia,Medellin,2026/09/24,19,Enterprise,Laptop,-1,N/A,180.44,pending,15/01/2026,N/A,ERP
C11693,Maria GARCIA,maria.garcia@example.com,+57 300 188 6624,Unknown,Bogotá D.C.,2026/09/24,32,Retail,LAPTOP,1,886.5,886.5,Active,N/A,N/A,ERP
C11694,Laura Perez,laura.perez@example.com,+573006203772,N/A,Medellin,2026-09-24,57,retail,Mouse,7,1480.81,10365.67,inactive,15/01/2026,3,ERP
C11695,Laura Lopez,laura.lopez@example.com,N/A,Co,Barranquilla,2026/09/24,64,retail,Laptop,6,1528.72,9172.32,unknown,,1,ERP
C11696,Juan Sanchez,juan.sanchez@example.com,,Colombia,Barranquilla,2026-09-24,53,Enterprise,Laptop,9,840.07,7560.63,pending,,5,ERP
C11697, JUAN  lopez,juan.lopez@example.com,N/A,COLOMBIA,Bogota,09/24/2026,76,Retail,Chair,4,467.35,1869.4,ACTIVE,2026-01-15,3,ERP
C11698,Luis GARCIA,luis.garcia@example.com,3002874060,N/A,CALI,03/04/2026,44,enterprise,Keyboard,8,1006.15,8049.2,inactive,,3,ERP
C11699,Sofia Perez,sofia.perez@example.com,3008572438,COLOMBIA,Medellín,24/09/2026,59,Retail,Chair,6,197.15,1182.9,ACTIVE,N/A,1,ERP
C11700,Luis Sanchez,luis.sanchez@example.com,,N/A,CALI,2026/09/24,50,smb ,laptop,3,1585.19,4755.57,unknown,2026-01-15,2,ERP
C11701,Laura Perez,laura.perez@example.com,3003265544,N/A,Medellin,09/24/2026,69,Retail,Desk,4,1192.52,4770.08,ACTIVE,,N/A,ERP
C11702,CARLOS Garcia,carlos.garcia@example.com,,Colombia,BOGOTA,not-a-date,25,enterprise,Keyboard,4,657.84,2631.36,active,15/01/2026,,ERP
C11703,Sofia Pérez,,300-123-4528,Co,bogota,09/24/2026,200,Enterprise,laptop,9,132.9,1196.1,Active,2026-01-15,4,ERP
C11704,Ana Martinez,ana.martinez@example.com,,Co,Bogotá D.C.,N/A,68,Enterprise,Monitor,7,908.09,6356.63,pending,,,ERP
C11705, JUAN  Garcia,juan.garcia@example.com,N/A,colombia,Barranquilla,03/04/2026,61,smb ,Chair,10,1218.12,12181.2,inactive,,5,ERP
C11706,Luis Perez,luis.perez@example.com,3008367543,colombia,Bogotá D.C.,2026-09-24,20,Retail,Mouse,7,1429.2,10004.4,pending,N/A,N/A,ERP
C11707, JUAN  Martinez,juan.martinez@example.com,300-123-4523,colombia,Bogotá,September 24 2026,43,Retail,Monitor,1,852.52,852.52,ACTIVE,N/A,,ERP
C11708,CARLOS Martinez,carlos.martinez@example.com,+57 300 196 6889,COLOMBIA,Bogota,September 24 2026,73,RETAIL,Chair,2,761.38,1522.76,active,,2,ERP
C11709,Diego Lopez,diego.lopez@example.com,,Colombia,Medellin,September 24 2026,68,retail,laptop,3,1788.58,5365.74,active,N/A,5,ERP
C11710,Luis Perez,luis.perez@example.com,,Co,Bogota DC,not-a-date,57,Retail,Mouse,2,1997.68,3995.36,inactive,,5,ERP
C10001,Maria GARCIA,maria.garcia@example.com,3005880671,Unknown,Bogota,2026-09-24,48,enterprise,LAPTOP,1,1947.59,1947.59,active,15/01/2026,1,ERP
C11712,Sofia GARCIA,sofia.garcia@example.com,+573005773877,colombia,MEDELLIN,09/24/2026,50,Retail,Monitor,8,1435.37,11482.96,Active,,2,ERP
C11713,maria Martinez,maria.martinez@example.com,+57 300 786 3861,N/A,Bogotá,2026/09/24,36,enterprise,Chair,4,1901.94,7607.76,unknown,15/01/2026,3,ERP
C11714,Sofia Sanchez,SOFIA.SANCHEZ@EXAMPLE.COM,300-123-4537,COLOMBIA,MEDELLIN,2026-09-24,44,retail,Desk,9,1686.12,15175.08,ACTIVE,N/A,1,ERP
C11715,Juan lopez,juan.lopez@example.com,3004158898,colombia,Bogotá,September 24 2026,24,smb ,Monitor,2,1534.11,61364.399999999994,PENDING,15/01/2026,4,ERP
C11716,maria GARCIA,maria.garcia@example.com,N/A,N/A,Cali,not-a-date,61,retail,laptop,4,24.2,96.8,inactive,2026-01-15,N/A,ERP
C11717,Luis Lopez,luis.lopez@example.com,+573007360916,Co,Barranquilla,2026/09/24,21,RETAIL,Laptop,3,25.53,76.59,ACTIVE,N/A,,ERP
C11718,  Maria Pérez  ,maria.pérez@example.com,300-123-4562,COLOMBIA,bogota,not-a-date,69,RETAIL,laptop,6,840.22,5041.32,Active,15/01/2026,N/A,ERP
C11719,Juan Lopez,juan.lopez@example.com,300-123-4516,COLOMBIA,Bogotá,N/A,44,SMB,Keyboard,7,596.76,4177.32,pending,,1,ERP
C11720,Sofia lopez,sofia.lopez@example.com,,N/A,MEDELLIN,24/09/2026,67,smb ,Mouse,7,638.66,4470.62,active,,4,ERP
C11721,Maria Pérez,maria.pérez@example.com,3003725994,Colombia,Barranquilla,September 24 2026,36,Enterprise,Keyboard,9,734.88,6613.92,active,,5,ERP
C11722,Juan GARCIA,juan.garcia@example.com,3006903630,Colombia,Bogotá,September 24 2026,-5,SMB,LAPTOP,2,812.6,1625.2,inactive,2026-01-15,2,ERP
C11723, JUAN  Martinez,juan.martinez@example.com,3008634926,COLOMBIA,bogota,24/09/2026,79,smb ,Chair,10,1910.49,-19104.9,PENDING,N/A,1,ERP
C11724,Laura Lopez,laura.lopez@example.com,3004452337,colombia,Bogotá D.C.,not-a-date,37,smb ,LAPTOP,2,514.42,1028.84,Active,,2,ERP
C11725,Juan GARCIA,juan.garcia@example.com,+573008092219,COLOMBIA,Barranquilla,09/24/2026,43,Enterprise,Chair,9,1883.4,16950.6,ACTIVE,15/01/2026,2,ERP
C11726,Maria lopez,maria.lopez@example.com,N/A,N/A,Bogotá,September 24 2026,68,retail,Keyboard,7,653.92,4577.44,PENDING,,4,ERP
C11727,Ana Garcia, user@EXAMPLE.COM ,N/A,Colombia,Barranquilla,2026-09-24,71,SMB,Monitor,6,757.72,4546.32,PENDING,N/A,,ERP
C11728,Luis Sanchez,luis.sanchez@example.com,,COLOMBIA,BOGOTA,03/04/2026,71,Retail,Desk,10,869.72,8697.2,unknown,15/01/2026,,ERP
C11729,Sofia Perez,N/A,N/A,N/A,Cartagena,2026-09-24,38,SMB,Monitor,9,900.9,8108.1,active,N/A,5,ERP
C11730,Sofia lopez,sofia.lopez@example.com,300-123-4529,N/A,Bogotá,24/09/2026,43,Retail,Monitor,7,1484.61,10392.27,unknown,,3,ERP
C11731,Juan GARCIA,juan.garcia@example.com,+57 300 761 1424,Unknown,bogota,03/04/2026,43,smb ,LAPTOP,4,254.25,1017.0,Active,15/01/2026,2,ERP
C11732,Maria Lopez,maria.lopez@example.com,+573004593504,COLOMBIA,Cartagena,24/09/2026,78,retail,Desk,7,357.98,2505.86,PENDING,15/01/2026,N/A,ERP
C11733,Laura Martinez,laura.martinez@example.com,+57 300 603 4809,N/A,MEDELLIN,24/09/2026,61,Enterprise,laptop,-1,378.42,378.42,pending,N/A,N/A,ERP
C11734,maria Sanchez,MARIA.SANCHEZ@EXAMPLE.COM,,COLOMBIA,CALI,September 24 2026,69,smb ,LAPTOP,10,1381.28,13812.8,inactive,,2,ERP
C11735,Laura Pérez,laura.pérez@example.com,N/A,Co,Bogota DC,24/09/2026,27,retail,Monitor,6,1322.81,7936.86,unknown,2026-01-15,N/A,ERP
C11736,Juan Lopez,juan.lopez@example.com,3009812584,Colombia,Cartagena,03/04/2026,31,smb ,Keyboard,3,1713.64,5140.92,Active,,5,ERP
C11737,Maria Martinez,maria.martinez@example.com,N/A,Co,Bogotá,2026-09-24,28,RETAIL,laptop,2,1893.19,3786.38,pending,15/01/2026,2,ERP
C11738,Maria lopez,maria.lopez@example.com,300-123-4535,N/A,Bogotá D.C.,N/A,58,enterprise,Keyboard,8,1609.86,12878.88,inactive,2026-01-15,2,ERP
C11739,Luis Pérez, user@EXAMPLE.COM ,+573004903014,Unknown,CALI,2026-09-24,59,SMB,Mouse,9,416.88,3751.92,pending,15/01/2026,3,ERP
C11740,Juan Lopez,juan.lopez@example.com,300-123-4575,N/A,Bogota,September 24 2026,65,Enterprise,Laptop,8,748.49,5987.92,inactive,15/01/2026,4,ERP
C11741,Diego lopez,diego.lopez@example.com,+57 300 814 7579,Colombia,Cali,03/04/2026,54,retail,Desk,2,1396.95,2793.9,Active,15/01/2026,N/A,ERP
C11742,Maria Martinez,MARIA.MARTINEZ@EXAMPLE.COM,3002294766,COLOMBIA,MEDELLIN,2026-09-24,49,retail,Laptop,4,204.07,816.28,inactive,N/A,2,ERP
C11743,Maria GARCIA,maria.garcia@example.com,N/A,Unknown,CALI,03/04/2026,35,enterprise,Laptop,4,1759.37,7037.48,ACTIVE,15/01/2026,N/A,ERP
C11744,Ana GARCIA,ana.garcia@example.com,3003170730,N/A,Barranquilla,September 24 2026,76,RETAIL,Laptop,1,958.61,958.61,pending,N/A,1,ERP
C11745,maria GARCIA,maria.garcia@example.com,+573006399467,Colombia,CALI,03/04/2026,78,RETAIL,laptop,9,1650.5,14854.5,ACTIVE,N/A,N/A,ERP
C11746,CARLOS Pérez,carlos.pérez@example.com,,N/A,Bogotá,September 24 2026,43,RETAIL,Laptop,6,1197.54,7185.24,ACTIVE,N/A,N/A,ERP
C11747,CARLOS Perez,carlos.perez@example.com,+573005559527,COLOMBIA,Bogotá D.C.,not-a-date,37,enterprise,Desk,1,36.97,36.97,inactive,N/A,5,ERP
C11748,Ana Sanchez,ana.sanchez@example.com,+57 300 551 6750,Colombia,BOGOTA,not-a-date,36,enterprise,Laptop,9,292.52,2632.68,PENDING,2026-01-15,4,ERP
C11749,maria Pérez,maria.pérez@example.com,+573002791256,COLOMBIA,Bogota,September 24 2026,29,Enterprise,laptop,6,1353.32,8119.92,unknown,2026-01-15,4,ERP
C11750,Luis Garcia,luis.garcia@example.com,,COLOMBIA,Bogotá D.C.,2026-09-24,20,Enterprise,laptop,4,321.06,1284.24,inactive,15/01/2026,5,ERP
C11751,Luis Sanchez,luis.sanchez@example.com,,N/A,bogota,September 24 2026,37,RETAIL,Keyboard,9,1021.89,9197.01,unknown,,4,ERP
C11752,maria Lopez,maria.lopez@example.com,N/A,colombia,Cartagena,2026/09/24,76,enterprise,LAPTOP,5,19.88,99.4,PENDING,,N/A,ERP
C11753,Luis lopez,luis.lopez@example.com,,COLOMBIA,bogota,03/04/2026,61,RETAIL,laptop,7,1708.86,11962.02,pending,15/01/2026,1,ERP
C11754, JUAN  lopez,juan.lopez@example.com,300-123-4565,Co,Bogotá D.C.,03/04/2026,45,retail,Monitor,7,1387.22,9710.54,pending,15/01/2026,N/A,ERP
C11755,CARLOS Martinez,carlos.martinez@example.com,300-123-4555,Co,Bogota,September 24 2026,66,SMB,Keyboard,6,62.05,372.3,unknown,,3,ERP
C11756,Laura lopez,laura.lopez@example.com,300-123-4567,Unknown,Bogotá D.C.,2026/09/24,78,Retail,Monitor,3,1992.08,5976.24,inactive,N/A,,ERP
C11757,Sofia Lopez,sofia.lopez@example.com,+573005481471,colombia,Bogota DC,not-a-date,40,SMB,Keyboard,6,1312.45,7874.7,Active,15/01/2026,1,ERP
C11758,Sofia Perez,sofia.perez@example.com,,N/A,CALI,2026/09/24,48,Enterprise,Chair,3,1147.85,3443.55,active,15/01/2026,2,ERP
C11759,Diego GARCIA,diego.garcia@example.com,+573008301089,Colombia,Medellin,N/A,34,RETAIL,Mouse,10,1609.91,16099.1,inactive,,4,ERP
C11760,Laura Sanchez,laura.sanchez@example.com,3002084304,Colombia,Bogotá,09/24/2026,78,Enterprise,laptop,10,1710.51,17105.1,ACTIVE,N/A,4,ERP
C11761,maria lopez,maria.lopez@example.com,,Co,Bogotá D.C.,09/24/2026,20,retail,LAPTOP,2,1510.89,3021.78,unknown,15/01/2026,4,ERP
C11762,maria Lopez,maria.lopez@example.com,300-123-4599,COLOMBIA,Bogota,2026/09/24,61,retail,laptop,6,1230.21,7381.26,active,,5,ERP
C11763,Carlos lopez,carlos.lopez@example.com,+57 300 369 8121,N/A,Medellin,not-a-date,59,SMB,Keyboard,4,1130.14,4520.56,Active,,2,ERP
C11764,maria Sanchez,maria.sanchez@example.com,N/A,Colombia,Barranquilla,2026-09-24,50,retail,Desk,4,963.89,3855.56,inactive,15/01/2026,,ERP
C11765,Carlos Garcia,carlos.garcia@example.com,+57 300 933 2222,N/A,Medellín,2026/09/24,78,retail,Chair,6,854.79,5128.74,pending,15/01/2026,N/A,ERP
C11766,Laura lopez,laura.lopez@example.com,N/A,COLOMBIA,Bogota,24/09/2026,79,Enterprise,Chair,3,965.45,2896.35,PENDING,2026-01-15,,ERP
C11767,Carlos GARCIA,carlos.garcia@example.com,,Colombia,Cali,2026-09-24,38,Retail,LAPTOP,2,$109.89,219.78,pending,,,ERP
C11768,Luis Martinez,luis.martinez@example.com,N/A,N/A,Bogotá,September 24 2026,77,Retail,laptop,10,1602.72,16027.2,PENDING,2026-01-15,3,ERP
C11769, JUAN  Sanchez,juan.sanchez@example.com,,Co,Bogota,N/A,20,smb ,Desk,2,1389.18,2778.36,Active,N/A,1,ERP
C11770,Carlos Garcia,carlos.garcia@example.com,3004575392,colombia,Barranquilla,24/09/2026,71,SMB,Keyboard,1,"1772,43",1772.43,active,15/01/2026,1,ERP
C11771,Diego Garcia,diego.garcia@example.com,,COLOMBIA,Bogota DC,2026-09-24,38,Retail,laptop,5,"1089,55",5447.75,ACTIVE,2026-01-15,N/A,ERP
C11772,Ana Garcia,ana.garcia@example.com,300-123-4571,COLOMBIA,MEDELLIN,2026-09-24,56,smb ,Monitor,5,1962.53,9812.65,inactive,N/A,2,ERP
C11773,Sofia lopez,sofia.lopez@example.com,+57 300 273 3940,COLOMBIA,Bogotá,N/A,42,SMB,LAPTOP,5,1387.57,6937.85,inactive,N/A,,ERP
C11774,Laura Garcia,laura.garcia@example.com,N/A,Co,Barranquilla,09/24/2026,19,enterprise,Chair,10,1573.49,15734.9,unknown,,3,ERP
C11775,Juan Sanchez,juan.sanchez@example.com,,Co,CALI,24/09/2026,43,enterprise,Chair,1,130.56,130.56,unknown,15/01/2026,2,ERP
C11776,Diego Sanchez,diego.sanchez@example.com,+57 300 554 1704,N/A,Bogota,24/09/2026,44,Retail,Chair,9,308.24,-2774.16,pending,,1,ERP
C11777,Luis Martinez,luis.martinez@example.com,,Colombia,Bogotá,N/A,24,SMB,Desk,6,1732.44,10394.64,ACTIVE,,,ERP
C11778,  Maria Perez  ,maria.perez@example.com,+573009504433,N/A,Bogotá,N/A,41,enterprise,LAPTOP,2,861.51,1723.02,unknown,15/01/2026,,ERP
C11779,Carlos Martinez,carlos.martinez@example.com,+573003534113,N/A,Bogota,N/A,28,enterprise,laptop,3,1248.1,3744.3,Active,N/A,N/A,ERP
C11780,Juan Pérez,juan.pérez@example.com,,Unknown,BOGOTA,09/24/2026,72,Enterprise,laptop,9,360.97,3248.73,PENDING,2026-01-15,1,ERP
C11781, JUAN  Perez,juan.perez@example.com,3002172115,COLOMBIA,Bogotá,03/04/2026,63,Enterprise,Desk,7,920.78,6445.46,inactive,2026-01-15,,ERP
C11782,Maria GARCIA,maria.garcia@example.com,300-123-4534,Unknown,bogota,09/24/2026,72,retail,Monitor,3,494.5,1483.5,unknown,2026-01-15,3,ERP
C11783,Sofia Perez,sofia.perez@example.com,300-123-4588,N/A,Bogotá D.C.,24/09/2026,53,Retail,Laptop,8,1646.49,13171.92,active,15/01/2026,N/A,ERP
C11784,Juan GARCIA,juan.garcia@example.com,+57 300 627 5705,Co,Bogotá D.C.,N/A,35,enterprise,Mouse,4,633.23,2532.92,inactive,2026-01-15,3,ERP
C11785,maria Perez,maria.perez@example.com,+573005069835,N/A,Cartagena,September 24 2026,200,Retail,Monitor,9,328.01,2952.09,PENDING,2026-01-15,,ERP
C11786,Juan Garcia,juan.garcia@example.com,3006509692,Co,bogota,03/04/2026,75,RETAIL,Monitor,1,368.1,368.1,Active,2026-01-15,2,ERP
C11787,Juan Pérez,juan.pérez@example.com,+57 300 469 2195,N/A,Bogota DC,03/04/2026,30,Retail,Mouse,5,192.82,964.1,unknown,2026-01-15,5,ERP
C11788,Maria Sanchez,,,Unknown,Cali,03/04/2026,77,smb ,Mouse,8,1850.8,14806.4,Active,,,ERP
C11789,Carlos lopez,carlos.lopez@example.com,N/A,Colombia,Bogota DC,2026-09-24,47,Enterprise,Mouse,4,1871.99,7487.96,inactive,,,ERP
C11790,Juan lopez,juan.lopez@example.com,N/A,Unknown,Bogotá D.C.,not-a-date,72,smb ,Mouse,2,632.75,1265.5,inactive,,3,ERP
C11791,Ana GARCIA,ana.garcia@example.com,300-123-4557,Unknown,Medellín,September 24 2026,53,enterprise,Desk,6,1090.67,6544.02,inactive,2026-01-15,,ERP
C11792,Ana Martinez,ana.martinez@example.com,3001131446,Colombia,Cali,09/24/2026,33,SMB,LAPTOP,9,1520.21,273637.8,inactive,N/A,1,ERP
C11793,  Luis Perez  ,luis.perez@example.com,N/A,colombia,Medellin,not-a-date,37,enterprise,Laptop,8,783.51,6268.08,ACTIVE,,2,ERP
C11794,Laura Martinez,laura.martinez@example.com,+57 300 893 9615,Colombia,MEDELLIN,N/A,54,SMB,Chair,2,1986.41,3972.82,Active,N/A,1,ERP
C11795,Juan GARCIA,juan.garcia@example.com,N/A,Unknown,Bogota,09/24/2026,78,RETAIL,LAPTOP,-1,1708.5,1708.5,ACTIVE,,2,ERP
C11796, JUAN  Sanchez,?,null,Unknown,,24/09/2026,28,enterprise,Mouse,2,1223.19,48927.600000000006,ACTIVE,2026-01-15,5,ERP
C11797,Juan Pérez,juan.pérez@example.com,3001747023,Colombia,BOGOTA,2026-09-24,30,Retail,Laptop,6,1836.7,11020.2,inactive,15/01/2026,N/A,ERP
C11798,Diego GARCIA,diego.garcia@example.com,+57 300 755 8807,Colombia,bogota,September 24 2026,51,Enterprise,Desk,-2,895.81,895.81,active,,3,ERP
C11799,Maria Pérez,maria.pérez@example.com,,Unknown,Cali,2026/09/24,22,RETAIL,Keyboard,3,247.69,743.07,Active,,2,ERP
C11800,Maria lopez,maria.lopez@example.com,300-123-4562,Colombia,Bogota DC,2026/09/24,26,Enterprise,Desk,5,1843.96,9219.8,ACTIVE,2026-01-15,4,ERP
C11801,Diego Lopez,diego.lopez@example.com,,Unknown,bogota,N/A,26,enterprise,Laptop,6,608.39,3650.34,inactive,15/01/2026,2,ERP
C11802,Carlos GARCIA,carlos.garcia@example.com,+57 300 543 1384,colombia,MEDELLIN,September 24 2026,32,SMB,Chair,8,1856.35,14850.8,Active,15/01/2026,2,ERP
C11803,Sofia Sanchez,sofia.sanchez@example.com,+57 300 531 4059,Unknown,bogota,24/09/2026,32,Enterprise,LAPTOP,6,"1286,44",7718.64,inactive,N/A,2,ERP
C11804,  CARLOS Pérez  ,carlos.pérez@example.com,+573008179914,Colombia,Cali,24/09/2026,72,Retail,Chair,1,873.54,873.54,inactive,2026-01-15,3,ERP
C11805,CARLOS Pérez,carlos.pérez@example.com,300-123-4522,N/A,Bogota DC,09/24/2026,74,retail,LAPTOP,5,269.28,1346.4,ACTIVE,2026-01-15,N/A,ERP
C11806,CARLOS lopez,carlos.lopez@example.com,300-123-4523,Colombia,Medellín,not-a-date,43,Retail,Mouse,7,220.92,1546.44,PENDING,2026-01-15,3,ERP
C11807,Juan Lopez,juan.lopez@example.com,300-123-4568,Colombia,Bogota DC,not-a-date,76,retail,Keyboard,4,1154.86,4619.44,inactive,N/A,4,ERP
C11808,CARLOS Sanchez,carlos.sanchez@example.com,N/A,Colombia,Bogotá D.C.,03/04/2026,74,SMB,laptop,9,1002.08,9018.72,PENDING,15/01/2026,3,ERP
C11809,Sofia Lopez,sofia.lopez@example.com,300-123-4522,N/A,Bogotá D.C.,N/A,77,RETAIL,Keyboard,4,1321.15,5284.6,Active,,2,ERP
C11810,Carlos Sanchez,carlos.sanchez@example.com,300-123-4547,Colombia,Cali,September 24 2026,78,smb ,Laptop,5,1531.39,7656.95,inactive,N/A,4,ERP
C11811,  CARLOS Garcia  ,carlos.garcia@example.com,N/A,Unknown,Medellín,03/04/2026,28,smb ,Laptop,4,1275.75,5103.0,unknown,N/A,,ERP
C11812,Carlos Sanchez,carlos.sanchez@example.com,N/A,colombia,Bogotá D.C.,September 24 2026,65,RETAIL,Laptop,5,707.98,3539.9,PENDING,N/A,,ERP
C11813,Laura Perez,,,N/A,Barranquilla,N/A,36,smb ,laptop,8,1569.0,12552.0,Active,15/01/2026,5,ERP
C11814,Carlos Garcia,carlos.garcia@example.com,,Co,Bogota,N/A,50,RETAIL,Laptop,5,996.61,4983.05,inactive,2026-01-15,1,ERP
C11815,maria Pérez,maria.pérez@example.com,3003183479,Co,bogota,not-a-date,29,Retail,Desk,3,1430.45,4291.35,pending,N/A,5,ERP
C11816,Juan Sanchez,?,null,COLOMBIA,,24/09/2026,60,RETAIL,laptop,4,1247.21,4988.84,unknown,N/A,N/A,ERP
C11817,maria Martinez,maria.martinez@example.com,3009846758,COLOMBIA,Medellín,09/24/2026,65,smb ,Desk,2,1836.7,3673.4,active,,3,ERP
C11818,CARLOS Pérez,carlos.pérez@example.com,,N/A,Bogota,not-a-date,31,retail,laptop,8,N/A,6176.16,unknown,N/A,1,ERP
C11819,Juan Perez,juan.perez@example.com,+57 300 415 6845,Colombia,Cali,not-a-date,40,SMB,Laptop,3,462.34,1387.02,ACTIVE,15/01/2026,2,ERP
C11820,Laura GARCIA,laura.garcia@example.com,,colombia,CALI,24/09/2026,71,RETAIL,Mouse,3,1822.55,5467.65,pending,N/A,4,ERP
C11821,Carlos Perez,carlos.perez@example.com,,N/A,Bogotá D.C.,not-a-date,56,SMB,Mouse,2,1133.33,2266.66,pending,15/01/2026,3,ERP
C11822,Juan Lopez,juan.lopez@example.com,,Colombia,BOGOTA,24/09/2026,58,Retail,Chair,-1,127.0,127.0,inactive,2026-01-15,2,ERP
C11823,Juan lopez,juan.lopez@example.com,N/A,COLOMBIA,Bogota,2026/09/24,44,smb ,laptop,8,1594.44,12755.52,active,15/01/2026,2,ERP
C11824,Diego Pérez,diego.pérez@example.com,300-123-4592,Colombia,Medellin,2026-09-24,41,enterprise,Monitor,4,1180.02,4720.08,pending,N/A,1,ERP
C11825,Carlos Martinez,carlos.martinez@example.com,,Colombia,Bogota DC,N/A,49,retail,Keyboard,7,1677.01,11739.07,Active,15/01/2026,5,ERP
C11826,maria Perez,maria.perez@example.com,N/A,Unknown,Bogota,24/09/2026,69,retail,Chair,2,121.77,243.54,unknown,,,ERP
C11827,Laura Perez,LAURA.PEREZ@EXAMPLE.COM,N/A,Unknown,Medellín,not-a-date,45,RETAIL,Chair,2,1957.72,3915.44,unknown,2026-01-15,1,ERP
C11828,Carlos Lopez,carlos.lopez@example.com,N/A,Unknown,Medellin,N/A,37,enterprise,Chair,8,1082.93,8663.44,pending,N/A,N/A,ERP
C11829,Diego Lopez,diego.lopez@example.com,N/A,Co,Medellín,September 24 2026,63,smb ,LAPTOP,6,1630.6,9783.6,PENDING,15/01/2026,N/A,ERP
C11830,Maria Garcia,maria.garcia@example.com,N/A,Co,Bogotá,24/09/2026,28,Enterprise,Monitor,3,1507.15,4521.45,active,15/01/2026,5,ERP
C11831,Luis Lopez,luis.lopez@example.com,3007269648,Co,Cartagena,24/09/2026,48,enterprise,Laptop,2,245.14,490.28,active,15/01/2026,3,ERP
C11832,Laura Perez,laura.perez@example.com,N/A,Unknown,CALI,24/09/2026,22,retail,Chair,10,1236.29,12362.9,unknown,2026-01-15,,ERP
C11833,   JUAN  Perez  ,juan.perez@example.com,+573009768380,Unknown,Bogotá D.C.,N/A,37,retail,Laptop,7,859.02,6013.14,inactive,15/01/2026,,ERP
C11834,Laura Perez,,+57 300 631 6646,Colombia,BOGOTA,2026/09/24,34,Retail,Mouse,8,1371.49,10971.92,active,2026-01-15,3,ERP
C11835,Maria GARCIA,maria.garcia@example.com,+573003555688,colombia,Bogota DC,03/04/2026,57,Retail,Laptop,8,1294.08,10352.64,active,15/01/2026,1,ERP
C11836,Carlos GARCIA,carlos.garcia@example.com,,COLOMBIA,BOGOTA,03/04/2026,66,SMB,Keyboard,9,618.83,5569.47,ACTIVE,N/A,5,ERP
C11837,Carlos Garcia,carlos.garcia@example.com,300-123-4571,colombia,bogota,03/04/2026,56,retail,Desk,2,747.61,1495.22,ACTIVE,N/A,1,ERP
C11838, JUAN  Martinez,juan.martinez@example.com,,COLOMBIA,Medellin,N/A,80,retail,Laptop,3,509.72,1529.16,inactive,,2,ERP
C11839,  Ana Pérez  ,ana.pérez@example.com,+573009777869,N/A,Bogota DC,09/24/2026,68,enterprise,Desk,10,92.92,929.2,PENDING,N/A,2,ERP
C11840,maria Martinez,maria.martinez@example.com,300-123-4574,N/A,CALI,09/24/2026,64,Retail,Chair,1,740.71,740.71,inactive,15/01/2026,3,ERP
C11841,Juan Garcia,juan.garcia@example.com,+57 300 238 8360,N/A,Medellín,not-a-date,71,Retail,Mouse,5,893.22,4466.1,inactive,15/01/2026,5,ERP
C11842,  maria lopez  ,,N/A,Co,Barranquilla,not-a-date,77,SMB,Monitor,2,1411.86,2823.72,unknown,N/A,2,ERP
C11843,CARLOS lopez,carlos.lopez@example.com,,COLOMBIA,CALI,2026/09/24,38,RETAIL,LAPTOP,3,314.85,944.55,pending,,5,ERP
C11844,CARLOS GARCIA,carlos.garcia@example.com,N/A,Colombia,Medellin,09/24/2026,55,retail,Chair,4,N/A,2133.44,active,15/01/2026,3,ERP
C11845,Carlos lopez,carlos.lopez@example.com,,N/A,Cali,03/04/2026,30,Enterprise,Keyboard,6,672.78,4036.68,active,2026-01-15,2,ERP
C11846,Ana Pérez,ana.pérez@example.com,+57 300 729 1027,colombia,Cartagena,not-a-date,51,Enterprise,Laptop,1,571.86,571.86,pending,2026-01-15,N/A,ERP
C11847,Sofia Sanchez,sofia.sanchez@example.com,3003253696,N/A,MEDELLIN,24/09/2026,45,Retail,Keyboard,8,1708.82,13670.56,Active,2026-01-15,5,ERP
C11848,Luis Martinez,luis.martinez@example.com,,Co,bogota,N/A,68,enterprise,laptop,2,1116.72,2233.44,PENDING,N/A,N/A,ERP
C11849,Ana Garcia,ana.garcia@example.com,3006187002,N/A,BOGOTA,2026/09/24,21,smb ,LAPTOP,4,153.61,614.44,inactive,15/01/2026,,ERP
C11850,Sofia Garcia,sofia.garcia@example.com,+57 300 725 3732,Unknown,Bogota DC,24/09/2026,72,retail,laptop,7,1732.33,12126.31,active,2026-01-15,1,ERP
C11851,Maria lopez,maria.lopez@example.com,,Colombia,Bogotá,24/09/2026,28,smb ,Keyboard,9,159.57,1436.13,inactive,N/A,5,ERP
C11852,Diego Garcia,diego.garcia@example.com,300-123-4528,colombia,BOGOTA,September 24 2026,28,retail,Monitor,5,1395.26,6976.3,active,N/A,1,ERP
C11853,Diego Lopez,diego.lopez@example.com,+57 300 169 1584,Unknown,Medellin,09/24/2026,49,Enterprise,Mouse,6,1622.17,9733.02,active,2026-01-15,,ERP
C11854,maria Lopez,user@@example.com,+573008039841,colombia,BOGOTA,N/A,33,enterprise,laptop,1,773.94,773.94,pending,N/A,3,ERP
C11855, JUAN  Perez,N/A,300-123-4597,colombia,Cali,2026-09-24,49,RETAIL,Monitor,2,866.74,1733.48,unknown,2026-01-15,,ERP
C11856,Sofia Sanchez,sofia.sanchez@example.com,+57 300 758 3643,N/A,Bogota,2026-09-24,66,smb ,laptop,10,N/A,4350.8,unknown,,4,ERP
C11857,Sofia Perez,sofia.perez@example.com,,N/A,Cali,2026/09/24,40,SMB,Chair,5,1771.94,8859.7,ACTIVE,15/01/2026,4,ERP
C11858, JUAN  lopez,juan.lopez@example.com,+57 300 245 1057,Colombia,CALI,09/24/2026,71,enterprise,Desk,6,980.89,5885.34,ACTIVE,,3,ERP
C11859,Ana Garcia,ana.garcia@example.com,3001257120,colombia,Cartagena,not-a-date,58,Enterprise,LAPTOP,1,1440.61,1440.61,pending,N/A,3,ERP
C11860,Ana GARCIA,N/A,+57 300 125 9531,COLOMBIA,Bogotá,2026-09-24,59,Enterprise,Laptop,5,1333.38,6666.9,unknown,,4,ERP
C11861,Juan Lopez,juan.lopez@example.com,,COLOMBIA,CALI,N/A,23,Retail,laptop,3,1096.52,3289.56,inactive,N/A,2,ERP
C11862,Laura Perez,laura.perez@example.com,N/A,N/A,CALI,09/24/2026,31,RETAIL,Chair,10,1240.69,12406.9,active,,2,ERP
C11863,Juan GARCIA,juan.garcia@example.com,N/A,colombia,Cartagena,24/09/2026,70,smb ,LAPTOP,3,105.0,315.0,ACTIVE,N/A,4,ERP
C11864,Juan Lopez,juan.lopez@example.com,+573006619474,Unknown,Bogotá,not-a-date,33,enterprise,laptop,3,673.79,2021.37,unknown,N/A,,ERP
C11865,maria Perez,maria.perez@example.com,+57 300 976 4361,Colombia,Barranquilla,2026/09/24,80,Enterprise,Desk,4,1470.56,5882.24,inactive,2026-01-15,,ERP
C11866,Diego Lopez,diego.lopez@example.com,300-123-4511,Colombia,Medellin,03/04/2026,74,enterprise,laptop,8,714.45,5715.6,ACTIVE,N/A,2,ERP
C11867, JUAN  lopez,juan.lopez@example.com,,N/A,Medellin,not-a-date,38,retail,LAPTOP,6,854.98,5129.88,PENDING,15/01/2026,4,ERP
C11868,Ana Lopez,ana.lopez@example.com,,colombia,Bogota,September 24 2026,20,Enterprise,Chair,7,1369.64,9587.48,pending,N/A,N/A,ERP
C11869,Ana Lopez,ana.lopez@example.com,+573008238601,COLOMBIA,Barranquilla,September 24 2026,69,SMB,Mouse,2,"946,87",1893.74,inactive,,2,ERP
C11870, JUAN  Perez,juan.perez@example.com,3004234282,Co,Medellin,24/09/2026,40,retail,Laptop,8,1611.54,12892.32,inactive,N/A,2,ERP
C11871,Luis lopez,luis.lopez@example.com,+573006235092,Co,MEDELLIN,24/09/2026,70,enterprise,Monitor,6,840.94,5045.64,pending,2026-01-15,2,ERP
C11872,Diego GARCIA,diego.garcia@example.com,N/A,Colombia,MEDELLIN,03/04/2026,30,enterprise,Laptop,5,738.16,3690.8,PENDING,,,ERP
C11873,Luis Garcia,luis.garcia@example.com,,Co,BOGOTA,N/A,29,Retail,Keyboard,3,939.9,2819.7,pending,15/01/2026,2,ERP
C11874,Maria Garcia,maria.garcia@example.com,+573009725796,COLOMBIA,Medellín,24/09/2026,-5,Enterprise,Keyboard,1,1287.95,1287.95,pending,,2,ERP
C11875,Laura Martinez,laura.martinez@example.com,,N/A,Cali,03/04/2026,26,retail,Monitor,3,1621.56,4864.68,PENDING,15/01/2026,5,ERP
C11876, JUAN  Martinez,juan.martinez@example.com,+57 300 304 7513,COLOMBIA,Cali,09/24/2026,59,Retail,Desk,9,1828.6,16457.4,Active,,4,ERP
C11877,CARLOS Sanchez,carlos.sanchez@example.com,300-123-4563,Colombia,Cartagena,03/04/2026,52,enterprise,LAPTOP,9,494.26,4448.34,unknown,15/01/2026,2,ERP
C11878,Laura Garcia,laura.garcia@example.com,N/A,Co,Cartagena,24/09/2026,64,SMB,LAPTOP,3,343.11,1029.33,Active,N/A,1,ERP
C11879,Diego lopez,diego.lopez@example.com,+57 300 689 5578,Unknown,BOGOTA,09/24/2026,35,smb ,Chair,2,1127.11,2254.22,Active,2026-01-15,3,ERP
C11880, JUAN  lopez,juan.lopez@example.com,+57 300 290 4507,N/A,Bogotá,September 24 2026,48,SMB,Mouse,3,923.79,2771.37,inactive,N/A,5,ERP
C11881,maria Perez,maria.perez@example.com,3007927055,Unknown,Bogotá D.C.,not-a-date,79,RETAIL,Mouse,7,494.93,3464.51,ACTIVE,2026-01-15,4,ERP
C11882,Laura lopez,laura.lopez@example.com,3005640157,Unknown,Medellin,09/24/2026,44,Retail,Keyboard,9,391.78,3526.02,Active,15/01/2026,3,ERP
C11883,  Luis Pérez  ,luis.pérez@example.com,+57 300 967 7388,N/A,Bogota,not-a-date,48,retail,Desk,3,1581.07,4743.21,PENDING,2026-01-15,4,ERP
C11884,Ana Lopez,N/A,+573004588157,Colombia,MEDELLIN,03/04/2026,23,Enterprise,laptop,7,1645.75,11520.25,pending,2026-01-15,,ERP
C11885,maria lopez, user@EXAMPLE.COM ,+57 300 968 9231,Co,Bogota DC,2026-09-24,33,Enterprise,Monitor,5,1355.73,6778.65,ACTIVE,2026-01-15,3,ERP
C11886,Laura Sanchez,laura.sanchez@example.com,,Colombia,Cali,2026/09/24,200,Enterprise,Laptop,7,1779.45,12456.15,unknown,2026-01-15,1,ERP
C11887,Diego GARCIA,diego.garcia@example.com,300-123-4520,colombia,BOGOTA,24/09/2026,42,smb ,Chair,3,1390.3,4170.9,unknown,N/A,5,ERP
C11888,Laura Pérez,laura.pérez@example.com,N/A,Unknown,Medellin,2026/09/24,30,Enterprise,Laptop,3,751.72,2255.16,pending,,N/A,ERP
C11889,CARLOS Garcia,carlos.garcia@example.com,,Unknown,BOGOTA,not-a-date,19,smb ,Desk,4,1057.62,4230.48,pending,2026-01-15,1,ERP
C11890,Carlos Lopez,carlos.lopez@example.com,+57 300 313 1360,Co,bogota,2026-09-24,61,RETAIL,Chair,4,1701.23,6804.92,inactive,2026-01-15,,ERP
C11891, JUAN  lopez,juan.lopez@example.com,N/A,Co,Medellín,not-a-date,80,Enterprise,Desk,2,746.88,1493.76,pending,,3,ERP
C11892,maria Martinez,maria.martinez@example.com,300-123-4537,COLOMBIA,CALI,2026/09/24,23,Retail,LAPTOP,8,1561.13,12489.04,pending,N/A,N/A,ERP
C11893,maria Sanchez,maria.sanchez@example.com,300-123-4585,Unknown,Cartagena,not-a-date,43,Enterprise,Chair,2,783.42,1566.84,Active,2026-01-15,5,ERP
C11894,Maria Sanchez,maria.sanchez@example.com,+573001888165,Unknown,Medellin,09/24/2026,68,Retail,Laptop,8,921.5,7372.0,pending,,3,ERP
C11895,Luis lopez,luis.lopez@example.com,+57 300 586 5542,COLOMBIA,Medellin,2026-09-24,73,enterprise,laptop,10,512.58,5125.8,PENDING,15/01/2026,1,ERP
C11896, JUAN  Pérez,juan.pérez@example.com,3007010077,N/A,Cartagena,N/A,54,RETAIL,Chair,10,1607.3,16073.0,unknown,,2,ERP
C11897,Maria lopez,maria.lopez@example.com,,Colombia,BOGOTA,24/09/2026,66,retail,Chair,7,1805.05,12635.35,Active,15/01/2026,3,ERP
C11898,CARLOS GARCIA,carlos.garcia@example.com,300-123-4582,Colombia,bogota,03/04/2026,46,Retail,Desk,6,600.92,3605.52,inactive,N/A,2,ERP
C11899,Juan Perez,juan.perez@example.com,3005186464,Unknown,Medellin,03/04/2026,-5,enterprise,Chair,10,47.37,473.7,pending,,1,ERP
C11900,Juan Garcia,juan.garcia@example.com,+57 300 292 2465,Co,MEDELLIN,09/24/2026,78,Enterprise,laptop,2,1278.16,2556.32,PENDING,,,ERP
C11901,Carlos lopez,carlos.lopez@example.com,+573004795009,Co,Bogotá,N/A,45,Enterprise,LAPTOP,10,317.83,3178.3,pending,,,ERP
C11902,Sofia Perez,sofia.perez@example.com,+57 300 114 4502,COLOMBIA,Barranquilla,2026/09/24,58,RETAIL,Keyboard,8,1340.05,10720.4,inactive,,N/A,ERP
C11903,Maria Lopez,maria.lopez@example.com,,COLOMBIA,CALI,09/24/2026,29,retail,Monitor,5,161.49,807.45,Active,2026-01-15,3,ERP
C11904,CARLOS Sanchez,carlos.sanchez@example.com,300-123-4595,COLOMBIA,Bogotá,2026/09/24,69,retail,Keyboard,1,1979.58,1979.58,unknown,,1,ERP
C11905,Laura Sanchez,laura.sanchez@example.com,N/A,colombia,Bogota,03/04/2026,74,Enterprise,Laptop,5,698.08,3490.4,PENDING,2026-01-15,N/A,ERP
C11906,CARLOS GARCIA,carlos.garcia@example.com,300-123-4591,colombia,MEDELLIN,2026/09/24,27,Retail,Monitor,1,638.03,638.03,ACTIVE,N/A,N/A,ERP
C11907,Juan Perez,juan.perez@example.com,300-123-4516,colombia,Barranquilla,2026/09/24,53,enterprise,LAPTOP,1,691.12,691.12,inactive,15/01/2026,2,ERP
C11908,Juan Pérez,juan.pérez@example.com,+573003477463,Unknown,Cali,September 24 2026,56,smb ,Keyboard,7,1469.14,10283.98,Active,15/01/2026,1,ERP
C11909,Juan Pérez,juan.pérez@example.com,3008464517,Unknown,BOGOTA,September 24 2026,68,Retail,laptop,1,1136.07,1136.07,pending,,5,ERP
C11910, JUAN  GARCIA,juan.garcia@example.com,,colombia,bogota,N/A,200,Enterprise,laptop,5,844.91,4224.55,pending,2026-01-15,,ERP
C11911,CARLOS lopez,carlos.lopez@example.com,300-123-4514,Unknown,Bogota,2026/09/24,39,SMB,Chair,3,806.77,2420.31,unknown,15/01/2026,3,ERP
C11912, JUAN  Sanchez,juan.sanchez@example.com,,Colombia,bogota,2026-09-24,68,Retail,Mouse,-1,478.7,478.7,unknown,2026-01-15,4,ERP
C11913,Laura Lopez,laura.lopez@example.com,+57 300 173 7468,colombia,Medellín,September 24 2026,80,RETAIL,Chair,7,846.39,5924.73,ACTIVE,N/A,2,ERP
C11914,Juan Martinez,juan.martinez@example.com,,Colombia,Cartagena,N/A,42,SMB,Chair,9,190.25,1712.25,inactive,N/A,N/A,ERP
C11915,Luis Martinez,luis.martinez@example.com,300-123-4522,Co,Bogota,24/09/2026,49,smb ,Chair,3,608.39,1825.17,active,2026-01-15,4,ERP
C11916,Laura Martinez,laura.martinez@example.com,N/A,N/A,Bogotá,2026-09-24,25,Enterprise,Laptop,8,1220.07,9760.56,PENDING,2026-01-15,3,ERP
C11917,Diego Sanchez,diego.sanchez@example.com,300-123-4556,Unknown,Bogotá,2026/09/24,55,smb ,Laptop,4,457.59,1830.36,unknown,,5,ERP
C11918,maria Martinez,maria.martinez@example.com,3007748053,Co,Bogota,09/24/2026,67,Retail,Laptop,1,1680.42,1680.42,Active,2026-01-15,4,ERP
C11919,Laura Pérez,laura.pérez@example.com,3005875697,Unknown,bogota,September 24 2026,51,Retail,Desk,2,1709.01,3418.02,unknown,N/A,2,ERP
C11920,Diego Martinez,diego.martinez@example.com,,Co,Bogota DC,September 24 2026,50,SMB,Desk,2,1545.83,3091.66,inactive,2026-01-15,2,ERP
C11921,Maria Garcia,maria.garcia@example.com,N/A,Co,Medellín,03/04/2026,75,retail,Desk,8,1801.6,14412.8,active,15/01/2026,1,ERP
C11922,Juan lopez,juan.lopez@example.com,300-123-4545,N/A,Medellín,03/04/2026,65,RETAIL,LAPTOP,2,1773.88,3547.76,ACTIVE,15/01/2026,2,ERP
C11923,Sofia lopez,sofia.lopez@example.com,N/A,COLOMBIA,CALI,2026-09-24,41,SMB,Laptop,7,1453.04,10171.28,pending,2026-01-15,3,ERP
C11924,CARLOS Perez,carlos.perez@example.com,N/A,N/A,Bogotá,not-a-date,78,RETAIL,Monitor,4,125.33,501.32,PENDING,2026-01-15,N/A,ERP
C11925,CARLOS Martinez,carlos.martinez@example.com,,Colombia,CALI,not-a-date,70,smb ,Mouse,1,1099.61,1099.61,active,,5,ERP
C11926, JUAN  Perez,juan.perez@example.com,N/A,Co,bogota,September 24 2026,31,RETAIL,Keyboard,6,131.86,791.16,active,N/A,N/A,ERP
C11927,Diego lopez,diego.lopez@example.com,N/A,Unknown,Barranquilla,N/A,44,SMB,LAPTOP,5,1284.16,6420.8,pending,2026-01-15,,ERP
C11928,Sofia Garcia,sofia.garcia@example.com,N/A,N/A,Cartagena,24/09/2026,68,smb ,Desk,3,1812.5,5437.5,inactive,15/01/2026,4,ERP
C11929,  Ana Sanchez  ,ana.sanchez@example.com,300-123-4569,Unknown,bogota,24/09/2026,39,Retail,Desk,3,1691.16,5073.48,ACTIVE,,1,ERP
C11930,Laura Garcia,laura.garcia@example.com,300-123-4592,Co,Medellin,2026-09-24,19,RETAIL,Desk,-2,715.35,715.35,pending,,3,ERP
C11931,Maria Martinez,maria.martinez@example.com,N/A,colombia,Bogotá D.C.,2026/09/24,67,smb ,laptop,6,1085.91,6515.46,inactive,N/A,,ERP
C11932,Juan Martinez,juan.martinez@example.com,+573008112157,colombia,Cali,2026/09/24,37,SMB,laptop,5,1293.01,6465.05,PENDING,,2,ERP
C11933,maria Martinez,maria.martinez@example.com,300-123-4527,Unknown,Bogota,03/04/2026,48,smb ,laptop,8,1397.64,11181.12,PENDING,15/01/2026,4,ERP
C11934,Luis Sanchez,luis.sanchez@example.com,3009827514,COLOMBIA,MEDELLIN,24/09/2026,19,SMB,Keyboard,9,328.35,2955.15,active,,2,ERP
C11935,maria Martinez,maria.martinez@example.com,N/A,COLOMBIA,Cali,2026-09-24,18,enterprise,Laptop,4,775.82,3103.28,PENDING,2026-01-15,,ERP
C11936,  Maria Perez  ,maria.perez@example.com,3004273522,Colombia,Medellín,2026-09-24,52,Retail,Laptop,9,1262.96,11366.64,unknown,15/01/2026,5,ERP
C11937,Maria GARCIA,maria.garcia@example.com,300-123-4592,Colombia,Cartagena,2026-09-24,28,SMB,LAPTOP,5,1703.93,8519.65,inactive,,N/A,ERP
C11938,Carlos Lopez,?,null,Unknown,,N/A,67,RETAIL,laptop,5,1409.94,7049.7,active,N/A,5,ERP
C11939,Carlos Martinez,carlos.martinez@example.com,3009458269,N/A,Cali,not-a-date,75,Retail,Monitor,4,1313.04,5252.16,ACTIVE,2026-01-15,5,ERP
C11940,Laura Pérez,laura.pérez@example.com,N/A,Co,Cali,2026-09-24,60,smb ,laptop,10,862.91,8629.1,ACTIVE,15/01/2026,3,ERP
C11941,Luis Garcia,luis.garcia@example.com,+573003713494,colombia,MEDELLIN,09/24/2026,39,smb ,Chair,5,972.46,4862.3,ACTIVE,,N/A,ERP
C11942, JUAN  Perez,juan.perez@example.com,300-123-4555,COLOMBIA,CALI,03/04/2026,69,retail,LAPTOP,10,577.6,5776.0,ACTIVE,,3,ERP
C11943,Sofia GARCIA,sofia.garcia@example.com,+57 300 660 5399,Co,CALI,2026/09/24,39,Retail,Laptop,9,1562.99,14066.91,Active,N/A,3,ERP
C11944,Maria Perez,maria.perez@example.com,N/A,colombia,Bogota,N/A,78,SMB,Mouse,8,1796.1,14368.8,ACTIVE,,4,ERP
C11945,Carlos Perez,carlos.perez@example.com,+573008005648,Colombia,Bogota DC,09/24/2026,59,smb ,Desk,2,1641.74,3283.48,ACTIVE,15/01/2026,4,ERP
C11946,Ana Martinez,ana.martinez@example.com,+573009055994,N/A,Medellin,03/04/2026,79,smb ,Chair,6,670.41,4022.46,ACTIVE,2026-01-15,5,ERP
C10001,Laura Lopez,laura.lopez@example.com,+57 300 622 8749,Unknown,Bogotá D.C.,03/04/2026,21,SMB,Keyboard,6,1285.74,7714.44,ACTIVE,15/01/2026,4,ERP
C11948,Juan Sanchez,juan.sanchez@example.com,,N/A,Bogotá,24/09/2026,42,retail,Desk,4,860.52,3442.08,unknown,,,ERP
C11949,Sofia Pérez,sofia.pérez@example.com,,N/A,Barranquilla,2026-09-24,27,Enterprise,Desk,10,925.93,9259.3,PENDING,2026-01-15,,ERP
C11950,Laura Sanchez,laura.sanchez@example.com,N/A,Co,Medellin,September 24 2026,27,SMB,Mouse,5,837.1,4185.5,PENDING,N/A,5,ERP
C11951,Diego Garcia,diego.garcia@example.com,+573008707554,N/A,Bogotá,03/04/2026,79,SMB,Desk,9,1083.94,9755.46,unknown,15/01/2026,5,ERP
C11952,Juan Perez,juan.perez@example.com,+573001332821,Unknown,Cartagena,03/04/2026,62,Enterprise,Chair,5,1814.3,9071.5,pending,N/A,3,ERP
C11953,Sofia Garcia,sofia.garcia@example.com,3001582890,N/A,Bogotá D.C.,09/24/2026,46,RETAIL,LAPTOP,2,1392.9,2785.8,Active,15/01/2026,2,ERP
C11954,Sofia Perez,sofia.perez@example.com,300-123-4523,colombia,Medellín,not-a-date,29,SMB,Laptop,8,423.25,3386.0,Active,15/01/2026,2,ERP
C11955,Maria lopez,maria.lopez@example.com,300-123-4515,N/A,Barranquilla,2026-09-24,18,Enterprise,Mouse,8,1662.53,13300.24,Active,15/01/2026,N/A,ERP
C11956,Sofia GARCIA,sofia.garcia@example.com,+573001632995,colombia,CALI,24/09/2026,27,retail,Chair,2,1283.26,2566.52,pending,,3,ERP
C11957,Juan Sanchez,juan.sanchez@example.com,+57 300 419 9781,Colombia,Bogota DC,09/24/2026,58,SMB,Monitor,3,1983.47,5950.41,unknown,N/A,,ERP
C11958,Ana Perez,ana.perez@example.com,+573001071603,COLOMBIA,Medellin,N/A,59,enterprise,Mouse,10,733.94,7339.4,Active,2026-01-15,3,ERP
C11959,Sofia Pérez,sofia.pérez@example.com,+573003581014,Co,Barranquilla,03/04/2026,74,retail,Mouse,10,601.21,6012.1,pending,N/A,1,ERP
C11960,Laura Lopez,laura.lopez@example.com,300-123-4542,N/A,Medellin,03/04/2026,74,RETAIL,Chair,1,N/A,1616.54,unknown,2026-01-15,5,ERP
C11961,Laura Lopez,laura.lopez@example.com,+57 300 286 1690,Co,Cartagena,24/09/2026,43,retail,Monitor,2,1736.13,3472.26,pending,15/01/2026,1,ERP
C11962,CARLOS Garcia,carlos.garcia@example.com,3003583460,COLOMBIA,Bogotá D.C.,09/24/2026,70,retail,LAPTOP,3,1361.86,4085.58,ACTIVE,N/A,N/A,ERP
C11963,maria Lopez,maria.lopez@example.com,+57 300 252 4791,Colombia,CALI,September 24 2026,24,enterprise,Desk,8,1211.17,9689.36,pending,N/A,1,ERP
C11964,Ana Pérez,ana.pérez@example.com,3002955790,Unknown,Bogota DC,N/A,55,retail,Chair,9,1473.15,13258.35,active,,3,ERP
C11965,  Juan Martinez  ,?,null,Co,,not-a-date,21,smb ,Mouse,4,1445.43,5781.72,inactive,2026-01-15,2,ERP
C11966,maria Lopez,maria.lopez@example.com,3008896929,colombia,bogota,09/24/2026,52,enterprise,Mouse,3,396.55,1189.65,Active,15/01/2026,5,ERP
C11967,Maria Martinez,maria.martinez@example.com,+57 300 280 3676,COLOMBIA,Bogotá,24/09/2026,42,retail,Keyboard,1,1724.98,1724.98,ACTIVE,N/A,2,ERP
C11968,Carlos Lopez,carlos.lopez@example.com,,COLOMBIA,Bogotá,September 24 2026,32,RETAIL,Mouse,6,835.82,5014.92,unknown,,3,ERP
C11969, JUAN  Martinez,juan.martinez@example.com,3002336917,Co,bogota,09/24/2026,66,retail,LAPTOP,5,969.61,4848.05,PENDING,N/A,N/A,ERP
C11970,  CARLOS Martinez  ,carlos.martinez@example.com,+573008310364,Unknown,BOGOTA,24/09/2026,50,SMB,Monitor,7,577.41,4041.87,PENDING,N/A,4,ERP
C11971,Sofia Perez,sofia.perez@example.com,+57 300 685 3234,N/A,CALI,24/09/2026,65,Retail,Monitor,3,744.28,2232.84,ACTIVE,2026-01-15,N/A,ERP
C11972,Diego Lopez,diego.lopez@example.com,,colombia,Medellin,2026-09-24,50,smb ,Keyboard,10,1899.83,18998.3,Active,15/01/2026,,ERP
C11973,Luis Pérez,luis.pérez@example.com,,Colombia,Bogota DC,September 24 2026,64,retail,Keyboard,7,596.91,4178.37,Active,,,ERP
C11974,Maria Perez,maria.perez@example.com,+57 300 963 7738,Unknown,Medellín,not-a-date,57,RETAIL,Desk,6,1936.45,11618.7,pending,N/A,4,ERP
C11975,Juan GARCIA,juan.garcia@example.com,300-123-4574,N/A,Bogota,2026-09-24,58,Retail,LAPTOP,4,1965.5,7862.0,ACTIVE,2026-01-15,,ERP
C11976,Luis Perez,luis.perez@example.com,300-123-4575,colombia,Barranquilla,2026-09-24,37,retail,laptop,1,$519.79,519.79,PENDING,,,ERP
C11977,Luis Lopez,luis.lopez@example.com,+57 300 715 4407,COLOMBIA,Bogota DC,24/09/2026,74,smb ,Laptop,3,922.26,2766.78,Active,2026-01-15,1,ERP
C11978,Sofia lopez, user@EXAMPLE.COM ,+57 300 115 8055,Co,Medellín,2026/09/24,35,Retail,LAPTOP,9,1875.09,16875.81,active,15/01/2026,3,ERP
C11979,Ana GARCIA,ana.garcia@example.com,,Colombia,CALI,not-a-date,48,RETAIL,Desk,5,745.87,3729.35,Active,N/A,3,ERP
C11980,Sofia Martinez,sofia.martinez@example.com,3009376239,Colombia,MEDELLIN,09/24/2026,18,enterprise,Chair,6,1096.02,6576.12,PENDING,N/A,,ERP
C11981,Juan GARCIA,juan.garcia@example.com,+57 300 884 4772,Colombia,Cartagena,2026/09/24,999,enterprise,laptop,10,1566.46,15664.6,Active,2026-01-15,,ERP
C11982,maria lopez,maria.lopez@example.com,300-123-4576,COLOMBIA,Barranquilla,2026/09/24,72,RETAIL,Laptop,2,1186.4,2372.8,Active,15/01/2026,4,ERP
C11983,Diego Sanchez,diego.sanchez@example.com,N/A,COLOMBIA,BOGOTA,N/A,22,Retail,Chair,1,1904.87,1904.87,inactive,15/01/2026,4,ERP
C11984,Laura Martinez,laura.martinez@example.com,N/A,N/A,Cartagena,September 24 2026,62,Retail,Monitor,5,1011.6,5058.0,inactive,15/01/2026,5,ERP
C11985,Carlos Perez,carlos.perez@example.com,,N/A,MEDELLIN,not-a-date,200,smb ,Chair,3,1934.65,5803.95,pending,2026-01-15,4,ERP
C11986,Maria Garcia,user@@example.com,,colombia,Cali,September 24 2026,60,enterprise,Monitor,8,971.98,7775.84,active,15/01/2026,4,ERP
C11987,Diego GARCIA,diego.garcia@example.com,,Colombia,Barranquilla,09/24/2026,19,SMB,Laptop,6,106.85,641.1,ACTIVE,N/A,3,ERP
C11988,Diego Sanchez,diego.sanchez@example.com,3002132956,Co,Bogotá,2026-09-24,44,enterprise,laptop,1,1401.34,1401.34,unknown,,N/A,ERP
C11989, JUAN  Garcia,juan.garcia@example.com,N/A,Co,Medellin,24/09/2026,34,Enterprise,Monitor,4,1891.51,7566.04,ACTIVE,2026-01-15,1,ERP
C11990,CARLOS Perez,carlos.perez@example.com,+573006576820,colombia,Medellin,September 24 2026,59,Enterprise,Keyboard,3,1245.38,3736.14,pending,2026-01-15,4,ERP
C11991,Laura Pérez,laura.pérez@example.com,3006452440,Unknown,Bogota,2026-09-24,34,smb ,Laptop,8,1200.93,-9607.44,Active,,4,ERP
C11992, JUAN  Garcia,juan.garcia@example.com,3001092641,Co,Medellin,03/04/2026,34,Retail,Laptop,-2,1157.84,1157.84,inactive,2026-01-15,4,ERP
C11993,Luis Sanchez,luis.sanchez@example.com,300-123-4519,COLOMBIA,Bogotá D.C.,24/09/2026,79,smb ,Laptop,3,1970.53,5911.59,Active,2026-01-15,N/A,ERP
C11994,Diego Perez,diego.perez@example.com,N/A,N/A,Cali,September 24 2026,27,Enterprise,Keyboard,9,772.29,6950.61,ACTIVE,15/01/2026,2,ERP
C11995,maria Garcia,maria.garcia@example.com,,Unknown,Bogota,not-a-date,37,enterprise,Monitor,4,1695.98,6783.92,inactive,2026-01-15,3,ERP
C11996,Ana lopez,ana.lopez@example.com,,colombia,Bogotá D.C.,03/04/2026,34,Enterprise,laptop,-2,578.17,578.17,ACTIVE,15/01/2026,1,ERP
C11997,Carlos Garcia,carlos.garcia@example.com,+57 300 512 1074,N/A,Bogota DC,2026/09/24,19,smb ,Chair,7,1016.29,7114.03,ACTIVE,15/01/2026,5,ERP
C11998,Carlos Martinez,carlos.martinez@example.com,+573005942231,Unknown,Bogotá,not-a-date,19,RETAIL,Keyboard,10,395.34,3953.4,pending,2026-01-15,5,ERP
C11999,Diego Perez,diego.perez@example.com,N/A,COLOMBIA,Barranquilla,24/09/2026,63,enterprise,Desk,2,"$1,871.77",3743.54,pending,2026-01-15,4,ERP
C12000,Juan Garcia,juan.garcia@example.com,+57 300 883 4701,Co,MEDELLIN,September 24 2026,29,enterprise,laptop,3,1294.73,3884.19,ACTIVE,15/01/2026,N/A,ERP
C12001,Laura Sanchez,laura.sanchez@example.com,+57 300 568 6054,COLOMBIA,Bogota DC,N/A,70,Retail,Laptop,6,128.54,771.24,unknown,,3,ERP
C12002,Ana Pérez,ana.pérez@example.com,300-123-4560,N/A,BOGOTA,24/09/2026,31,retail,Monitor,7,369.72,2588.04,inactive,,4,ERP
C12003,Maria Sanchez,maria.sanchez@example.com,+573005061379,Colombia,Bogotá D.C.,2026-09-24,52,smb ,Chair,8,1393.82,11150.56,active,,1,ERP
C12004,Laura Sanchez,laura.sanchez@example.com,3002009918,Co,MEDELLIN,not-a-date,38,retail,Desk,9,1810.8,16297.2,inactive,15/01/2026,4,ERP
C12005,Diego Pérez,diego.pérez@example.com,+57 300 404 8718,COLOMBIA,bogota,03/04/2026,74,enterprise,Mouse,5,22.95,114.75,PENDING,,4,ERP
C12006,Laura Pérez,laura.pérez@example.com,3006721861,Co,CALI,03/04/2026,67,RETAIL,LAPTOP,9,1941.05,17469.45,Active,15/01/2026,N/A,ERP
C12007,Juan Sanchez,juan.sanchez@example.com,,Colombia,Bogotá D.C.,09/24/2026,62,smb ,Mouse,1,1128.77,1128.77,pending,,5,ERP
C12008,Sofia Lopez,sofia.lopez@example.com,,COLOMBIA,Bogotá D.C.,September 24 2026,80,smb ,LAPTOP,5,271.59,1357.95,unknown,N/A,3,ERP
C12009,Juan Lopez,juan.lopez@example.com,300-123-4599,N/A,bogota,September 24 2026,50,Enterprise,LAPTOP,10,1120.36,11203.6,ACTIVE,N/A,4,ERP
C12010,Laura Garcia,laura.garcia@example.com,300-123-4553,colombia,Bogotá,September 24 2026,25,RETAIL,Laptop,7,1483.7,10385.9,PENDING,,N/A,ERP
C12011,Ana Garcia,ana.garcia@example.com,3007969110,N/A,Bogotá,not-a-date,37,enterprise,LAPTOP,7,1095.63,7669.41,Active,15/01/2026,3,ERP
C12012,Laura Lopez,laura.lopez@example.com,300-123-4597,Unknown,Bogota DC,03/04/2026,24,SMB,LAPTOP,8,542.66,4341.28,Active,,3,ERP
C12013,Carlos Perez,N/A,3002177457,Unknown,bogota,03/04/2026,34,smb ,LAPTOP,3,961.88,2885.64,active,N/A,5,ERP
C12014,Maria Pérez,maria.pérez@example.com,300-123-4565,colombia,MEDELLIN,2026/09/24,48,retail,Mouse,10,1742.29,17422.9,inactive,N/A,3,ERP
C12015,Carlos Pérez,missing@,+57 300 469 5011,Co,Bogota,03/04/2026,24,retail,laptop,5,907.8,4539.0,PENDING,,,ERP
C12016,Laura Perez,laura.perez@example.com,+57 300 842 3063,Co,MEDELLIN,N/A,22,Enterprise,Mouse,4,748.08,2992.32,inactive,15/01/2026,N/A,ERP
C12017,Luis Sanchez,luis.sanchez@example.com,3001509323,colombia,Cali,2026-09-24,68,RETAIL,LAPTOP,8,1133.43,9067.44,pending,N/A,5,ERP
C12018,Carlos Garcia,carlos.garcia@example.com,,Colombia,Bogotá,N/A,39,retail,Laptop,10,1087.58,10875.8,Active,15/01/2026,5,ERP
C12019,Carlos Martinez,carlos.martinez@example.com,,Unknown,Bogota,2026-09-24,78,retail,Laptop,6,1881.06,11286.36,ACTIVE,,N/A,ERP
C12020,Juan Perez,juan.perez@example.com,+57 300 813 5425,COLOMBIA,BOGOTA,03/04/2026,69,retail,laptop,4,1739.67,6958.68,PENDING,,1,ERP
C12021,Maria Pérez,maria.pérez@example.com,,Co,Bogotá D.C.,24/09/2026,79,Retail,Desk,7,1985.79,13900.53,PENDING,15/01/2026,4,ERP
C12022,  Sofia Lopez  ,sofia.lopez@example.com,N/A,Colombia,Cali,September 24 2026,19,Enterprise,Keyboard,2,1044.49,2088.98,Active,,5,ERP
C12023,Luis Pérez,luis.pérez@example.com,+57 300 770 5370,colombia,bogota,2026-09-24,18,smb ,Monitor,7,241.91,1693.37,inactive,N/A,N/A,ERP
C12024,Carlos Sanchez,carlos.sanchez@example.com,300-123-4586,colombia,Barranquilla,not-a-date,20,RETAIL,Laptop,5,1404.96,7024.8,unknown,15/01/2026,3,ERP
C12025,CARLOS lopez,carlos.lopez@example.com,N/A,Co,Medellín,not-a-date,31,SMB,Laptop,10,12.93,129.3,pending,,,ERP
C12026,CARLOS Pérez,carlos.pérez@example.com,,Unknown,Cartagena,03/04/2026,20,retail,Laptop,4,297.36,1189.44,Active,,4,ERP
C12027,Juan Martinez,juan.martinez@example.com,N/A,COLOMBIA,Bogota,24/09/2026,44,SMB,Monitor,5,"418,45",2092.25,PENDING,15/01/2026,N/A,ERP
C12028,  Maria Sanchez  ,MARIA.SANCHEZ@EXAMPLE.COM,300-123-4519,N/A,Bogotá D.C.,09/24/2026,74,enterprise,laptop,1,1034.26,1034.26,active,15/01/2026,,ERP
C12029,maria Sanchez,maria.sanchez@example.com,+573003451283,Colombia,Bogota,N/A,45,enterprise,Mouse,5,319.18,1595.9,PENDING,2026-01-15,2,ERP
C12030,Maria Pérez,maria.pérez@example.com,+573002856948,Colombia,bogota,09/24/2026,50,Retail,Chair,3,1409.79,4229.37,unknown,,,ERP
C12031,Diego Sanchez,diego.sanchez@example.com,3001030972,colombia,bogota,not-a-date,63,retail,Mouse,1,914.97,914.97,inactive,,5,ERP
C12032,Luis Garcia,luis.garcia@example.com,,N/A,Cali,2026-09-24,49,RETAIL,Laptop,10,634.43,6344.3,pending,N/A,,ERP
C12033,Luis Lopez,luis.lopez@example.com,300-123-4552,Unknown,Bogotá,2026-09-24,49,RETAIL,Desk,1,986.02,986.02,unknown,N/A,5,ERP
C12034, JUAN  Garcia,juan.garcia@example.com,N/A,Unknown,MEDELLIN,N/A,45,Retail,LAPTOP,6,201.1,1206.6,active,15/01/2026,2,ERP
C12035,maria Garcia,maria.garcia@example.com,,COLOMBIA,Bogota DC,September 24 2026,33,smb ,Chair,3,1253.99,3761.97,Active,2026-01-15,N/A,ERP
C12036,Sofia Martinez,sofia.martinez@example.com,+57 300 241 5597,COLOMBIA,Bogota DC,N/A,25,SMB,LAPTOP,2,611.71,1223.42,PENDING,2026-01-15,2,ERP
C12037,  Laura lopez  ,laura.lopez@example.com,N/A,Colombia,Bogotá,not-a-date,77,retail,Monitor,10,1932.6,19326.0,active,N/A,,ERP
C12038,Laura GARCIA,laura.garcia@example.com,3003816770,Colombia,CALI,N/A,31,smb ,Monitor,9,89.72,807.48,PENDING,N/A,2,ERP
C12039,Carlos Perez,carlos.perez@example.com,3001137817,colombia,BOGOTA,24/09/2026,79,Retail,Chair,10,478.58,4785.8,active,N/A,4,ERP
C12040,Diego lopez,diego.lopez@example.com,+57 300 998 7771,colombia,BOGOTA,N/A,25,enterprise,Laptop,9,1164.28,10478.52,Active,,4,ERP
C12041,Maria Pérez,maria.pérez@example.com,+573004049559,Co,Bogotá,not-a-date,26,smb ,Keyboard,3,611.65,1834.95,inactive,15/01/2026,N/A,ERP
C12042, JUAN  lopez,,300-123-4518,COLOMBIA,Bogotá D.C.,2026/09/24,51,retail,Desk,5,130.29,651.45,pending,15/01/2026,,ERP
C12043,Ana GARCIA,ana.garcia@example.com,+57 300 393 6071,COLOMBIA,Cali,N/A,52,Enterprise,Desk,7,345.9,2421.3,pending,,N/A,ERP
C12044,Luis Pérez,luis.pérez@example.com,+57 300 340 4970,N/A,Medellín,03/04/2026,38,enterprise,Desk,6,250.61,1503.66,PENDING,N/A,,ERP
C12045,Juan lopez,juan.lopez@example.com,,Co,bogota,24/09/2026,41,RETAIL,LAPTOP,4,49.22,196.88,active,15/01/2026,N/A,ERP
C12046,Carlos Pérez,carlos.pérez@example.com,,N/A,Medellin,03/04/2026,76,RETAIL,LAPTOP,6,218.17,1309.02,unknown,15/01/2026,N/A,ERP
C12047,Luis Martinez,luis.martinez@example.com,3003582502,N/A,Bogotá,09/24/2026,21,SMB,Keyboard,1,1809.99,1809.99,pending,2026-01-15,4,ERP
C12048,Diego Perez,diego.perez@example.com,+57 300 337 8194,Colombia,Bogota DC,September 24 2026,54,SMB,Laptop,3,1472.18,4416.54,inactive,15/01/2026,N/A,ERP
C12049,Sofia Perez,sofia.perez@example.com,+573009721410,Colombia,MEDELLIN,2026-09-24,60,enterprise,Chair,4,1164.94,4659.76,inactive,15/01/2026,4,ERP
C12050,Juan Sanchez,juan.sanchez@example.com,+57 300 247 5013,COLOMBIA,MEDELLIN,not-a-date,62,Enterprise,Monitor,8,1208.57,9668.56,Active,2026-01-15,1,ERP
C12051,Luis Martinez,luis.martinez@example.com,+57 300 133 9114,N/A,Medellin,03/04/2026,68,Enterprise,Keyboard,8,340.28,2722.24,Active,15/01/2026,5,ERP
C12052,Diego Perez,diego.perez@example.com,N/A,Unknown,BOGOTA,09/24/2026,66,RETAIL,LAPTOP,1,136.84,136.84,Active,15/01/2026,2,ERP
C12053,Laura lopez,laura.lopez@example.com,3001502858,Co,Bogotá,24/09/2026,58,Enterprise,Monitor,5,1222.83,6114.15,ACTIVE,15/01/2026,N/A,ERP
C12054,Luis Lopez,luis.lopez@example.com,+573003219200,N/A,Cartagena,09/24/2026,60,SMB,Monitor,7,N/A,10437.63,ACTIVE,,3,ERP
C12055,Maria Perez,maria.perez@example.com,,COLOMBIA,Medellin,N/A,44,SMB,Keyboard,1,419.11,419.11,unknown,15/01/2026,3,ERP
C12056,Diego Perez,diego.perez@example.com,+573001526320,Unknown,Bogota DC,24/09/2026,66,Retail,LAPTOP,4,380.41,1521.64,ACTIVE,,5,ERP
C12057,Carlos lopez,carlos.lopez@example.com,3005885012,Colombia,Medellín,N/A,74,Enterprise,Monitor,3,501.06,1503.18,PENDING,,4,ERP
C12058,Carlos Lopez,carlos.lopez@example.com,300-123-4565,Unknown,BOGOTA,September 24 2026,18,Enterprise,laptop,9,1994.19,17947.71,ACTIVE,,,ERP
C12059,CARLOS Lopez,carlos.lopez@example.com,+57 300 515 7267,N/A,Bogota,September 24 2026,48,RETAIL,Desk,7,111.19,778.33,unknown,,1,ERP
C12060,maria Lopez,maria.lopez@example.com,,N/A,Barranquilla,09/24/2026,25,enterprise,Keyboard,8,1649.8,13198.4,unknown,,5,ERP
C12061,Sofia Sanchez,sofia.sanchez@example.com,,Unknown,MEDELLIN,24/09/2026,54,Retail,Chair,9,N/A,13558.41,active,N/A,N/A,ERP
C12062, JUAN  Perez,juan.perez@example.com,+57 300 869 1504,Co,Bogota DC,09/24/2026,57,enterprise,Keyboard,7,880.81,6165.67,Active,15/01/2026,4,ERP
C12063,Laura Martinez,laura.martinez@example.com,+57 300 827 8935,Unknown,Medellín,September 24 2026,69,RETAIL,Monitor,6,646.97,3881.82,active,15/01/2026,1,ERP
C12064,CARLOS GARCIA,carlos.garcia@example.com,300-123-4579,N/A,Bogota DC,not-a-date,29,smb ,Desk,5,1568.7,7843.5,ACTIVE,2026-01-15,,ERP
C12065,Carlos GARCIA,carlos.garcia@example.com,3002568700,COLOMBIA,Bogota DC,2026/09/24,76,smb ,Laptop,1,394.68,394.68,unknown,,4,ERP
C12066,Ana GARCIA,ana.garcia@example.com,,Unknown,Medellín,not-a-date,73,Enterprise,Laptop,6,1241.14,7446.84,PENDING,,2,ERP
C12067,Carlos Martinez,carlos.martinez@example.com,300-123-4540,colombia,Bogotá,09/24/2026,200,Enterprise,Desk,4,511.36,2045.44,inactive,,,ERP
C12068,Luis Sanchez,luis.sanchez@example.com,+57 300 978 4046,COLOMBIA,Medellín,2026-09-24,69,retail,laptop,10,391.68,3916.8,inactive,15/01/2026,3,ERP
C12069,Maria Perez,maria.perez@example.com,N/A,N/A,Medellin,September 24 2026,65,SMB,Mouse,3,58.55,175.65,PENDING,N/A,N/A,ERP
C12070,Luis Martinez,luis.martinez@example.com,+573004862674,COLOMBIA,Bogotá,09/24/2026,34,Enterprise,Chair,2,1744.55,3489.1,pending,N/A,5,ERP
C12071,Carlos Lopez,carlos.lopez@example.com,N/A,N/A,bogota,24/09/2026,77,RETAIL,Keyboard,8,1117.75,8942.0,pending,,5,ERP
C12072,Ana Garcia,ana.garcia@example.com,3006682644,Co,Bogota,not-a-date,76,RETAIL,Keyboard,7,453.84,3176.88,Active,2026-01-15,2,ERP
C12073,Laura Perez,laura.perez@example.com,3007418178,N/A,CALI,2026/09/24,49,Enterprise,Desk,-1,1926.89,1926.89,Active,2026-01-15,5,ERP
C12074,Diego lopez,diego.lopez@example.com,3008214754,Co,Bogotá D.C.,not-a-date,22,Retail,laptop,2,1778.85,3557.7,pending,N/A,,ERP
C12075,Carlos Pérez,carlos.pérez@example.com,300-123-4543,colombia,Medellin,September 24 2026,71,Enterprise,Monitor,2,475.6,951.2,ACTIVE,,3,ERP
C12076,Laura GARCIA,laura.garcia@example.com,+573005328499,colombia,MEDELLIN,03/04/2026,77,smb ,LAPTOP,1,790.71,790.71,Active,N/A,1,ERP
C12077,Ana Lopez,ana.lopez@example.com,+573006178753,Unknown,Medellin,September 24 2026,52,SMB,LAPTOP,6,225.06,1350.36,Active,N/A,3,ERP
C12078,CARLOS Sanchez,carlos.sanchez@example.com,300-123-4574,colombia,Cali,03/04/2026,24,RETAIL,Monitor,2,880.07,1760.14,unknown,N/A,1,ERP
C12079,Diego Pérez,diego.pérez@example.com,N/A,Colombia,Bogotá D.C.,2026/09/24,54,enterprise,laptop,3,657.29,1971.87,ACTIVE,15/01/2026,2,ERP
C12080,Maria Pérez,maria.pérez@example.com,3007734035,N/A,CALI,03/04/2026,37,SMB,Desk,9,727.85,6550.65,PENDING,15/01/2026,N/A,ERP
C12081,Laura Perez,laura.perez@example.com,300-123-4516,N/A,CALI,2026-09-24,68,RETAIL,laptop,8,1219.24,195078.4,pending,,,ERP
C12082,Luis Perez,luis.perez@example.com,,N/A,BOGOTA,03/04/2026,20,enterprise,Laptop,2,1031.61,2063.22,active,2026-01-15,2,ERP
C12083,maria Pérez,maria.pérez@example.com,300-123-4596,Unknown,Medellín,2026-09-24,29,RETAIL,Desk,1,1998.44,1998.44,PENDING,N/A,,ERP
C12084,Luis Pérez,luis.pérez@example.com,3007411843,N/A,Bogotá D.C.,2026-09-24,70,enterprise,Mouse,9,622.0,5598.0,unknown,15/01/2026,1,ERP
C12085, JUAN  Lopez,juan.lopez@example.com,+573007804631,Co,CALI,2026/09/24,60,Enterprise,Mouse,5,91.63,458.15,Active,2026-01-15,3,ERP
C12086,CARLOS Martinez,carlos.martinez@example.com,,Unknown,Medellin,September 24 2026,72,Enterprise,laptop,2,1344.37,2688.74,PENDING,2026-01-15,1,ERP
C12087,CARLOS Perez,carlos.perez@example.com,N/A,COLOMBIA,Medellin,03/04/2026,61,RETAIL,Keyboard,1,289.46,289.46,PENDING,15/01/2026,1,ERP
C12088,Maria Martinez,maria.martinez@example.com,N/A,colombia,Bogotá,09/24/2026,80,Enterprise,Monitor,7,1616.43,11315.01,pending,2026-01-15,1,ERP
C12089,  Luis Pérez  ,LUIS.PÉREZ@EXAMPLE.COM,3004208593,Co,Barranquilla,24/09/2026,51,Enterprise,Mouse,10,686.58,6865.8,Active,2026-01-15,2,ERP
C12090, JUAN  Lopez,juan.lopez@example.com,,N/A,bogota,03/04/2026,37,Retail,laptop,7,1153.91,8077.37,active,N/A,N/A,ERP
C12091,Maria Pérez,maria.pérez@example.com,300-123-4510,colombia,Bogotá,September 24 2026,35,SMB,Desk,2,1649.02,3298.04,inactive,15/01/2026,3,ERP
C12092,maria Perez,maria.perez@example.com,3005045026,colombia,Cali,09/24/2026,200,RETAIL,Desk,2,466.81,933.62,ACTIVE,,3,ERP
C12093,Maria Lopez,maria.lopez@example.com,,colombia,Medellín,09/24/2026,31,RETAIL,Chair,1,325.14,325.14,Active,2026-01-15,1,ERP
C12094,Ana Martinez,ana.martinez@example.com,+573007166068,Colombia,Cartagena,2026/09/24,43,RETAIL,Desk,10,1199.88,11998.8,ACTIVE,N/A,2,ERP
C12095,Laura GARCIA,laura.garcia@example.com,N/A,N/A,Bogota,N/A,40,RETAIL,laptop,5,879.57,4397.85,pending,,4,ERP
C12096,Sofia Perez,sofia.perez@example.com,+57 300 892 7775,colombia,Medellin,2026-09-24,41,RETAIL,Chair,1,283.32,283.32,pending,N/A,4,ERP
C12097,maria Pérez,maria.pérez@example.com,,Co,bogota,2026/09/24,78,smb ,Desk,4,1566.59,6266.36,ACTIVE,2026-01-15,1,ERP
C12098,  CARLOS Lopez  ,carlos.lopez@example.com,3003932343,colombia,Bogota DC,N/A,999,SMB,laptop,5,1642.02,8210.1,unknown,,3,ERP
C12099, JUAN  lopez,juan.lopez@example.com,,COLOMBIA,MEDELLIN,September 24 2026,56,smb ,Keyboard,5,1612.89,8064.45,pending,15/01/2026,5,ERP
C12100,CARLOS Garcia,carlos.garcia@example.com,,Unknown,Medellín,N/A,48,retail,laptop,6,1982.94,11897.64,active,N/A,1,ERP
C12101,Luis GARCIA,luis.garcia@example.com,,Colombia,Barranquilla,2026/09/24,18,RETAIL,Desk,6,785.12,4710.72,ACTIVE,2026-01-15,,ERP
C12102, JUAN  Martinez,juan.martinez@example.com,+57 300 397 6859,COLOMBIA,Cali,not-a-date,63,Retail,Desk,1,1810.64,1810.64,pending,N/A,4,ERP
C12103,Carlos Pérez,carlos.pérez@example.com,+57 300 418 2956,N/A,Medellin,not-a-date,54,Retail,Chair,6,1520.67,9124.02,pending,2026-01-15,3,ERP
C12104,Maria Martinez,maria.martinez@example.com,N/A,colombia,Medellin,not-a-date,38,enterprise,laptop,6,735.34,4412.04,unknown,15/01/2026,3,ERP
C12105,Diego Sanchez,diego.sanchez@example.com,+57 300 121 9580,Unknown,Barranquilla,2026/09/24,999,smb ,Chair,4,163.15,652.6,pending,N/A,1,ERP
C12106,Sofia lopez,sofia.lopez@example.com,3006806407,Colombia,Bogotá,N/A,48,enterprise,laptop,9,544.46,4900.14,PENDING,,,ERP
C12107,CARLOS Garcia,carlos.garcia@example.com,3006466017,Co,MEDELLIN,24/09/2026,24,Enterprise,Chair,3,1262.7,3788.1,Active,15/01/2026,2,ERP
C12108, JUAN  lopez,juan.lopez@example.com,3002150780,Colombia,Cali,September 24 2026,29,Enterprise,laptop,9,"370,29",3332.61,inactive,N/A,3,ERP
C12109,maria Pérez,maria.pérez@example.com,N/A,N/A,Cartagena,24/09/2026,999,Retail,Mouse,3,336.48,1009.44,inactive,15/01/2026,4,ERP
C12110,CARLOS Sanchez,not-an-email,,Colombia,Bogotá,09/24/2026,69,SMB,Monitor,8,499.4,3995.2,unknown,15/01/2026,2,ERP
C12111,maria lopez,maria.lopez@example.com,300-123-4521,N/A,Medellin,2026-09-24,78,Enterprise,Keyboard,1,96.68,96.68,PENDING,,N/A,ERP
C12112,CARLOS Pérez,carlos.pérez@example.com,+57 300 256 3095,Unknown,bogota,03/04/2026,58,smb ,laptop,2,520.01,1040.02,unknown,2026-01-15,,ERP
C12113, JUAN  Sanchez,juan.sanchez@example.com,,Co,Bogotá D.C.,2026-09-24,55,smb ,Keyboard,10,710.08,7100.8,Active,N/A,N/A,ERP
C12114,Maria lopez,maria.lopez@example.com,+573005410391,colombia,Bogota DC,2026/09/24,24,retail,Chair,5,847.08,4235.4,ACTIVE,N/A,4,ERP
C12115,Sofia Perez,sofia.perez@example.com,N/A,COLOMBIA,MEDELLIN,N/A,36,retail,Mouse,4,204.86,819.44,inactive,N/A,4,ERP
C12116,Laura Lopez,laura.lopez@example.com,3007074179,colombia,Bogotá D.C.,2026/09/24,34,Enterprise,LAPTOP,6,1976.79,11860.74,Active,2026-01-15,2,ERP
C12117,Laura Lopez,laura.lopez@example.com,+57 300 170 8913,colombia,BOGOTA,N/A,78,RETAIL,LAPTOP,7,477.13,3339.91,active,,1,ERP
C12118, JUAN  Pérez,juan.pérez@example.com,N/A,N/A,Bogota,03/04/2026,75,enterprise,Monitor,3,1888.93,5666.79,unknown,2026-01-15,5,ERP
C12119,maria Garcia,maria.garcia@example.com,,colombia,Cartagena,03/04/2026,53,RETAIL,Mouse,3,14.12,42.36,Active,N/A,3,ERP
C12120,maria lopez,maria.lopez@example.com,N/A,Unknown,CALI,2026-09-24,61,Retail,Desk,3,561.29,1683.87,Active,2026-01-15,1,ERP
C12121,Diego Martinez,diego.martinez@example.com,+573009354230,Co,Cali,09/24/2026,34,smb ,Chair,4,1476.11,5904.44,pending,N/A,1,ERP
C12122,Juan Lopez,juan.lopez@example.com,+573003731907,Colombia,Bogotá,09/24/2026,59,smb ,Desk,3,886.9,2660.7,inactive,15/01/2026,5,ERP
C12123,maria Pérez,maria.pérez@example.com,+57 300 974 1923,Co,bogota,September 24 2026,41,RETAIL,Desk,1,938.87,938.87,ACTIVE,2026-01-15,1,ERP
C12124,  Juan Perez  ,juan.perez@example.com,3006852111,COLOMBIA,MEDELLIN,24/09/2026,55,Retail,Chair,8,481.18,3849.44,Active,N/A,,ERP
C12125,Juan Lopez,juan.lopez@example.com,3003666514,Colombia,bogota,September 24 2026,80,Enterprise,LAPTOP,3,235.29,705.87,Active,2026-01-15,4,ERP
C10001,Juan Pérez,juan.pérez@example.com,3003926160,Co,BOGOTA,2026/09/24,54,smb ,laptop,5,1605.02,8025.1,inactive,,5,ERP
C12127,Maria Sanchez,maria.sanchez@example.com,3004461182,Co,Barranquilla,not-a-date,40,smb ,LAPTOP,5,1863.29,9316.45,Active,,4,ERP
C12128,Laura GARCIA,laura.garcia@example.com,3005655586,Unknown,Medellín,03/04/2026,66,enterprise,Laptop,3,726.44,2179.32,inactive,N/A,3,ERP
C12129,Ana lopez,ana.lopez@example.com,N/A,Colombia,Bogotá,03/04/2026,57,smb ,Monitor,4,862.12,3448.48,ACTIVE,15/01/2026,,ERP
C12130,  Carlos Sanchez  ,carlos.sanchez@example.com,+57 300 792 5278,Co,Bogotá D.C.,03/04/2026,63,RETAIL,Keyboard,9,1611.15,14500.35,PENDING,15/01/2026,5,ERP
C12131,Laura Pérez,laura.pérez@example.com,,COLOMBIA,Medellin,09/24/2026,36,enterprise,Keyboard,10,125.07,1250.7,pending,,4,ERP
C12132,CARLOS Pérez,carlos.pérez@example.com,+573009073341,Colombia,Bogotá,2026/09/24,32,smb ,Mouse,9,1064.58,9581.22,PENDING,N/A,,ERP
C12133,Carlos Sanchez,carlos.sanchez@example.com,3008787323,COLOMBIA,Bogotá,not-a-date,46,smb ,Desk,1,1450.48,1450.48,ACTIVE,15/01/2026,4,ERP
C12134,Juan Pérez,juan.pérez@example.com,,Colombia,CALI,09/24/2026,58,Retail,Mouse,5,820.63,4103.15,inactive,N/A,4,ERP
C12135,Sofia Perez,sofia.perez@example.com,+57 300 327 3518,Unknown,Bogotá D.C.,N/A,79,Enterprise,Desk,2,1770.45,3540.9,pending,2026-01-15,1,ERP
C12136, JUAN  lopez,juan.lopez@example.com,3002771307,COLOMBIA,Bogota,N/A,46,Retail,Desk,3,$833.42,2500.26,active,,1,ERP
C12137, JUAN  Martinez,juan.martinez@example.com,+57 300 805 7524,Colombia,bogota,2026-09-24,42,smb ,LAPTOP,9,1575.02,14175.18,Active,2026-01-15,N/A,ERP
C12138,Maria Lopez,maria.lopez@example.com,+57 300 323 1685,Colombia,Cartagena,2026/09/24,77,Enterprise,Desk,2,1787.45,3574.9,inactive,2026-01-15,5,ERP
C12139, JUAN  lopez,not-an-email,3002331384,Colombia,Medellin,03/04/2026,71,Enterprise,LAPTOP,3,731.98,2195.94,active,,1,ERP
C12140,Laura Perez,laura.perez@example.com,+573007551085,COLOMBIA,CALI,09/24/2026,20,enterprise,Laptop,5,321.8,1609.0,ACTIVE,N/A,N/A,ERP
C12141,Laura Pérez,laura.pérez@example.com,,Co,Bogotá,2026/09/24,67,smb ,Mouse,4,755.85,3023.4,Active,,1,ERP
C12142,Carlos Perez,carlos.perez@example.com,N/A,colombia,Cali,2026-09-24,44,Retail,Laptop,8,1040.94,8327.52,unknown,,3,ERP
C12143,maria GARCIA,maria.garcia@example.com,3007566729,COLOMBIA,Cartagena,24/09/2026,54,SMB,Desk,3,1421.03,4263.09,active,2026-01-15,4,ERP
C12144,Luis Pérez,luis.pérez@example.com,+573006111749,Unknown,Barranquilla,09/24/2026,47,enterprise,Mouse,2,1632.29,3264.58,PENDING,,,ERP
C12145,Carlos lopez,carlos.lopez@example.com,+573007335420,N/A,Bogotá D.C.,2026/09/24,34,RETAIL,Keyboard,9,264.9,2384.1,PENDING,,1,ERP
C12146,Ana Perez,ana.perez@example.com,+573007454975,colombia,Bogotá D.C.,September 24 2026,66,smb ,Monitor,10,1799.25,17992.5,PENDING,15/01/2026,2,ERP
C12147,Ana Pérez,ana.pérez@example.com,300-123-4556,colombia,BOGOTA,2026-09-24,60,smb ,Desk,10,306.03,3060.3,PENDING,2026-01-15,4,ERP
C12148,Maria Garcia,maria.garcia@example.com,+57 300 593 1131,Unknown,Bogotá,2026/09/24,77,Retail,Monitor,9,767.09,6903.81,pending,15/01/2026,4,ERP
C12149,Diego Pérez,diego.pérez@example.com,+573007111775,Colombia,CALI,24/09/2026,74,enterprise,Keyboard,10,1521.83,15218.3,ACTIVE,2026-01-15,2,ERP
C12150,Juan Perez,juan.perez@example.com,N/A,Co,Cartagena,September 24 2026,36,Enterprise,Chair,7,1111.68,7781.76,PENDING,15/01/2026,2,ERP
C12151,CARLOS Garcia,carlos.garcia@example.com,N/A,Unknown,BOGOTA,2026/09/24,50,Retail,Chair,8,559.88,4479.04,PENDING,15/01/2026,,ERP
C12152,Luis GARCIA,luis.garcia@example.com,300-123-4518,N/A,Medellín,03/04/2026,49,RETAIL,Mouse,3,1455.26,4365.78,pending,N/A,,ERP
C12153,maria Sanchez,maria.sanchez@example.com,+573003716817,COLOMBIA,Barranquilla,2026/09/24,39,RETAIL,Laptop,8,1116.15,8929.2,PENDING,N/A,N/A,ERP
C12154,Luis Lopez,user@@example.com,300-123-4570,colombia,Barranquilla,not-a-date,51,Enterprise,LAPTOP,5,1136.08,5680.4,unknown,,,ERP
C12155,Ana Martinez,ana.martinez@example.com,+573003144978,Co,CALI,September 24 2026,65,SMB,Mouse,4,1722.7,6890.8,active,,2,ERP
C12156,Sofia Lopez,sofia.lopez@example.com,+57 300 960 9019,COLOMBIA,Cali,not-a-date,65,SMB,LAPTOP,2,252.62,505.24,active,15/01/2026,3,ERP
C12157,Maria Pérez,maria.pérez@example.com,+57 300 325 9117,COLOMBIA,MEDELLIN,2026-09-24,32,smb ,LAPTOP,10,1793.13,17931.3,ACTIVE,N/A,4,ERP
C12158,Carlos lopez,carlos.lopez@example.com,+57 300 387 4262,colombia,CALI,N/A,67,SMB,Desk,10,1867.34,18673.4,inactive,N/A,3,ERP
C12159,Maria Pérez,maria.pérez@example.com,+57 300 909 3240,Unknown,Bogotá D.C.,not-a-date,70,RETAIL,laptop,10,1371.29,13712.9,inactive,N/A,3,ERP
C12160,maria Martinez,maria.martinez@example.com,,Co,BOGOTA,2026-09-24,52,retail,Mouse,1,1499.55,1499.55,PENDING,15/01/2026,3,ERP
C12161,Maria Pérez,maria.pérez@example.com,+57 300 774 2457,Unknown,Bogotá D.C.,24/09/2026,30,SMB,Monitor,1,1472.01,1472.01,ACTIVE,N/A,3,ERP
C12162,  Ana Perez  ,ana.perez@example.com,+573009198215,Co,BOGOTA,September 24 2026,25,retail,LAPTOP,5,1645.44,8227.2,ACTIVE,2026-01-15,2,ERP
C12163,Ana GARCIA,ana.garcia@example.com,300-123-4558,Colombia,Medellin,not-a-date,73,enterprise,Monitor,1,1813.55,1813.55,active,,5,ERP
C12164,Sofia Lopez,sofia.lopez@example.com,,N/A,Cartagena,2026/09/24,31,smb ,Keyboard,5,1732.64,8663.2,Active,2026-01-15,5,ERP
C12165,Diego Sanchez,diego.sanchez@example.com,+57 300 697 7353,Co,Bogotá,September 24 2026,53,enterprise,laptop,-1,220.29,220.29,pending,15/01/2026,5,ERP
C12166,maria Martinez,maria.martinez@example.com,300-123-4522,N/A,Bogota DC,not-a-date,999,SMB,LAPTOP,2,730.46,-1460.92,Active,,4,ERP
C12167,Carlos Sanchez,carlos.sanchez@example.com,+57 300 231 9492,Colombia,Cali,24/09/2026,76,smb ,Desk,7,680.62,4764.34,ACTIVE,15/01/2026,5,ERP
C12168,Ana Garcia,ana.garcia@example.com,+573004059586,N/A,Cartagena,not-a-date,57,RETAIL,laptop,8,746.09,5968.72,inactive,,2,ERP
C12169,maria Garcia,maria.garcia@example.com,3005225050,colombia,Bogotá D.C.,2026-09-24,44,Enterprise,Laptop,2,1973.93,3947.86,PENDING,15/01/2026,4,ERP
C12170,Luis GARCIA,luis.garcia@example.com,,Unknown,MEDELLIN,N/A,36,SMB,LAPTOP,6,513.37,3080.22,active,15/01/2026,,ERP
C12171,Carlos Pérez,carlos.pérez@example.com,+57 300 601 8718,N/A,Medellin,not-a-date,31,enterprise,Chair,6,627.58,3765.48,PENDING,N/A,N/A,ERP
C12172,Ana lopez,ana.lopez@example.com,3004833133,Co,Bogota DC,24/09/2026,39,smb ,Desk,9,1845.06,16605.54,unknown,2026-01-15,2,ERP
C12173,maria lopez,maria.lopez@example.com,,Colombia,Barranquilla,2026/09/24,21,SMB,Keyboard,10,1958.13,19581.3,Active,2026-01-15,5,ERP
C12174,Laura Garcia,laura.garcia@example.com,,colombia,CALI,24/09/2026,76,SMB,LAPTOP,1,498.57,498.57,unknown,,1,ERP
C12175,Ana Garcia,ana.garcia@example.com,N/A,Unknown,CALI,2026/09/24,77,SMB,Desk,9,1001.78,9016.02,pending,N/A,N/A,ERP
C12176,Sofia lopez,sofia.lopez@example.com,+573008685711,Colombia,MEDELLIN,03/04/2026,44,smb ,Mouse,10,757.39,7573.9,Active,2026-01-15,,ERP
C12177,Laura GARCIA,laura.garcia@example.com,+57 300 655 9604,Colombia,Bogotá,09/24/2026,32,RETAIL,LAPTOP,7,668.61,4680.27,active,N/A,N/A,ERP
C12178,Laura GARCIA,laura.garcia@example.com,N/A,Unknown,Bogotá D.C.,24/09/2026,36,smb ,LAPTOP,8,504.93,4039.44,unknown,2026-01-15,N/A,ERP
C12179,maria lopez,maria.lopez@example.com,+57 300 310 9544,COLOMBIA,CALI,September 24 2026,27,RETAIL,Chair,10,986.92,9869.2,unknown,N/A,1,ERP
C12180,Luis Martinez,luis.martinez@example.com,+573004207283,Unknown,Cartagena,2026-09-24,53,RETAIL,Laptop,10,1429.31,14293.1,ACTIVE,2026-01-15,1,ERP
C12181,Juan Lopez,juan.lopez@example.com,3004605845,N/A,Medellín,24/09/2026,74,Retail,Desk,8,443.28,3546.24,unknown,N/A,,ERP
C12182,Diego Lopez,diego.lopez@example.com,N/A,Co,Cartagena,03/04/2026,29,RETAIL,Laptop,2,996.5,1993.0,PENDING,2026-01-15,4,ERP
C12183,CARLOS GARCIA,carlos.garcia@example.com,N/A,COLOMBIA,Barranquilla,2026-09-24,75,enterprise,Chair,6,798.83,4792.98,unknown,,5,ERP
C12184,Diego Lopez,diego.lopez@example.com,300-123-4599,Co,Barranquilla,24/09/2026,47,SMB,Desk,8,141.01,1128.08,active,,N/A,ERP
C12185,  Laura Perez  ,laura.perez@example.com,+573005641385,COLOMBIA,Medellin,2026-09-24,29,RETAIL,Keyboard,5,10.16,50.8,PENDING,,5,ERP
C12186,Maria GARCIA,maria.garcia@example.com,+573009163214,Co,Bogota DC,2026-09-24,56,RETAIL,Desk,-2,342.06,342.06,pending,15/01/2026,3,ERP
C12187,Luis Pérez,luis.pérez@example.com,3004596426,COLOMBIA,Bogota,03/04/2026,34,RETAIL,laptop,7,45.95,321.65,Active,,2,ERP
C12188,Diego GARCIA,diego.garcia@example.com,+573005718515,N/A,Bogotá D.C.,09/24/2026,79,Enterprise,Desk,8,580.08,4640.64,inactive,15/01/2026,1,ERP
C12189,Ana Lopez,ana.lopez@example.com,3002178890,Unknown,BOGOTA,not-a-date,34,SMB,Mouse,9,862.86,7765.74,unknown,,,ERP
C12190,maria Martinez,maria.martinez@example.com,N/A,Unknown,Bogotá,September 24 2026,31,Enterprise,Monitor,7,1583.94,11087.58,Active,,N/A,ERP
C12191,Carlos Martinez,carlos.martinez@example.com,,N/A,BOGOTA,not-a-date,58,retail,Keyboard,2,1050.31,2100.62,Active,2026-01-15,5,ERP
C12192,maria Pérez,maria.pérez@example.com,N/A,N/A,Barranquilla,not-a-date,23,retail,Desk,8,919.25,7354.0,active,,5,ERP
C12193,Maria Perez,maria.perez@example.com,+57 300 371 8048,colombia,bogota,2026-09-24,41,RETAIL,Desk,8,1340.58,10724.64,inactive,15/01/2026,2,ERP
C12194,Diego Pérez,diego.pérez@example.com,3007859479,Co,Cartagena,September 24 2026,27,retail,Chair,1,1889.38,1889.38,PENDING,N/A,N/A,ERP
C12195, JUAN  Pérez,juan.pérez@example.com,,N/A,Cartagena,09/24/2026,62,RETAIL,Laptop,1,1247.61,1247.61,ACTIVE,N/A,1,ERP
C12196,Luis Perez,luis.perez@example.com,+573009183489,Co,Barranquilla,2026-09-24,32,enterprise,Desk,6,769.59,4617.54,inactive,,2,ERP
C12197,Carlos Lopez,carlos.lopez@example.com,3002418908,Unknown,Medellín,N/A,78,smb ,Chair,3,280.26,840.78,PENDING,,5,ERP
C12198,Ana Perez,ana.perez@example.com,300-123-4524,COLOMBIA,Bogota DC,not-a-date,51,enterprise,Monitor,2,"1913,59",3827.18,pending,2026-01-15,2,ERP
C12199,maria Lopez,maria.lopez@example.com,3006971379,N/A,Bogotá,September 24 2026,31,Enterprise,Chair,2,1945.43,3890.86,pending,N/A,5,ERP
C12200,Ana Martinez,ana.martinez@example.com,+57 300 181 6190,colombia,MEDELLIN,24/09/2026,999,smb ,Desk,7,N/A,9937.69,ACTIVE,2026-01-15,1,ERP
C12201, JUAN  Garcia,juan.garcia@example.com,+57 300 125 7156,Unknown,Cali,not-a-date,35,retail,Laptop,9,1998.37,17985.33,unknown,15/01/2026,N/A,ERP
C12202,Carlos Sanchez,carlos.sanchez@example.com,+57 300 614 6884,COLOMBIA,Bogotá D.C.,03/04/2026,53,enterprise,laptop,2,308.04,616.08,pending,,3,ERP
C12203,Luis Perez,luis.perez@example.com,+57 300 949 8010,Colombia,Bogota DC,2026/09/24,57,Enterprise,Chair,8,1884.8,15078.4,Active,,2,ERP
C12204,Juan Perez,juan.perez@example.com,+573007565546,Co,CALI,2026-09-24,18,RETAIL,Chair,3,1816.62,5449.86,inactive,,,ERP
C12205,  Juan Pérez  ,?,null,Co,,24/09/2026,45,retail,Desk,9,433.39,3900.51,Active,N/A,5,ERP
C12206,maria Perez,maria.perez@example.com,+57 300 256 2354,Colombia,Bogotá,September 24 2026,19,Retail,Laptop,7,"551,26",3858.82,Active,15/01/2026,4,ERP
C12207,CARLOS GARCIA,carlos.garcia@example.com,3004223682,COLOMBIA,Medellin,2026-09-24,18,retail,Mouse,9,1993.43,17940.87,PENDING,15/01/2026,2,ERP
C12208, JUAN  lopez,juan.lopez@example.com,300-123-4580,N/A,Cartagena,03/04/2026,44,retail,laptop,1,1917.29,1917.29,ACTIVE,N/A,4,ERP
C12209,Sofia Perez,sofia.perez@example.com,+57 300 376 4618,Unknown,MEDELLIN,24/09/2026,53,smb ,laptop,8,1933.59,15468.72,ACTIVE,N/A,N/A,ERP
C12210,CARLOS Garcia,carlos.garcia@example.com,300-123-4524,COLOMBIA,CALI,03/04/2026,23,RETAIL,Mouse,7,835.9,5851.3,unknown,N/A,,ERP
C12211,CARLOS GARCIA,carlos.garcia@example.com,N/A,Co,bogota,September 24 2026,74,retail,Chair,10,1328.79,13287.9,inactive,2026-01-15,3,ERP
C12212, JUAN  Sanchez,juan.sanchez@example.com,3002622256,N/A,Bogota DC,September 24 2026,53,Retail,Mouse,7,676.95,4738.65,active,2026-01-15,N/A,ERP
C12213,Ana Pérez,ana.pérez@example.com,+573009139410,Co,Cartagena,September 24 2026,48,Enterprise,laptop,5,1662.57,8312.85,pending,2026-01-15,N/A,ERP
C12214,Diego Lopez,diego.lopez@example.com,3009768914,Co,BOGOTA,2026/09/24,25,enterprise,Desk,6,1364.8,8188.8,Active,2026-01-15,5,ERP
C12215,CARLOS GARCIA,carlos.garcia@example.com,N/A,Unknown,Bogota DC,24/09/2026,69,RETAIL,Monitor,7,1797.44,12582.08,ACTIVE,2026-01-15,1,ERP
C12216,maria Lopez,maria.lopez@example.com,N/A,COLOMBIA,Bogota DC,24/09/2026,200,retail,Mouse,2,105.43,210.86,inactive,N/A,N/A,ERP
C12217,  Sofia Lopez  ,sofia.lopez@example.com,+57 300 490 2566,N/A,Cali,2026/09/24,42,Retail,Mouse,5,707.9,3539.5,ACTIVE,2026-01-15,1,ERP
C12218,CARLOS lopez,not-an-email,+57 300 598 2823,Unknown,Cartagena,03/04/2026,60,retail,Desk,6,1169.92,7019.52,unknown,N/A,2,ERP
C12219,Diego Perez,diego.perez@example.com,+57 300 709 7456,colombia,CALI,N/A,52,Retail,Laptop,9,146.48,1318.32,inactive,15/01/2026,1,ERP
C12220,Luis GARCIA,luis.garcia@example.com,+57 300 341 1358,Colombia,bogota,September 24 2026,34,Enterprise,Chair,2,1233.2,2466.4,Active,2026-01-15,N/A,ERP
C12221,Carlos lopez,carlos.lopez@example.com,+573006435422,Co,Cartagena,09/24/2026,71,smb ,Monitor,7,N/A,4694.06,ACTIVE,15/01/2026,5,ERP
C12222,Ana Perez,ana.perez@example.com,+573004184884,Unknown,MEDELLIN,2026-09-24,24,enterprise,Desk,6,1178.94,7073.64,Active,2026-01-15,4,ERP
C12223,Luis Perez,luis.perez@example.com,+57 300 770 4970,COLOMBIA,bogota,09/24/2026,68,Enterprise,Laptop,10,1405.4,14054.0,active,N/A,4,ERP
C12224,Carlos Lopez,carlos.lopez@example.com,,Co,Bogota DC,N/A,56,retail,Keyboard,10,1753.25,17532.5,pending,N/A,4,ERP
C12225,Laura Pérez,laura.pérez@example.com,3009608182,colombia,CALI,24/09/2026,52,Retail,Mouse,8,700.64,5605.12,Active,15/01/2026,N/A,ERP
C12226, JUAN  lopez,juan.lopez@example.com,+573002236434,Unknown,BOGOTA,September 24 2026,65,enterprise,LAPTOP,6,1553.27,9319.62,ACTIVE,,2,ERP
C12227,Sofia Sanchez,sofia.sanchez@example.com,+57 300 296 6596,N/A,Bogotá D.C.,not-a-date,40,Enterprise,laptop,4,580.19,2320.76,ACTIVE,15/01/2026,4,ERP
C12228,Sofia GARCIA,not-an-email,3001652567,colombia,BOGOTA,not-a-date,29,retail,Monitor,3,683.12,2049.36,ACTIVE,15/01/2026,1,ERP
C12229,Luis Lopez,luis.lopez@example.com,+573003141011,Co,MEDELLIN,N/A,34,enterprise,Laptop,8,1295.54,10364.32,unknown,,,ERP
C12230,Maria Garcia,maria.garcia@example.com,+573008092015,colombia,Barranquilla,2026-09-24,29,Enterprise,Mouse,3,792.56,2377.68,active,15/01/2026,1,ERP
C12231,Sofia lopez,sofia.lopez@example.com,+573006939258,COLOMBIA,Medellin,09/24/2026,39,RETAIL,Laptop,9,879.71,158347.80000000002,PENDING,15/01/2026,5,ERP
C12232,Ana Perez,ana.perez@example.com,,Unknown,CALI,September 24 2026,999,Retail,Keyboard,9,1876.6,16889.4,pending,2026-01-15,,ERP
C12233,CARLOS lopez,carlos.lopez@example.com,+573001605940,COLOMBIA,BOGOTA,N/A,23,retail,LAPTOP,2,1826.49,3652.98,inactive,15/01/2026,1,ERP
C12234,Carlos GARCIA,carlos.garcia@example.com,+57 300 543 9733,Co,BOGOTA,2026/09/24,23,smb ,Chair,2,1345.78,2691.56,PENDING,N/A,3,ERP
C12235,CARLOS Sanchez,carlos.sanchez@example.com,,Unknown,Medellín,03/04/2026,20,enterprise,Mouse,1,1547.35,1547.35,ACTIVE,,,ERP
C12236, JUAN  Sanchez,juan.sanchez@example.com,3005391339,Unknown,Bogota,2026-09-24,65,SMB,Keyboard,6,1930.88,11585.28,active,2026-01-15,N/A,ERP
C12237,maria Garcia,maria.garcia@example.com,+57 300 409 2701,Co,Bogotá D.C.,not-a-date,53,Retail,LAPTOP,2,1352.26,2704.52,Active,15/01/2026,,ERP
C12238,Diego Sanchez,diego.sanchez@example.com,3003991472,COLOMBIA,CALI,2026/09/24,56,retail,Chair,-1,$261.72,261.72,pending,15/01/2026,N/A,ERP
C12239,Sofia Lopez,sofia.lopez@example.com,+57 300 542 9243,Unknown,Bogota,2026/09/24,53,enterprise,Desk,2,620.25,1240.5,active,15/01/2026,2,ERP
C12240,Juan lopez, user@EXAMPLE.COM ,+573002703151,colombia,Medellín,03/04/2026,57,enterprise,Desk,8,434.32,3474.56,active,15/01/2026,5,ERP
C12241,Diego Perez,diego.perez@example.com,+573008730250,COLOMBIA,Medellin,September 24 2026,30,enterprise,Chair,8,1372.46,10979.68,ACTIVE,15/01/2026,4,ERP
C12242,Luis Garcia,luis.garcia@example.com,300-123-4586,Colombia,Bogota DC,not-a-date,50,RETAIL,Mouse,5,1503.62,7518.1,active,15/01/2026,5,ERP
C12243,maria Perez,maria.perez@example.com,+573005140015,N/A,BOGOTA,2026/09/24,70,RETAIL,laptop,6,1641.45,9848.7,PENDING,,3,ERP
C12244,Sofia Lopez,sofia.lopez@example.com,3003335484,COLOMBIA,Medellín,2026/09/24,71,Enterprise,Monitor,6,1649.5,9897.0,pending,,2,ERP
C12245,CARLOS Martinez,carlos.martinez@example.com,+57 300 722 9129,colombia,Bogotá D.C.,2026/09/24,79,RETAIL,Desk,2,1859.97,3719.94,pending,2026-01-15,2,ERP
C12246,Juan lopez, user@EXAMPLE.COM ,,Co,Bogotá D.C.,not-a-date,35,retail,Desk,5,42.87,214.35,Active,15/01/2026,N/A,ERP
C12247,Maria Lopez,maria.lopez@example.com,300-123-4559,Unknown,MEDELLIN,09/24/2026,44,Enterprise,Mouse,8,872.66,6981.28,active,,,ERP
C12248,Maria Martinez,maria.martinez@example.com,3002587699,COLOMBIA,Barranquilla,03/04/2026,59,Enterprise,Monitor,8,"1137,68",9101.44,inactive,2026-01-15,1,ERP
C12249,Diego Perez,diego.perez@example.com,300-123-4513,Unknown,Medellin,24/09/2026,50,Enterprise,laptop,3,922.25,2766.75,PENDING,2026-01-15,3,ERP
C12250,maria Lopez,maria.lopez@example.com,+57 300 849 6527,N/A,Barranquilla,September 24 2026,76,Enterprise,laptop,6,96.14,576.84,active,N/A,2,ERP
C12251,Juan Lopez,,N/A,colombia,Bogota,09/24/2026,71,smb ,Mouse,2,287.2,574.4,Active,15/01/2026,3,ERP
C12252, JUAN  Lopez,juan.lopez@example.com,+57 300 732 6887,Co,MEDELLIN,N/A,79,Enterprise,Chair,10,1528.57,15285.7,inactive,15/01/2026,5,ERP
C12253,Carlos Martinez,carlos.martinez@example.com,300-123-4585,colombia,Bogota,N/A,69,Enterprise,LAPTOP,7,616.13,4312.91,unknown,N/A,1,ERP
C12254,Diego Garcia,diego.garcia@example.com,300-123-4599,COLOMBIA,Bogotá,September 24 2026,27,enterprise,laptop,10,$135.27,1352.7,unknown,2026-01-15,1,ERP
C12255,CARLOS lopez,carlos.lopez@example.com,+573001021811,colombia,Barranquilla,09/24/2026,54,enterprise,Keyboard,1,572.92,572.92,PENDING,2026-01-15,3,ERP
C12256,Maria GARCIA,maria.garcia@example.com,N/A,colombia,Medellín,September 24 2026,65,Retail,Monitor,6,238.17,1429.02,inactive,2026-01-15,N/A,ERP
C12257,CARLOS Sanchez,carlos.sanchez@example.com,N/A,COLOMBIA,Medellín,not-a-date,35,enterprise,laptop,6,1862.92,11177.52,unknown,15/01/2026,1,ERP
C12258,Diego Sanchez,diego.sanchez@example.com,+57 300 544 7726,Unknown,Cartagena,24/09/2026,70,smb ,Monitor,10,1804.41,18044.1,PENDING,N/A,1,ERP
C12259,Maria Pérez,maria.pérez@example.com,+57 300 946 1871,COLOMBIA,Bogota,2026-09-24,26,enterprise,laptop,6,682.32,4093.92,unknown,2026-01-15,2,ERP
C12260,Ana Pérez,ana.pérez@example.com,3007418070,Colombia,MEDELLIN,N/A,46,Retail,Mouse,9,931.7,8385.3,unknown,,5,ERP
C12261,Ana Sanchez,ana.sanchez@example.com,,colombia,Bogotá,09/24/2026,70,SMB,laptop,5,1982.84,9914.2,PENDING,2026-01-15,3,ERP
C12262, JUAN  Lopez,juan.lopez@example.com,+573001350801,Colombia,Bogotá,2026/09/24,37,enterprise,Desk,8,1181.51,9452.08,inactive,2026-01-15,5,ERP
C12263,maria Martinez,maria.martinez@example.com,,Co,CALI,not-a-date,23,SMB,Chair,1,892.15,892.15,pending,2026-01-15,N/A,ERP
C12264,Luis GARCIA,luis.garcia@example.com,3001519368,COLOMBIA,Bogotá D.C.,09/24/2026,51,RETAIL,Laptop,9,1771.87,15946.83,ACTIVE,15/01/2026,3,ERP
C12265,Laura Lopez,laura.lopez@example.com,N/A,Colombia,Medellín,2026/09/24,44,SMB,LAPTOP,7,1417.26,9920.82,unknown,N/A,2,ERP
C12266,Maria Perez,MARIA.PEREZ@EXAMPLE.COM,3008104785,COLOMBIA,Medellín,2026/09/24,70,Retail,Monitor,2,1589.6,3179.2,PENDING,2026-01-15,4,ERP
C12267,Maria Lopez,maria.lopez@example.com,300-123-4597,Colombia,Medellín,24/09/2026,38,Retail,laptop,7,676.99,4738.93,pending,15/01/2026,N/A,ERP
C12268,CARLOS Perez,carlos.perez@example.com,,N/A,Barranquilla,03/04/2026,55,smb ,Mouse,7,1445.66,10119.62,Active,2026-01-15,3,ERP
C12269,maria Sanchez,maria.sanchez@example.com,,colombia,bogota,N/A,62,smb ,laptop,4,1640.06,6560.24,PENDING,N/A,N/A,ERP
C12270,Juan Garcia,juan.garcia@example.com,+57 300 696 9915,COLOMBIA,Bogota,2026-09-24,-5,RETAIL,Chair,8,1751.22,14009.76,ACTIVE,2026-01-15,N/A,ERP
C12271,Juan Lopez,juan.lopez@example.com,+57 300 600 1610,Unknown,Cartagena,24/09/2026,27,retail,Chair,8,1131.62,9052.96,ACTIVE,2026-01-15,5,ERP
C12272, JUAN  Martinez,juan.martinez@example.com,300-123-4559,N/A,Medellin,2026/09/24,60,enterprise,laptop,2,1421.64,2843.28,ACTIVE,15/01/2026,,ERP
C12273,Luis lopez,luis.lopez@example.com,+573003319594,COLOMBIA,Bogota,N/A,71,RETAIL,Chair,8,949.9,7599.2,Active,N/A,3,ERP
C12274,Luis Garcia,luis.garcia@example.com,N/A,Co,Bogotá D.C.,N/A,79,smb ,laptop,6,211.83,1270.98,ACTIVE,2026-01-15,2,ERP
C12275,Juan Garcia,juan.garcia@example.com,,COLOMBIA,Medellín,not-a-date,29,smb ,LAPTOP,2,628.22,1256.44,Active,15/01/2026,4,ERP
C12276,CARLOS Lopez,carlos.lopez@example.com,+573005058383,Unknown,Bogota DC,24/09/2026,67,RETAIL,Chair,7,573.79,4016.53,pending,2026-01-15,4,ERP
C12277,Maria lopez,maria.lopez@example.com,N/A,Co,Medellin,2026/09/24,22,Retail,Desk,10,1856.0,18560.0,active,,5,ERP
C12278,maria Pérez,maria.pérez@example.com,300-123-4550,Unknown,Barranquilla,03/04/2026,62,RETAIL,Monitor,2,1991.07,3982.14,active,,1,ERP
C12279,Juan Sanchez,juan.sanchez@example.com,,COLOMBIA,MEDELLIN,24/09/2026,46,enterprise,LAPTOP,8,317.97,2543.76,unknown,,5,ERP
C12280,Ana Perez,ana.perez@example.com,,colombia,CALI,September 24 2026,19,Enterprise,Desk,8,1346.83,10774.64,ACTIVE,15/01/2026,4,ERP
C12281,Laura lopez,laura.lopez@example.com,+573004431039,Co,Bogota DC,2026-09-24,25,Enterprise,Keyboard,5,320.86,1604.3,inactive,,,ERP
C12282,Sofia Pérez,sofia.pérez@example.com,,Co,Bogota DC,03/04/2026,55,retail,LAPTOP,3,491.73,1475.19,PENDING,2026-01-15,5,ERP
C12283,Laura Martinez,laura.martinez@example.com,+573007598577,N/A,Barranquilla,September 24 2026,58,Retail,Laptop,5,962.11,4810.55,Active,,1,ERP
C12284, JUAN  lopez,juan.lopez@example.com,300-123-4582,Colombia,Bogota DC,2026/09/24,79,SMB,Laptop,7,1015.98,7111.86,PENDING,15/01/2026,,ERP
C12285,Sofia lopez,sofia.lopez@example.com,+573007798969,COLOMBIA,Bogotá,09/24/2026,67,SMB,Mouse,2,815.34,1630.68,PENDING,2026-01-15,5,ERP
C12286,Carlos lopez,carlos.lopez@example.com,+57 300 950 8047,Unknown,Medellin,03/04/2026,76,Enterprise,Laptop,7,1617.46,11322.22,active,15/01/2026,,ERP
C12287,Sofia Pérez,sofia.pérez@example.com,300-123-4543,COLOMBIA,Bogotá,N/A,79,Enterprise,Mouse,6,1319.61,7917.66,Active,15/01/2026,1,ERP
C12288,Carlos Lopez,carlos.lopez@example.com,+57 300 227 2352,COLOMBIA,Medellín,03/04/2026,21,SMB,Desk,5,112.48,562.4,Active,N/A,3,ERP
C12289,CARLOS Martinez,carlos.martinez@example.com,,Unknown,Bogotá D.C.,03/04/2026,22,Enterprise,Desk,4,1164.49,4657.96,Active,2026-01-15,2,ERP
C12290,maria lopez,maria.lopez@example.com,+57 300 875 6487,Unknown,MEDELLIN,2026/09/24,75,enterprise,Laptop,8,295.83,2366.64,pending,N/A,1,ERP
C12291,Diego GARCIA,user@@example.com,3004329213,COLOMBIA,Bogotá D.C.,N/A,77,smb ,Keyboard,5,1969.7,9848.5,inactive,15/01/2026,2,ERP
C12292,Maria Lopez,maria.lopez@example.com,+573003898378,COLOMBIA,CALI,09/24/2026,55,Retail,LAPTOP,10,1181.89,11818.9,PENDING,2026-01-15,N/A,ERP
C12293, JUAN  Pérez,juan.pérez@example.com,,colombia,bogota,2026-09-24,42,retail,Chair,3,N/A,2946.66,active,2026-01-15,4,ERP
C12294,Ana Sanchez,ana.sanchez@example.com,300-123-4564,colombia,BOGOTA,September 24 2026,79,enterprise,Monitor,9,551.61,4964.49,unknown,15/01/2026,3,ERP
C12295,Ana lopez,ana.lopez@example.com,+573006964717,COLOMBIA,BOGOTA,09/24/2026,52,Retail,LAPTOP,10,1489.84,14898.4,PENDING,15/01/2026,N/A,ERP
C12296,Maria Lopez,maria.lopez@example.com,3009719101,Co,Bogota,2026-09-24,62,Enterprise,Desk,8,541.8,4334.4,unknown,,5,ERP
C12297,CARLOS Lopez,carlos.lopez@example.com,,Colombia,CALI,N/A,56,Retail,LAPTOP,2,1680.9,3361.8,ACTIVE,15/01/2026,2,ERP
C12298,Diego Sanchez,diego.sanchez@example.com,+573008170991,Co,BOGOTA,N/A,41,SMB,LAPTOP,2,"1602,63",3205.26,PENDING,15/01/2026,,ERP
C12299,Laura Pérez,laura.pérez@example.com,3003593993,colombia,Medellin,2026-09-24,25,Enterprise,Keyboard,3,1564.68,4694.04,pending,,4,ERP
C12300,Juan GARCIA,juan.garcia@example.com,,Unknown,Medellín,24/09/2026,70,Retail,Laptop,4,295.66,1182.64,active,2026-01-15,1,ERP
C12301, JUAN  Lopez,juan.lopez@example.com,N/A,Co,Bogotá,not-a-date,55,smb ,Laptop,6,1535.01,9210.06,unknown,2026-01-15,1,ERP
C12302,Luis lopez,luis.lopez@example.com,300-123-4525,N/A,Medellin,03/04/2026,30,smb ,Laptop,7,125.99,881.93,Active,,4,ERP
C12303,Ana Garcia,ana.garcia@example.com,+57 300 456 1871,COLOMBIA,Bogotá,03/04/2026,43,SMB,Chair,4,931.4,3725.6,pending,15/01/2026,,ERP
C12304,Luis Pérez,luis.pérez@example.com,,Colombia,Bogota,2026-09-24,77,smb ,laptop,5,1715.27,8576.35,Active,2026-01-15,,ERP
C12305,Laura Sanchez,laura.sanchez@example.com,N/A,Co,Cartagena,September 24 2026,69,smb ,LAPTOP,3,1695.69,5087.07,PENDING,,N/A,ERP
C12306,Carlos Martinez,carlos.martinez@example.com,300-123-4525,Colombia,Bogota DC,2026-09-24,49,enterprise,laptop,8,848.86,6790.88,unknown,2026-01-15,1,ERP
C12307, JUAN  GARCIA,juan.garcia@example.com,N/A,COLOMBIA,Barranquilla,September 24 2026,60,RETAIL,Monitor,5,795.57,3977.85,PENDING,2026-01-15,5,ERP
C12308,Juan Perez,juan.perez@example.com,,COLOMBIA,Medellin,2026/09/24,31,enterprise,Monitor,4,1107.61,4430.44,active,N/A,1,ERP
C12309,CARLOS Martinez,carlos.martinez@example.com,+573002831167,colombia,Medellín,N/A,29,SMB,Laptop,3,1482.31,4446.93,active,15/01/2026,1,ERP
C12310,Diego Pérez,DIEGO.PÉREZ@EXAMPLE.COM,N/A,Co,Barranquilla,not-a-date,32,Retail,Keyboard,1,1758.03,1758.03,active,2026-01-15,5,ERP
C12311,  Diego GARCIA  ,diego.garcia@example.com,3002683255,Unknown,Medellín,September 24 2026,53,RETAIL,Mouse,2,1974.14,3948.28,Active,2026-01-15,N/A,ERP
C12312,Diego Martinez,diego.martinez@example.com,+57 300 985 3205,Unknown,Medellin,03/04/2026,51,RETAIL,LAPTOP,2,646.33,1292.66,Active,N/A,1,ERP
C12313,Diego Lopez,diego.lopez@example.com,+573001181927,N/A,Bogota,2026/09/24,52,enterprise,Monitor,9,742.8,6685.2,unknown,2026-01-15,2,ERP
C12314,Luis Martinez,luis.martinez@example.com,300-123-4567,Co,CALI,24/09/2026,50,Enterprise,laptop,5,1170.06,5850.3,inactive,2026-01-15,4,ERP
C12315,CARLOS Garcia,carlos.garcia@example.com,300-123-4538,Colombia,Cartagena,2026/09/24,22,Retail,Laptop,6,1988.84,11933.04,unknown,2026-01-15,1,ERP
C12316,Maria Martinez,maria.martinez@example.com,N/A,COLOMBIA,CALI,09/24/2026,19,SMB,laptop,1,1456.02,1456.02,pending,2026-01-15,2,ERP
C12317,Laura lopez,laura.lopez@example.com,300-123-4551,Co,Bogota DC,September 24 2026,22,enterprise,Desk,5,1151.09,5755.45,ACTIVE,15/01/2026,4,ERP
C12318,Juan Garcia,juan.garcia@example.com,3004105842,colombia,Medellin,not-a-date,32,Enterprise,Chair,3,757.99,2273.97,PENDING,2026-01-15,5,ERP
C12319,maria Garcia,maria.garcia@example.com,+57 300 964 3585,Unknown,Medellín,not-a-date,61,Enterprise,Monitor,7,759.89,5319.23,pending,N/A,4,ERP
C12320,Laura GARCIA,laura.garcia@example.com,+573001658289,COLOMBIA,Medellín,September 24 2026,20,smb ,Keyboard,7,392.36,2746.52,PENDING,15/01/2026,1,ERP
C12321,CARLOS Lopez,carlos.lopez@example.com,3008529571,colombia,Bogotá,N/A,59,retail,Mouse,6,811.25,4867.5,active,15/01/2026,N/A,ERP
C12322,Sofia lopez,sofia.lopez@example.com,,Colombia,MEDELLIN,not-a-date,67,enterprise,Mouse,3,1635.48,4906.44,inactive,15/01/2026,,ERP
C12323,CARLOS Perez,carlos.perez@example.com,3001170355,Co,Bogota,N/A,61,SMB,Keyboard,2,571.25,1142.5,pending,N/A,N/A,ERP
C12324,Diego lopez,diego.lopez@example.com,+573009865602,Co,bogota,2026/09/24,71,SMB,Chair,4,850.76,3403.04,inactive,2026-01-15,2,ERP
C12325,Luis Perez,luis.perez@example.com,3001953053,Colombia,Bogota,24/09/2026,72,RETAIL,Monitor,7,133.11,931.77,PENDING,,5,ERP
C12326,maria Lopez,MARIA.LOPEZ@EXAMPLE.COM,3009652279,Co,BOGOTA,24/09/2026,23,RETAIL,laptop,9,801.2,7210.8,inactive,2026-01-15,N/A,ERP
C12327,Luis Garcia,luis.garcia@example.com,3006033709,COLOMBIA,CALI,2026/09/24,79,Enterprise,Chair,4,687.13,2748.52,Active,2026-01-15,1,ERP
C12328,Ana GARCIA,ana.garcia@example.com,+57 300 832 6041,Co,Bogota DC,24/09/2026,21,retail,Chair,5,657.9,3289.5,ACTIVE,2026-01-15,4,ERP
C12329,Juan GARCIA,juan.garcia@example.com,+57 300 964 8862,Unknown,Bogotá,not-a-date,70,SMB,Monitor,5,1595.54,7977.7,Active,N/A,3,ERP
C12330,Juan Perez,juan.perez@example.com,300-123-4515,Co,Bogotá,September 24 2026,78,Retail,Laptop,3,522.42,1567.26,ACTIVE,15/01/2026,5,ERP
C12331,CARLOS Garcia,carlos.garcia@example.com,300-123-4543,colombia,BOGOTA,24/09/2026,63,enterprise,LAPTOP,10,1155.96,11559.6,PENDING,,2,ERP
C12332,Diego Lopez,diego.lopez@example.com,+57 300 237 8020,Colombia,Medellin,September 24 2026,80,retail,Mouse,10,593.23,5932.3,unknown,2026-01-15,5,ERP
C12333,Maria Martinez,maria.martinez@example.com,300-123-4524,Co,bogota,24/09/2026,49,enterprise,LAPTOP,8,253.47,2027.76,Active,2026-01-15,2,ERP
C12334,Sofia Garcia,sofia.garcia@example.com,300-123-4555,N/A,Barranquilla,2026-09-24,28,Retail,Keyboard,9,1441.87,12976.83,active,N/A,3,ERP
C12335,Laura lopez,laura.lopez@example.com,N/A,colombia,MEDELLIN,N/A,59,Enterprise,Keyboard,5,330.49,1652.45,PENDING,2026-01-15,,ERP
C12336,CARLOS lopez,carlos.lopez@example.com,+573003332933,COLOMBIA,Bogotá,09/24/2026,28,RETAIL,Monitor,4,1742.72,6970.88,Active,N/A,5,ERP
C12337,Laura Sanchez,laura.sanchez@example.com,+57 300 384 5229,N/A,Bogota DC,2026-09-24,46,retail,Monitor,4,165.14,660.56,Active,,2,ERP
C12338,maria Martinez,maria.martinez@example.com,+57 300 955 5401,Co,bogota,03/04/2026,54,SMB,laptop,6,20.27,121.62,PENDING,N/A,3,ERP
C12339,  CARLOS lopez  ,carlos.lopez@example.com,3001008908,COLOMBIA,MEDELLIN,N/A,29,RETAIL,LAPTOP,4,902.71,3610.84,inactive,15/01/2026,1,ERP
C12340,Sofia Lopez,sofia.lopez@example.com,N/A,Colombia,Cali,09/24/2026,26,smb ,LAPTOP,9,N/A,9201.06,ACTIVE,15/01/2026,2,ERP
C12341,  CARLOS Garcia  ,carlos.garcia@example.com,+573004280451,COLOMBIA,Bogotá,2026-09-24,61,Retail,Laptop,10,108.78,1087.8,unknown,15/01/2026,N/A,ERP
C12342,Carlos Lopez,carlos.lopez@example.com,N/A,Co,Cartagena,September 24 2026,71,Retail,Mouse,9,1579.76,14217.84,Active,15/01/2026,,ERP
C12343,Carlos Sanchez,,300-123-4539,Unknown,MEDELLIN,not-a-date,67,enterprise,Monitor,8,700.85,5606.8,unknown,2026-01-15,5,ERP
C12344,Carlos Perez,carlos.perez@example.com,N/A,Colombia,Cartagena,2026/09/24,44,Enterprise,laptop,1,1149.35,1149.35,ACTIVE,2026-01-15,5,ERP
C12345,Juan Martinez,juan.martinez@example.com,,colombia,Barranquilla,September 24 2026,40,retail,Desk,1,300.52,300.52,pending,N/A,N/A,ERP
C12346,Diego lopez,diego.lopez@example.com,+57 300 772 4016,colombia,Bogota DC,24/09/2026,68,retail,Mouse,8,N/A,10508.0,inactive,2026-01-15,,ERP
C12347,Ana Pérez,ana.pérez@example.com,+573005457811,N/A,CALI,September 24 2026,66,RETAIL,Mouse,6,1924.96,11549.76,pending,2026-01-15,4,ERP
C12348,Juan GARCIA,juan.garcia@example.com,N/A,Co,BOGOTA,03/04/2026,69,retail,Chair,5,1789.97,8949.85,PENDING,2026-01-15,4,ERP
C12349,Diego Sanchez,diego.sanchez@example.com,,COLOMBIA,Bogotá D.C.,09/24/2026,18,retail,LAPTOP,10,1782.26,-17822.6,inactive,15/01/2026,3,ERP
C12350,Luis Pérez,luis.pérez@example.com,,COLOMBIA,Bogota DC,2026-09-24,60,enterprise,Keyboard,6,905.76,5434.56,pending,15/01/2026,5,ERP
C12351,Ana Perez,ana.perez@example.com,+57 300 379 1809,Colombia,Medellin,September 24 2026,20,Enterprise,LAPTOP,7,807.45,5652.15,inactive,15/01/2026,,ERP
C12352,  Diego Sanchez  ,diego.sanchez@example.com,+57 300 816 4893,Colombia,Bogota,not-a-date,39,enterprise,laptop,10,1314.41,13144.1,inactive,,5,ERP
C12353,Diego Pérez,diego.pérez@example.com,3001427447,Co,Barranquilla,03/04/2026,64,SMB,Monitor,10,1384.25,13842.5,ACTIVE,,5,ERP
C12354,Ana Sanchez,ana.sanchez@example.com,N/A,Colombia,Bogotá,September 24 2026,64,enterprise,Desk,8,1596.69,12773.52,active,15/01/2026,N/A,ERP
C12355,Ana Perez,ana.perez@example.com,,Co,Medellin,09/24/2026,29,Retail,Monitor,9,178.87,1609.83,unknown,,1,ERP
C12356, JUAN  Perez,juan.perez@example.com,300-123-4559,COLOMBIA,Medellín,N/A,45,Retail,LAPTOP,1,1740.94,1740.94,ACTIVE,,3,ERP
C12357,Luis Pérez,luis.pérez@example.com,+573007558976,COLOMBIA,CALI,2026-09-24,54,RETAIL,Keyboard,-2,1972.86,1972.86,unknown,N/A,5,ERP
C12358,Diego Lopez,diego.lopez@example.com,N/A,Co,Medellin,2026-09-24,75,SMB,Chair,8,1902.24,15217.92,inactive,,3,ERP
C12359,Carlos Sanchez,carlos.sanchez@example.com,N/A,Co,Medellín,03/04/2026,55,enterprise,Mouse,7,700.86,4906.02,inactive,2026-01-15,2,ERP
C12360,Sofia Perez,sofia.perez@example.com,3001818898,Colombia,Medellín,not-a-date,27,SMB,Desk,7,420.57,2943.99,Active,2026-01-15,,ERP
C12361,Diego Pérez,diego.pérez@example.com,+573002654037,colombia,CALI,09/24/2026,59,smb ,LAPTOP,3,1841.64,5524.92,PENDING,15/01/2026,N/A,ERP
C12362,Juan Perez,juan.perez@example.com,300-123-4561,COLOMBIA,Medellin,24/09/2026,64,RETAIL,Mouse,8,1848.95,14791.6,ACTIVE,2026-01-15,,ERP
C12363,Diego Lopez,diego.lopez@example.com,+57 300 668 8548,N/A,Cali,03/04/2026,67,Enterprise,Keyboard,9,1698.57,15287.13,ACTIVE,15/01/2026,5,ERP
C12364,Laura Garcia,laura.garcia@example.com,3001790971,COLOMBIA,Medellín,24/09/2026,24,RETAIL,laptop,9,1031.86,9286.74,Active,N/A,,ERP
C12365,Sofia Garcia,sofia.garcia@example.com,+57 300 295 4195,N/A,Medellin,N/A,48,enterprise,Chair,2,615.18,1230.36,Active,,3,ERP
C12366,Ana GARCIA,ana.garcia@example.com,+573001724848,Colombia,Bogota,09/24/2026,80,retail,LAPTOP,8,253.06,2024.48,ACTIVE,15/01/2026,2,ERP
C12367,Carlos Martinez,carlos.martinez@example.com,,Colombia,Bogota DC,24/09/2026,64,retail,LAPTOP,6,1624.07,9744.42,inactive,2026-01-15,,ERP
C12368,Juan Martinez,juan.martinez@example.com,,Colombia,Bogotá,September 24 2026,78,Retail,laptop,2,195.93,391.86,active,2026-01-15,N/A,ERP
C12369,Luis GARCIA,luis.garcia@example.com,300-123-4559,Co,Cartagena,09/24/2026,52,SMB,Mouse,6,408.47,2450.82,unknown,15/01/2026,5,ERP
C12370,Carlos Perez,carlos.perez@example.com,N/A,COLOMBIA,Bogotá D.C.,N/A,73,retail,Monitor,8,824.33,6594.64,pending,,2,ERP
C12371, JUAN  Garcia,juan.garcia@example.com,3005956763,Unknown,CALI,2026/09/24,34,Retail,LAPTOP,10,1941.39,19413.9,Active,,2,ERP
C12372,Ana Sanchez,ana.sanchez@example.com,+573008618515,N/A,Bogotá D.C.,03/04/2026,52,retail,laptop,6,796.21,4777.26,PENDING,2026-01-15,3,ERP
C12373,Laura Lopez,laura.lopez@example.com,+57 300 362 3170,colombia,BOGOTA,not-a-date,32,SMB,Monitor,10,476.27,4762.7,ACTIVE,2026-01-15,3,ERP
C12374,Sofia Lopez,sofia.lopez@example.com,+57 300 896 2831,colombia,Cali,N/A,70,enterprise,Mouse,8,1722.82,13782.56,ACTIVE,2026-01-15,4,ERP
C12375, JUAN  GARCIA,juan.garcia@example.com,,Colombia,Medellín,September 24 2026,55,retail,Keyboard,9,1038.82,9349.38,pending,N/A,N/A,ERP
C12376,  Sofia Pérez  ,N/A,300-123-4543,N/A,Medellín,not-a-date,26,SMB,LAPTOP,9,1541.42,13872.78,ACTIVE,15/01/2026,2,ERP
C12377, JUAN  Garcia,juan.garcia@example.com,,Unknown,Bogotá D.C.,September 24 2026,72,RETAIL,Monitor,10,692.48,6924.8,ACTIVE,15/01/2026,3,ERP
C12378,Juan Garcia,juan.garcia@example.com,+57 300 175 9539,Unknown,Barranquilla,September 24 2026,31,retail,LAPTOP,1,1753.23,1753.23,Active,2026-01-15,N/A,ERP
C12379,Juan Lopez,juan.lopez@example.com,N/A,COLOMBIA,Bogota,not-a-date,46,SMB,Laptop,7,410.63,2874.41,PENDING,,1,ERP
C12380,maria lopez,maria.lopez@example.com,,COLOMBIA,BOGOTA,24/09/2026,71,RETAIL,Mouse,-2,290.83,290.83,inactive,15/01/2026,N/A,ERP
C12381,Luis GARCIA,luis.garcia@example.com,+573006507291,colombia,Bogota,03/04/2026,36,smb ,Monitor,2,359.22,718.44,ACTIVE,,3,ERP
C12382,Ana Lopez,ana.lopez@example.com,3006902088,Co,bogota,not-a-date,42,retail,Keyboard,10,741.1,7411.0,unknown,2026-01-15,5,ERP
C12383,maria Martinez,maria.martinez@example.com,N/A,COLOMBIA,Barranquilla,03/04/2026,-5,retail,Laptop,7,687.63,4813.41,ACTIVE,N/A,2,ERP
C12384,CARLOS Martinez,carlos.martinez@example.com,300-123-4593,colombia,CALI,03/04/2026,19,enterprise,Keyboard,3,528.79,1586.37,unknown,2026-01-15,,ERP
C12385,Juan lopez,juan.lopez@example.com,+57 300 716 8255,COLOMBIA,MEDELLIN,2026/09/24,77,smb ,Desk,6,1877.32,11263.92,pending,15/01/2026,3,ERP
C12386,CARLOS Perez,carlos.perez@example.com,N/A,colombia,Cali,not-a-date,73,Retail,Mouse,9,1631.46,14683.14,inactive,15/01/2026,N/A,ERP
C12387,maria Perez,maria.perez@example.com,300-123-4599,Colombia,Bogota DC,24/09/2026,72,SMB,LAPTOP,4,1563.59,6254.36,unknown,N/A,5,ERP
C12388,Luis Lopez,luis.lopez@example.com,300-123-4523,N/A,Medellín,not-a-date,39,Retail,Chair,8,822.16,6577.28,ACTIVE,15/01/2026,2,ERP
C12389,Diego Garcia,diego.garcia@example.com,+573007191698,N/A,BOGOTA,03/04/2026,74,RETAIL,Mouse,2,244.16,488.32,Active,,3,ERP
C12390,Maria Perez,maria.perez@example.com,N/A,Co,Bogotá D.C.,N/A,60,SMB,laptop,5,178.83,894.15,ACTIVE,N/A,N/A,ERP
C12391,Laura GARCIA,laura.garcia@example.com,+57 300 930 5490,N/A,Medellín,2026-09-24,29,Retail,LAPTOP,3,1609.3,4827.9,inactive,2026-01-15,5,ERP
C12392,CARLOS Pérez,carlos.pérez@example.com,3003744485,Co,Medellin,2026/09/24,61,enterprise,LAPTOP,8,352.75,2822.0,unknown,,1,ERP
C12393,Laura Lopez,laura.lopez@example.com,300-123-4592,Unknown,Medellín,03/04/2026,80,RETAIL,Laptop,7,489.25,3424.75,pending,15/01/2026,2,ERP
C12394,maria Perez,maria.perez@example.com,3007532765,Unknown,Bogotá D.C.,not-a-date,53,Retail,Keyboard,1,315.73,315.73,unknown,N/A,4,ERP
C12395,maria Perez,maria.perez@example.com,N/A,Colombia,CALI,September 24 2026,28,Retail,Laptop,1,868.27,868.27,PENDING,15/01/2026,N/A,ERP
C12396,Carlos lopez,carlos.lopez@example.com,,colombia,Cartagena,not-a-date,38,RETAIL,Mouse,10,370.16,3701.6,unknown,2026-01-15,2,ERP
C12397,Carlos Martinez,carlos.martinez@example.com,300-123-4519,N/A,bogota,2026/09/24,72,retail,Mouse,4,1868.9,7475.6,Active,15/01/2026,2,ERP
C12398, JUAN  Sanchez,juan.sanchez@example.com,N/A,N/A,CALI,N/A,63,smb ,LAPTOP,9,301.95,2717.55,active,N/A,,ERP
C12399,Luis Pérez,luis.pérez@example.com,+57 300 363 8317,colombia,bogota,2026/09/24,63,SMB,Monitor,5,1817.18,9085.9,pending,N/A,N/A,ERP
C12400,Laura Martinez,laura.martinez@example.com,300-123-4537,Colombia,CALI,2026-09-24,71,Enterprise,Desk,4,110.28,441.12,Active,15/01/2026,4,ERP
C12401,CARLOS GARCIA,carlos.garcia@example.com,+57 300 619 6828,colombia,BOGOTA,N/A,64,enterprise,Keyboard,6,476.4,2858.4,unknown,2026-01-15,N/A,ERP
C12402,Juan Pérez,juan.pérez@example.com,3007372250,Unknown,Bogota,09/24/2026,47,enterprise,Monitor,9,1488.84,13399.56,Active,N/A,2,ERP
C12403,Luis Lopez,luis.lopez@example.com,+57 300 218 8370,Co,BOGOTA,N/A,23,RETAIL,laptop,1,897.95,897.95,active,N/A,4,ERP
C12404,Laura Sanchez,laura.sanchez@example.com,,Unknown,bogota,09/24/2026,43,retail,Laptop,8,1688.41,13507.28,active,N/A,5,ERP
C12405,Ana Martinez,ana.martinez@example.com,+57 300 591 2972,colombia,Bogotá,03/04/2026,69,smb ,Mouse,4,1681.92,134553.6,inactive,N/A,N/A,ERP
C12406,Ana Garcia,ana.garcia@example.com,,N/A,Cali,09/24/2026,52,retail,Desk,10,1406.52,14065.2,pending,15/01/2026,1,ERP
C12407,maria Lopez,maria.lopez@example.com,+57 300 920 9839,Unknown,Bogotá,2026-09-24,58,smb ,Chair,3,1902.99,5708.97,pending,15/01/2026,1,ERP
C12408,maria Sanchez,maria.sanchez@example.com,+573005301693,COLOMBIA,Medellín,09/24/2026,55,retail,Laptop,9,94.13,847.17,PENDING,N/A,1,ERP
C12409, JUAN  Perez,juan.perez@example.com,3003942978,N/A,Bogota DC,09/24/2026,28,smb ,LAPTOP,8,1849.9,14799.2,inactive,2026-01-15,,ERP
C12410,CARLOS Lopez,carlos.lopez@example.com,,Co,Medellín,09/24/2026,42,Retail,Keyboard,4,841.72,3366.88,inactive,,1,ERP
C12411,Sofia Martinez,sofia.martinez@example.com,N/A,Co,Barranquilla,N/A,42,RETAIL,Chair,4,1297.0,5188.0,unknown,2026-01-15,2,ERP
C12412,maria Lopez,maria.lopez@example.com,3007536220,N/A,Medellín,2026-09-24,66,enterprise,Mouse,1,1979.08,1979.08,active,,,ERP
C12413, JUAN  Lopez,juan.lopez@example.com,,Co,Bogotá D.C.,09/24/2026,21,SMB,Keyboard,3,122.53,367.59,unknown,15/01/2026,3,ERP
C12414,Luis Pérez,luis.pérez@example.com,300-123-4576,COLOMBIA,Bogota,24/09/2026,63,Enterprise,Chair,3,1596.15,4788.45,pending,,4,ERP
C12415,Laura Sanchez, user@EXAMPLE.COM ,N/A,Unknown,Medellín,September 24 2026,73,enterprise,Desk,8,1646.16,13169.28,pending,2026-01-15,1,ERP
C12416,maria Garcia,?,null,N/A,,09/24/2026,69,enterprise,Mouse,9,874.31,7868.79,Active,N/A,3,ERP
C12417,Diego Lopez,diego.lopez@example.com,,Colombia,Bogotá D.C.,09/24/2026,29,retail,LAPTOP,3,"$1,005.09",3015.27,active,2026-01-15,5,ERP
C12418,Maria Lopez,maria.lopez@example.com,300-123-4594,Unknown,Cali,2026/09/24,45,retail,Desk,8,61.75,494.0,ACTIVE,2026-01-15,1,ERP
C12419,Ana lopez,ana.lopez@example.com,,Colombia,Cali,2026/09/24,59,retail,Laptop,10,994.39,9943.9,pending,N/A,N/A,ERP
C12420,Luis GARCIA,luis.garcia@example.com,300-123-4557,Co,Bogota DC,24/09/2026,52,smb ,LAPTOP,6,1827.59,10965.54,pending,2026-01-15,4,ERP
C12421,maria lopez,maria.lopez@example.com,3006383506,COLOMBIA,CALI,2026/09/24,39,Retail,Mouse,2,1773.42,3546.84,PENDING,N/A,1,ERP
C12422,Laura Pérez,laura.pérez@example.com,3008875460,Co,Medellin,September 24 2026,57,retail,Chair,8,1131.44,9051.52,unknown,2026-01-15,4,ERP
C12423,  maria Sanchez  ,maria.sanchez@example.com,,COLOMBIA,Bogota,03/04/2026,26,SMB,LAPTOP,2,N/A,1111.4,pending,N/A,1,ERP
C12424,maria Pérez,user@@example.com,,Colombia,Bogotá,September 24 2026,35,SMB,Desk,3,1675.77,5027.31,unknown,N/A,3,ERP
C12425, JUAN  GARCIA,juan.garcia@example.com,+57 300 653 1756,Colombia,Bogota,09/24/2026,200,enterprise,Keyboard,4,1399.03,5596.12,ACTIVE,,4,ERP
C12426,Ana Garcia,ana.garcia@example.com,+573004012314,Unknown,MEDELLIN,N/A,21,smb ,laptop,10,726.72,7267.2,inactive,,N/A,ERP
C12427,Diego Perez,diego.perez@example.com,,Co,Bogotá D.C.,2026/09/24,37,Enterprise,Desk,4,176.16,704.64,active,N/A,4,ERP
C12428,Juan Pérez,juan.pérez@example.com,+573007262088,Co,Bogota DC,24/09/2026,66,retail,Desk,4,1708.55,6834.2,inactive,N/A,1,ERP
C12429,Maria Pérez,maria.pérez@example.com,+57 300 265 7385,N/A,Cartagena,24/09/2026,70,smb ,Keyboard,8,"1179,89",9439.12,PENDING,,4,ERP
C12430,Juan GARCIA,juan.garcia@example.com,+573005005627,N/A,bogota,2026/09/24,39,RETAIL,Keyboard,9,1046.22,9415.98,pending,15/01/2026,3,ERP
C12431,maria Lopez,maria.lopez@example.com,300-123-4564,Colombia,Bogota,09/24/2026,38,Retail,Mouse,8,1833.07,14664.56,Active,2026-01-15,N/A,ERP
C12432,Diego GARCIA,diego.garcia@example.com,+573009580472,Colombia,bogota,not-a-date,37,smb ,Keyboard,10,789.04,7890.4,unknown,N/A,2,ERP
C12433,Sofia Perez,?,null,Colombia,,not-a-date,47,retail,Keyboard,10,320.98,3209.8,Active,,5,ERP
C12434,Ana Martinez,ana.martinez@example.com,300-123-4524,Co,Barranquilla,2026/09/24,47,RETAIL,Laptop,5,49.26,246.3,inactive,2026-01-15,5,ERP
C12435,Ana Garcia,ana.garcia@example.com,N/A,COLOMBIA,Bogotá,September 24 2026,49,RETAIL,laptop,2,580.57,1161.14,inactive,,3,ERP
C12436, JUAN  GARCIA,juan.garcia@example.com,3004180949,COLOMBIA,Bogota DC,not-a-date,79,RETAIL,Laptop,8,73.95,591.6,active,15/01/2026,2,ERP
C12437,Maria Garcia,maria.garcia@example.com,+573006395178,COLOMBIA,Bogota DC,03/04/2026,54,SMB,laptop,1,1149.0,1149.0,ACTIVE,N/A,3,ERP
C12438,  Carlos Garcia  ,missing@,300-123-4590,COLOMBIA,Medellin,2026-09-24,22,enterprise,Desk,7,583.19,4082.33,pending,2026-01-15,4,ERP
C12439,Sofia Lopez,sofia.lopez@example.com,3008241248,COLOMBIA,Bogotá D.C.,2026-09-24,40,smb ,laptop,6,1882.61,11295.66,inactive,N/A,1,ERP
C12440,Juan Pérez,juan.pérez@example.com,+57 300 319 3352,Colombia,Medellín,September 24 2026,47,RETAIL,LAPTOP,7,1037.54,7262.78,active,N/A,3,ERP
C12441,  Laura lopez  ,laura.lopez@example.com,300-123-4526,N/A,Medellin,September 24 2026,74,smb ,LAPTOP,3,434.42,1303.26,unknown,15/01/2026,2,ERP
C12442,Sofia Perez,sofia.perez@example.com,,colombia,MEDELLIN,03/04/2026,61,Retail,Monitor,4,151.91,607.64,PENDING,2026-01-15,3,ERP
C12443,Maria Pérez,maria.pérez@example.com,,Colombia,CALI,September 24 2026,200,enterprise,Chair,4,$733.50,2934.0,PENDING,N/A,1,ERP
C12444,Juan lopez,juan.lopez@example.com,N/A,COLOMBIA,Bogotá D.C.,03/04/2026,60,retail,LAPTOP,3,1700.55,5101.65,inactive,,4,ERP
C12445,Sofia Perez,sofia.perez@example.com,+573007842043,colombia,MEDELLIN,03/04/2026,57,smb ,laptop,3,354.44,1063.32,ACTIVE,15/01/2026,5,ERP
C12446, JUAN  lopez,juan.lopez@example.com,300-123-4568,colombia,Cartagena,September 24 2026,46,retail,laptop,2,110.94,221.88,inactive,,3,ERP
C12447,CARLOS Pérez,carlos.pérez@example.com,300-123-4593,N/A,Cartagena,03/04/2026,31,Enterprise,laptop,7,1077.26,7540.82,ACTIVE,N/A,N/A,ERP
C12448,CARLOS lopez,missing@,+57 300 829 9054,Colombia,Cali,N/A,76,Retail,Desk,5,262.5,1312.5,ACTIVE,,1,ERP
C12449,Sofia GARCIA,sofia.garcia@example.com,300-123-4515,Colombia,Bogota DC,not-a-date,77,enterprise,Laptop,10,254.02,2540.2,active,2026-01-15,4,ERP
C12450,Maria lopez,maria.lopez@example.com,3004122380,Co,Cali,24/09/2026,59,smb ,Desk,7,1747.64,12233.48,inactive,2026-01-15,5,ERP
C12451,Juan Pérez,juan.pérez@example.com,+573002127330,colombia,bogota,2026-09-24,63,RETAIL,Desk,10,1387.96,13879.6,ACTIVE,,5,ERP
C12452,Carlos Garcia,carlos.garcia@example.com,N/A,colombia,Cartagena,24/09/2026,66,Retail,Laptop,1,1428.52,1428.52,PENDING,,N/A,ERP
C12453,Luis GARCIA,luis.garcia@example.com,+57 300 909 2165,Unknown,BOGOTA,2026/09/24,59,Retail,laptop,9,1879.76,16917.84,Active,N/A,1,ERP
C12454,Carlos Pérez,carlos.pérez@example.com,3004239542,N/A,bogota,24/09/2026,40,SMB,Keyboard,1,N/A,563.82,Active,,4,ERP
C12455, JUAN  Garcia,juan.garcia@example.com,3005722003,Unknown,Bogotá D.C.,2026/09/24,67,Retail,LAPTOP,8,1701.93,13615.44,Active,N/A,2,ERP
C12456,Laura lopez,laura.lopez@example.com,300-123-4565,N/A,Cartagena,03/04/2026,26,enterprise,Laptop,8,1504.79,12038.32,inactive,2026-01-15,4,ERP
C12457,Laura Sanchez,?,null,colombia,,03/04/2026,64,retail,Desk,4,"985,01",3940.04,Active,N/A,3,ERP
C12458,Ana Sanchez,ana.sanchez@example.com,N/A,colombia,Medellín,2026-09-24,71,Enterprise,Keyboard,4,1796.68,7186.72,PENDING,15/01/2026,4,ERP
C12459,CARLOS Perez,carlos.perez@example.com,+573008999528,Colombia,Barranquilla,09/24/2026,51,RETAIL,Laptop,8,289.36,2314.88,PENDING,2026-01-15,2,ERP
C12460,Ana Sanchez,ana.sanchez@example.com,3004793217,Co,Medellin,September 24 2026,53,Enterprise,Keyboard,4,$75.43,301.72,PENDING,15/01/2026,,ERP
C12461,Ana GARCIA,ana.garcia@example.com,,N/A,bogota,03/04/2026,74,enterprise,Chair,2,1422.38,2844.76,inactive,15/01/2026,4,ERP
C12462,Ana lopez,ana.lopez@example.com,,Colombia,Bogota DC,2026-09-24,52,RETAIL,laptop,7,1901.07,13307.49,inactive,2026-01-15,5,ERP
C12463,Carlos Sanchez,carlos.sanchez@example.com,,Co,Medellín,24/09/2026,77,SMB,Keyboard,1,862.96,862.96,pending,15/01/2026,1,ERP
C12464,Laura Pérez,laura.pérez@example.com,300-123-4556,N/A,BOGOTA,09/24/2026,28,smb ,Laptop,4,1336.75,5347.0,pending,15/01/2026,,ERP
C12465,Luis lopez,luis.lopez@example.com,300-123-4595,Co,Cartagena,2026/09/24,23,enterprise,Chair,10,1369.97,13699.7,pending,,N/A,ERP
C12466,Ana Lopez,ana.lopez@example.com,3005802681,Co,Barranquilla,not-a-date,66,RETAIL,Keyboard,3,1043.3,3129.9,unknown,,,ERP
C12467,Laura GARCIA,laura.garcia@example.com,N/A,Unknown,Barranquilla,N/A,23,smb ,Desk,7,509.52,3566.64,PENDING,2026-01-15,1,ERP
C12468,Maria Pérez,maria.pérez@example.com,+573001351574,Colombia,Medellín,03/04/2026,22,RETAIL,LAPTOP,10,1526.09,15260.9,inactive,2026-01-15,1,ERP
C12469,Luis Lopez,luis.lopez@example.com,3007004136,COLOMBIA,Medellín,2026-09-24,51,SMB,Keyboard,9,1556.76,14010.84,Active,15/01/2026,1,ERP
C12470, JUAN  Garcia,juan.garcia@example.com,+57 300 989 3939,Co,Cartagena,N/A,74,smb ,Mouse,3,723.95,2171.85,active,15/01/2026,N/A,ERP
C12471,Sofia Perez, user@EXAMPLE.COM ,3001885608,colombia,Barranquilla,not-a-date,65,SMB,LAPTOP,8,1945.41,15563.28,Active,N/A,,ERP
C12472,Sofia Sanchez,sofia.sanchez@example.com,N/A,Colombia,Barranquilla,September 24 2026,62,Enterprise,LAPTOP,2,170.15,340.3,inactive,,2,ERP
C12473,Ana Pérez,ana.pérez@example.com,3007401407,Unknown,MEDELLIN,not-a-date,72,RETAIL,Desk,9,"1072,08",9648.72,PENDING,15/01/2026,3,ERP
C12474,Luis lopez,luis.lopez@example.com,+573007909848,Colombia,Medellin,not-a-date,42,smb ,Chair,5,1968.1,9840.5,pending,2026-01-15,3,ERP
C12475, JUAN  GARCIA,juan.garcia@example.com,N/A,Co,Barranquilla,September 24 2026,46,Retail,Mouse,4,91.99,367.96,unknown,15/01/2026,5,ERP
C12476,Diego Garcia,diego.garcia@example.com,N/A,COLOMBIA,Medellin,2026-09-24,30,smb ,laptop,-2,909.71,909.71,PENDING,,2,ERP
C12477,Juan Sanchez,juan.sanchez@example.com,3006327059,colombia,BOGOTA,09/24/2026,62,smb ,Laptop,4,1950.95,7803.8,ACTIVE,15/01/2026,,ERP
C12478,Carlos Garcia,carlos.garcia@example.com,,N/A,Medellín,N/A,52,SMB,Desk,4,101.44,405.76,PENDING,15/01/2026,N/A,ERP
C12479,Sofia Perez,sofia.perez@example.com,3003596606,N/A,Medellín,03/04/2026,31,SMB,Keyboard,5,953.86,-4769.3,pending,2026-01-15,N/A,ERP
C12480,Maria Garcia,maria.garcia@example.com,300-123-4584,N/A,CALI,2026-09-24,65,retail,Mouse,4,304.07,1216.28,pending,2026-01-15,2,ERP
C12481,Ana GARCIA,ana.garcia@example.com,,Unknown,Bogotá,24/09/2026,78,enterprise,laptop,8,162.32,1298.56,PENDING,N/A,1,ERP
C12482,Juan GARCIA,juan.garcia@example.com,+57 300 395 3476,Colombia,Bogotá,September 24 2026,65,smb ,Laptop,9,1823.94,16415.46,PENDING,15/01/2026,5,ERP
C12483,maria Garcia,maria.garcia@example.com,,COLOMBIA,Bogotá D.C.,September 24 2026,46,retail,Monitor,1,1781.53,1781.53,Active,N/A,4,ERP
C12484,Luis Lopez,luis.lopez@example.com,+573006562476,Co,Bogotá,24/09/2026,48,enterprise,laptop,1,1171.68,1171.68,active,N/A,3,ERP
C12485,CARLOS Martinez,carlos.martinez@example.com,+57 300 691 3866,Colombia,Medellin,September 24 2026,60,smb ,LAPTOP,3,608.62,1825.86,inactive,2026-01-15,,ERP
C12486, JUAN  Sanchez,juan.sanchez@example.com,N/A,COLOMBIA,bogota,09/24/2026,57,smb ,Desk,8,1271.15,10169.2,ACTIVE,2026-01-15,,ERP
C12487, JUAN  Garcia,juan.garcia@example.com,,Colombia,Bogota DC,09/24/2026,78,retail,Laptop,10,431.08,4310.8,active,N/A,3,ERP
C12488,maria GARCIA,maria.garcia@example.com,N/A,Colombia,Cartagena,2026/09/24,37,RETAIL,Desk,10,1319.78,13197.8,Active,15/01/2026,,ERP
C12489,Juan lopez,juan.lopez@example.com,3007485016,Colombia,BOGOTA,09/24/2026,73,Enterprise,Desk,5,473.53,2367.65,active,2026-01-15,1,ERP
C12490,Carlos Martinez,carlos.martinez@example.com,3006547204,Unknown,Medellin,September 24 2026,47,smb ,Laptop,2,1666.65,3333.3,ACTIVE,15/01/2026,1,ERP
C12491,Diego Garcia,diego.garcia@example.com,,colombia,BOGOTA,2026/09/24,50,Retail,Keyboard,5,1332.0,6660.0,unknown,15/01/2026,1,ERP
C12492,Ana Perez,ana.perez@example.com,+573009403406,Unknown,Bogotá,2026-09-24,60,enterprise,Keyboard,6,16.39,98.34,unknown,N/A,2,ERP
C12493,Laura Martinez,laura.martinez@example.com,+573007392583,colombia,MEDELLIN,2026-09-24,43,SMB,Keyboard,6,127.99,767.94,unknown,N/A,4,ERP
C12494,CARLOS Lopez,carlos.lopez@example.com,+57 300 317 4017,Colombia,Barranquilla,24/09/2026,52,Enterprise,Mouse,6,1192.41,7154.46,ACTIVE,N/A,1,ERP
C12495,Juan lopez,juan.lopez@example.com,N/A,colombia,Bogotá,not-a-date,64,RETAIL,Monitor,4,1710.35,6841.4,Active,15/01/2026,N/A,ERP
C12496,Ana lopez,ana.lopez@example.com,300-123-4579,Co,Barranquilla,03/04/2026,24,RETAIL,laptop,3,55.82,167.46,pending,15/01/2026,2,ERP
C12497,Sofia Perez,sofia.perez@example.com,N/A,N/A,bogota,24/09/2026,55,smb ,Chair,8,1038.43,8307.44,ACTIVE,2026-01-15,2,ERP
C12498,Maria Sanchez,maria.sanchez@example.com,,Unknown,CALI,not-a-date,32,smb ,LAPTOP,5,987.5,4937.5,active,15/01/2026,3,ERP
C12499,Sofia Garcia,sofia.garcia@example.com,,Unknown,Medellín,09/24/2026,30,RETAIL,Keyboard,-2,507.79,507.79,Active,,2,ERP
C12500,CARLOS lopez,carlos.lopez@example.com,+57 300 369 1185,Unknown,Cartagena,03/04/2026,21,Enterprise,LAPTOP,1,190.71,190.71,active,,,ERP
C12501,Diego Martinez,diego.martinez@example.com,3004930521,Colombia,BOGOTA,24/09/2026,37,Enterprise,laptop,8,1786.05,14288.4,pending,,3,ERP
C12502,CARLOS Perez,carlos.perez@example.com,300-123-4549,Colombia,BOGOTA,N/A,32,smb ,LAPTOP,5,617.87,3089.35,Active,15/01/2026,5,ERP
C12503,Ana Lopez,ana.lopez@example.com,,colombia,Barranquilla,2026-09-24,36,SMB,Mouse,7,1103.79,7726.53,active,15/01/2026,1,ERP
C10001, JUAN  Garcia,juan.garcia@example.com,+57 300 838 9787,N/A,Bogotá D.C.,2026-09-24,34,Enterprise,laptop,9,359.9,3239.1,pending,N/A,,ERP
C12505,CARLOS Garcia,carlos.garcia@example.com,+57 300 247 5852,colombia,Cartagena,N/A,64,RETAIL,Monitor,7,441.05,3087.35,ACTIVE,2026-01-15,,ERP
C12506,Diego Martinez,?,null,Co,,September 24 2026,25,retail,Monitor,1,1831.33,1831.33,PENDING,,1,ERP
C12507,CARLOS Sanchez,missing@,300-123-4594,colombia,BOGOTA,N/A,35,Enterprise,Mouse,6,1167.19,7003.14,inactive,,3,ERP
C12508,Ana Pérez,ana.pérez@example.com,3002645734,colombia,BOGOTA,not-a-date,21,Retail,Laptop,1,664.0,664.0,Active,15/01/2026,4,ERP
C12509,Sofia Pérez,sofia.pérez@example.com,300-123-4560,Colombia,Cali,N/A,49,retail,Mouse,3,42.05,126.15,ACTIVE,N/A,5,ERP
C12510,Diego Sanchez,diego.sanchez@example.com,3004673958,Co,Barranquilla,24/09/2026,69,Enterprise,Laptop,6,1412.87,8477.22,active,15/01/2026,2,ERP
C12511,Diego Garcia,diego.garcia@example.com,,COLOMBIA,Bogota DC,09/24/2026,65,retail,Mouse,8,1183.53,9468.24,inactive,2026-01-15,N/A,ERP
C12512,Diego lopez,diego.lopez@example.com,3007690449,N/A,BOGOTA,09/24/2026,54,SMB,laptop,1,N/A,449.36,inactive,15/01/2026,5,ERP
C12513,Laura Martinez,laura.martinez@example.com,N/A,COLOMBIA,Barranquilla,N/A,78,SMB,laptop,2,292.53,585.06,active,15/01/2026,3,ERP
C12514,CARLOS lopez,carlos.lopez@example.com,N/A,Co,Medellin,not-a-date,36,smb ,LAPTOP,5,1334.9,6674.5,PENDING,2026-01-15,N/A,ERP
C12515,maria Perez,maria.perez@example.com,300-123-4592,Co,Bogota,N/A,64,Retail,Desk,8,469.03,3752.24,ACTIVE,15/01/2026,3,ERP
C12516,  Juan Sanchez  ,juan.sanchez@example.com,N/A,Co,Medellín,N/A,21,smb ,Chair,8,306.89,2455.12,active,2026-01-15,5,ERP
C12517,Carlos Pérez,carlos.pérez@example.com,,Colombia,Barranquilla,not-a-date,18,Enterprise,Monitor,9,350.03,3150.27,active,,4,ERP
C12518,Sofia GARCIA,sofia.garcia@example.com,+573009352857,Unknown,Cali,2026/09/24,76,SMB,laptop,9,1510.74,13596.66,Active,2026-01-15,,ERP
C12519,Diego Garcia,diego.garcia@example.com,3008512601,N/A,Bogota DC,N/A,46,RETAIL,Desk,6,1910.53,11463.18,Active,2026-01-15,1,ERP
C12520,maria Lopez,maria.lopez@example.com,,colombia,Barranquilla,2026-09-24,56,Retail,Laptop,8,1212.34,9698.72,active,,1,ERP
C12521,Laura lopez,laura.lopez@example.com,+57 300 784 1761,COLOMBIA,bogota,September 24 2026,19,retail,Laptop,4,865.88,3463.52,pending,N/A,3,ERP
C12522,Maria Lopez,maria.lopez@example.com,,Unknown,Cartagena,24/09/2026,74,Enterprise,Monitor,3,1999.78,5999.34,ACTIVE,15/01/2026,3,ERP
C12523,Carlos Pérez,carlos.pérez@example.com,N/A,N/A,Medellín,N/A,32,retail,Laptop,10,61.97,619.7,PENDING,N/A,N/A,ERP
C12524,Ana Garcia,ana.garcia@example.com,3002697154,Unknown,Cali,2026-09-24,50,SMB,laptop,6,1159.23,6955.38,pending,,5,ERP
C12525,Carlos Martinez,carlos.martinez@example.com,+57 300 161 5224,Unknown,Bogota,N/A,60,retail,laptop,7,1085.44,7598.08,Active,N/A,N/A,ERP
C12526,Laura lopez,missing@,,colombia,Cali,N/A,62,SMB,Desk,10,1463.07,14630.7,PENDING,2026-01-15,,ERP
C12527,Laura Martinez,laura.martinez@example.com,,Colombia,Cartagena,2026/09/24,79,Retail,Keyboard,3,1802.79,5408.37,unknown,N/A,2,ERP
C12528,Ana Lopez,,,COLOMBIA,Medellín,24/09/2026,76,SMB,Keyboard,4,976.83,3907.32,inactive,2026-01-15,4,ERP
C12529,Sofia lopez,sofia.lopez@example.com,+57 300 186 5101,Co,Cartagena,09/24/2026,47,SMB,Chair,2,460.0,920.0,active,N/A,4,ERP
C12530,Luis Perez,luis.perez@example.com,N/A,Co,BOGOTA,September 24 2026,35,SMB,Laptop,8,N/A,3428.32,unknown,15/01/2026,,ERP
C12531,CARLOS Garcia,carlos.garcia@example.com,+57 300 156 3159,N/A,MEDELLIN,2026-09-24,55,Enterprise,Laptop,2,421.69,843.38,inactive,15/01/2026,2,ERP
C12532,maria Sanchez,maria.sanchez@example.com,+57 300 615 8495,Unknown,Barranquilla,not-a-date,26,retail,laptop,2,1351.14,2702.28,inactive,,,ERP
C12533,Juan Lopez,juan.lopez@example.com,+573008401253,colombia,Bogotá,03/04/2026,64,Retail,Laptop,2,1682.15,3364.3,PENDING,N/A,,ERP
C12534,maria Pérez,maria.pérez@example.com,,N/A,MEDELLIN,09/24/2026,53,SMB,laptop,10,218.06,2180.6,active,15/01/2026,3,ERP
C12535,Carlos Martinez,carlos.martinez@example.com,300-123-4589,Co,Cali,03/04/2026,38,Retail,Keyboard,6,717.36,4304.16,Active,2026-01-15,5,ERP
C12536, JUAN  lopez,juan.lopez@example.com,300-123-4510,Colombia,Cali,03/04/2026,20,enterprise,Laptop,7,1862.84,13039.88,Active,15/01/2026,1,ERP
C12537,Laura lopez,LAURA.LOPEZ@EXAMPLE.COM,3006531753,COLOMBIA,BOGOTA,N/A,80,enterprise,Keyboard,4,780.89,3123.56,active,15/01/2026,N/A,ERP
C12538,Carlos lopez,carlos.lopez@example.com,3007270697,colombia,Medellín,24/09/2026,62,RETAIL,LAPTOP,9,527.5,4747.5,Active,,1,ERP
C12539,Carlos Garcia,carlos.garcia@example.com,,Colombia,Medellín,not-a-date,76,Retail,Mouse,-1,1515.39,1515.39,inactive,2026-01-15,4,ERP
C12540,CARLOS lopez,carlos.lopez@example.com,300-123-4591,COLOMBIA,Bogotá D.C.,2026/09/24,18,Retail,laptop,8,622.24,4977.92,Active,2026-01-15,1,ERP
C12541,Laura Pérez,laura.pérez@example.com,+57 300 755 4362,Co,Medellín,not-a-date,35,Enterprise,Monitor,1,1204.18,1204.18,inactive,,3,ERP
C12542,Diego Martinez,diego.martinez@example.com,300-123-4522,Colombia,Cartagena,N/A,50,RETAIL,Chair,4,1168.85,4675.4,active,2026-01-15,5,ERP
C12543,Laura Perez,laura.perez@example.com,300-123-4559,colombia,Cartagena,09/24/2026,52,RETAIL,Mouse,2,1382.74,2765.48,pending,15/01/2026,4,ERP
C12544,maria GARCIA,maria.garcia@example.com,3009231347,Co,Bogotá,2026/09/24,49,enterprise,Chair,10,337.72,3377.2,PENDING,2026-01-15,5,ERP
C12545,CARLOS Sanchez,carlos.sanchez@example.com,+57 300 702 3449,colombia,Bogotá D.C.,not-a-date,77,retail,laptop,7,1335.89,9351.23,Active,2026-01-15,,ERP
C12546,Sofia Perez,sofia.perez@example.com,300-123-4570,colombia,Medellin,03/04/2026,21,Retail,Chair,5,302.8,1514.0,active,,3,ERP
C12547,Diego Sanchez,diego.sanchez@example.com,300-123-4569,Co,Bogotá D.C.,N/A,75,Enterprise,Chair,1,720.3,720.3,inactive,15/01/2026,,ERP
C12548,maria Martinez,maria.martinez@example.com,3006119210,N/A,MEDELLIN,24/09/2026,48,retail,Chair,2,1082.23,2164.46,active,15/01/2026,2,ERP
C12549,Luis lopez,luis.lopez@example.com,+573002229078,Colombia,MEDELLIN,2026-09-24,62,Enterprise,Desk,7,252.34,1766.38,unknown,N/A,2,ERP
C12550,Carlos Pérez,carlos.pérez@example.com,300-123-4513,Colombia,bogota,not-a-date,72,Retail,Monitor,8,1880.37,15042.96,ACTIVE,N/A,1,ERP
C12551,Sofia Lopez,sofia.lopez@example.com,+57 300 613 7899,Colombia,Medellin,09/24/2026,25,RETAIL,Mouse,10,285.63,2856.3,PENDING,,5,ERP
C12552,Maria Martinez,maria.martinez@example.com,+573004383378,N/A,MEDELLIN,not-a-date,73,RETAIL,Monitor,2,1963.83,3927.66,Active,15/01/2026,3,ERP
C12553,Juan Pérez,JUAN.PÉREZ@EXAMPLE.COM,,COLOMBIA,MEDELLIN,September 24 2026,42,SMB,Mouse,1,1031.89,1031.89,Active,2026-01-15,2,ERP
C12554,Sofia lopez,sofia.lopez@example.com,+57 300 521 9894,Co,CALI,not-a-date,28,enterprise,laptop,10,1404.09,14040.9,unknown,N/A,N/A,ERP
C12555,Laura Garcia,laura.garcia@example.com,,Unknown,BOGOTA,2026/09/24,67,RETAIL,Desk,4,452.89,1811.56,PENDING,N/A,3,ERP
C12556,Ana Perez,ana.perez@example.com,300-123-4560,Unknown,Medellin,not-a-date,64,RETAIL,Laptop,2,664.89,1329.78,ACTIVE,2026-01-15,4,ERP
C12557, JUAN  lopez,juan.lopez@example.com,N/A,Unknown,Medellín,09/24/2026,42,SMB,LAPTOP,5,"947,43",4737.15,inactive,,2,ERP
C12558,Juan Garcia,juan.garcia@example.com,+57 300 537 5993,Unknown,Bogotá D.C.,September 24 2026,48,smb ,Keyboard,6,635.47,3812.82,unknown,,2,ERP
C12559, JUAN  Perez,juan.perez@example.com,N/A,Unknown,Bogotá,N/A,40,RETAIL,Chair,8,1730.72,13845.76,active,15/01/2026,2,ERP
C12560,CARLOS Perez,carlos.perez@example.com,N/A,N/A,Barranquilla,not-a-date,75,Enterprise,Monitor,10,1208.33,12083.3,pending,,4,ERP
C12561,Luis lopez,luis.lopez@example.com,+57 300 182 8902,Co,BOGOTA,N/A,55,smb ,Keyboard,10,1239.09,12390.9,unknown,N/A,3,ERP
C12562,Juan GARCIA,juan.garcia@example.com,N/A,colombia,Cartagena,September 24 2026,44,smb ,LAPTOP,7,333.49,2334.43,inactive,15/01/2026,2,ERP
C12563,Laura Martinez,laura.martinez@example.com,N/A,Colombia,Bogota DC,not-a-date,50,Enterprise,laptop,3,98.92,296.76,PENDING,,3,ERP
C12564,Laura Perez,laura.perez@example.com,+57 300 656 4463,colombia,MEDELLIN,not-a-date,74,RETAIL,Mouse,5,980.07,4900.35,active,N/A,1,ERP
C12565,Luis Pérez,luis.pérez@example.com,3009958480,COLOMBIA,CALI,N/A,27,Retail,Keyboard,3,N/A,5859.18,ACTIVE,,2,ERP
C12566,CARLOS Perez,carlos.perez@example.com,,Unknown,Medellín,not-a-date,42,SMB,Laptop,9,N/A,16612.11,PENDING,,,ERP
C12567,CARLOS Garcia,carlos.garcia@example.com,+57 300 245 3037,Co,CALI,2026-09-24,27,Enterprise,Monitor,5,692.5,3462.5,pending,2026-01-15,,ERP
C12568,CARLOS Garcia,carlos.garcia@example.com,N/A,Unknown,Cali,not-a-date,42,RETAIL,Desk,1,"482,85",482.85,pending,15/01/2026,2,ERP
C12569,Luis Garcia,luis.garcia@example.com,+57 300 875 3383,Co,Medellin,03/04/2026,65,Retail,Chair,5,628.4,3142.0,Active,,1,ERP
C12570,Ana Lopez,ana.lopez@example.com,N/A,colombia,Medellin,2026-09-24,48,SMB,Desk,2,396.69,793.38,PENDING,,1,ERP
C12571,Sofia Garcia,sofia.garcia@example.com,+57 300 965 9587,COLOMBIA,bogota,September 24 2026,200,smb ,Laptop,9,1334.15,12007.35,active,2026-01-15,5,ERP
C12572,Sofia Perez,sofia.perez@example.com,+573008357022,Colombia,Bogota,September 24 2026,73,Retail,Monitor,3,223.87,671.61,unknown,N/A,5,ERP
C12573,maria Lopez,maria.lopez@example.com,,N/A,CALI,N/A,65,RETAIL,Chair,2,1151.56,2303.12,active,,5,ERP
C12574,Ana Lopez,ana.lopez@example.com,+57 300 805 2946,Unknown,CALI,09/24/2026,68,Retail,Chair,8,706.6,5652.8,active,2026-01-15,,ERP
C12575,Laura Perez,laura.perez@example.com,300-123-4549,COLOMBIA,Cali,September 24 2026,73,smb ,Monitor,5,128.41,642.05,pending,,2,ERP
C12576,  Sofia lopez  ,sofia.lopez@example.com,+573001030805,colombia,Bogotá,24/09/2026,63,SMB,Mouse,10,1234.5,12345.0,inactive,,1,ERP
C12577,Carlos GARCIA,carlos.garcia@example.com,+57 300 194 7328,colombia,Bogota,2026-09-24,27,smb ,laptop,5,1573.67,7868.35,ACTIVE,15/01/2026,N/A,ERP
C12578,Ana Garcia,ana.garcia@example.com,+57 300 927 5181,Unknown,MEDELLIN,N/A,61,enterprise,Desk,9,467.27,4205.43,unknown,15/01/2026,2,ERP
C12579, JUAN  lopez,juan.lopez@example.com,N/A,colombia,Barranquilla,not-a-date,48,Enterprise,Desk,9,N/A,13371.75,PENDING,N/A,1,ERP
C12580,maria lopez,maria.lopez@example.com,+573004157899,Unknown,Bogota DC,03/04/2026,72,RETAIL,Keyboard,2,1724.63,3449.26,Active,2026-01-15,N/A,ERP
C12581,Ana Martinez,ANA.MARTINEZ@EXAMPLE.COM,+57 300 481 9294,Unknown,Bogota DC,N/A,51,retail,laptop,3,215.82,-647.46,ACTIVE,N/A,5,ERP
C12582,CARLOS GARCIA,carlos.garcia@example.com,+573003260398,COLOMBIA,BOGOTA,not-a-date,49,retail,Keyboard,8,1892.48,15139.84,inactive,15/01/2026,5,ERP
C12583,  Maria Garcia  ,maria.garcia@example.com,N/A,N/A,Bogota DC,not-a-date,54,SMB,laptop,8,1996.53,15972.24,inactive,2026-01-15,3,ERP
C12584,maria Garcia,not-an-email,N/A,Co,CALI,2026-09-24,62,RETAIL,Keyboard,10,N/A,4851.0,Active,2026-01-15,3,ERP
C12585,Carlos Sanchez,carlos.sanchez@example.com,,colombia,Bogota DC,N/A,76,enterprise,Mouse,5,980.34,4901.7,Active,N/A,N/A,ERP
C12586,Luis Martinez,luis.martinez@example.com,3002903366,COLOMBIA,Bogota DC,not-a-date,22,Retail,Chair,7,751.7,5261.9,pending,15/01/2026,4,ERP
C12587, JUAN  Martinez,juan.martinez@example.com,+573003648698,N/A,Cali,24/09/2026,32,Enterprise,Monitor,8,1009.06,8072.48,inactive,,3,ERP
C12588,Sofia Pérez,sofia.pérez@example.com,3009740137,Co,Medellin,2026/09/24,78,enterprise,Keyboard,7,808.87,5662.09,Active,2026-01-15,3,ERP
C12589,Ana Lopez,ana.lopez@example.com,,N/A,Bogota,09/24/2026,60,smb ,Monitor,8,1305.1,10440.8,inactive,2026-01-15,N/A,ERP
C12590,CARLOS Pérez,carlos.pérez@example.com,,Colombia,Barranquilla,not-a-date,21,Enterprise,Monitor,7,224.99,1574.93,pending,N/A,1,ERP
C12591,Sofia Garcia,sofia.garcia@example.com,+57 300 403 9093,Unknown,Bogota DC,09/24/2026,33,RETAIL,Chair,9,610.96,5498.64,unknown,15/01/2026,2,ERP
C12592,Ana GARCIA,ana.garcia@example.com,3004083096,colombia,Bogota,09/24/2026,73,smb ,Monitor,2,1151.72,2303.44,active,2026-01-15,1,ERP
C12593,Carlos lopez,,N/A,Unknown,MEDELLIN,N/A,44,RETAIL,Keyboard,6,493.98,2963.88,Active,,3,ERP
C12594,CARLOS GARCIA,carlos.garcia@example.com,300-123-4543,N/A,Medellin,24/09/2026,71,smb ,LAPTOP,8,447.03,3576.24,Active,,3,ERP
C12595,CARLOS Lopez,carlos.lopez@example.com,N/A,N/A,Barranquilla,2026-09-24,69,enterprise,laptop,2,$33.77,67.54,pending,,4,ERP
C12596,CARLOS Sanchez,carlos.sanchez@example.com,300-123-4515,COLOMBIA,BOGOTA,2026/09/24,20,smb ,Monitor,4,954.92,3819.68,ACTIVE,15/01/2026,N/A,ERP
C12597,Luis GARCIA,luis.garcia@example.com,300-123-4561,Co,Bogotá,24/09/2026,20,enterprise,Mouse,8,1814.66,-14517.28,ACTIVE,15/01/2026,5,ERP
C12598,Maria Pérez,maria.pérez@example.com,+573001951566,Co,Barranquilla,2026/09/24,79,SMB,Desk,10,"676,96",6769.6,inactive,N/A,3,ERP
C12599,Sofia GARCIA,sofia.garcia@example.com,+57 300 264 5029,colombia,Cali,N/A,66,SMB,Keyboard,3,62.33,186.99,Active,,1,ERP
C12600,Maria Lopez,maria.lopez@example.com,+573006042551,Co,Barranquilla,03/04/2026,29,enterprise,Desk,9,601.26,5411.34,Active,,3,ERP
C12601,Maria Martinez,maria.martinez@example.com,+57 300 140 8486,N/A,CALI,03/04/2026,58,RETAIL,LAPTOP,2,938.04,1876.08,ACTIVE,15/01/2026,5,ERP
C12602,Sofia Martinez,sofia.martinez@example.com,+57 300 854 6579,Unknown,Cartagena,2026-09-24,80,Enterprise,Laptop,7,584.97,4094.79,inactive,N/A,,ERP
C12603,Luis Garcia,luis.garcia@example.com,,Unknown,MEDELLIN,03/04/2026,42,Retail,Chair,4,670.6,2682.4,Active,2026-01-15,5,ERP
C12604,Sofia Sanchez,sofia.sanchez@example.com,3004034862,COLOMBIA,Bogota,not-a-date,48,RETAIL,laptop,5,1453.71,7268.55,unknown,15/01/2026,5,ERP
C12605,Ana Sanchez, user@EXAMPLE.COM ,+57 300 471 6943,Colombia,bogota,September 24 2026,25,Retail,laptop,3,1183.06,3549.18,active,N/A,3,ERP
C12606,Sofia Sanchez,sofia.sanchez@example.com,+573001441351,Co,Medellin,2026/09/24,30,smb ,Laptop,10,1244.26,12442.6,ACTIVE,2026-01-15,N/A,ERP
C12607,Sofia lopez,sofia.lopez@example.com,,N/A,Bogotá,24/09/2026,36,SMB,Laptop,3,393.96,1181.88,pending,15/01/2026,1,ERP
C12608,Maria Perez,maria.perez@example.com,,N/A,Medellin,N/A,49,smb ,Chair,9,1645.32,14807.88,inactive,2026-01-15,5,ERP
C12609,CARLOS Sanchez,carlos.sanchez@example.com,N/A,Colombia,Bogota DC,24/09/2026,31,RETAIL,Mouse,9,368.06,3312.54,pending,N/A,2,ERP
C12610,Luis GARCIA,luis.garcia@example.com,+573005114130,N/A,Bogota DC,03/04/2026,33,enterprise,Keyboard,4,364.09,1456.36,pending,15/01/2026,4,ERP
C12611,Carlos Perez,carlos.perez@example.com,,COLOMBIA,Bogota DC,03/04/2026,56,Retail,Monitor,9,"$1,725.56",15530.04,active,N/A,N/A,ERP
C12612, JUAN  Garcia,juan.garcia@example.com,300-123-4530,Colombia,MEDELLIN,24/09/2026,68,Retail,Laptop,5,829.68,4148.4,PENDING,2026-01-15,2,ERP
C12613,CARLOS GARCIA,carlos.garcia@example.com,N/A,COLOMBIA,Cartagena,24/09/2026,40,retail,Desk,5,308.67,1543.35,Active,2026-01-15,3,ERP
C12614,Diego Pérez,diego.pérez@example.com,N/A,Colombia,Cartagena,2026/09/24,53,Retail,LAPTOP,10,1522.33,15223.3,inactive,15/01/2026,4,ERP
C12615,Diego Perez,diego.perez@example.com,300-123-4579,COLOMBIA,Cartagena,09/24/2026,36,SMB,LAPTOP,2,1010.85,2021.7,active,,N/A,ERP
C12616,maria Sanchez,maria.sanchez@example.com,300-123-4565,Co,BOGOTA,24/09/2026,25,SMB,LAPTOP,7,596.25,4173.75,inactive,15/01/2026,5,ERP
C12617,Luis Garcia,luis.garcia@example.com,3001053482,Unknown,MEDELLIN,2026/09/24,30,RETAIL,LAPTOP,10,958.42,9584.2,inactive,15/01/2026,1,ERP
C12618,Luis lopez,luis.lopez@example.com,+573004515462,colombia,bogota,24/09/2026,42,SMB,laptop,5,1704.15,8520.75,unknown,N/A,N/A,ERP
C12619, JUAN  Garcia,juan.garcia@example.com,3009934588,COLOMBIA,Bogotá,09/24/2026,45,Retail,Mouse,9,774.57,6971.13,PENDING,15/01/2026,5,ERP
C12620,Sofia Lopez,sofia.lopez@example.com,3007066590,COLOMBIA,Medellín,September 24 2026,23,Retail,Desk,9,121.29,1091.61,Active,15/01/2026,1,ERP
C12621, JUAN  Garcia,juan.garcia@example.com,,Colombia,Medellin,September 24 2026,39,RETAIL,Keyboard,6,253.68,1522.08,unknown,2026-01-15,5,ERP
C12622,Laura GARCIA,laura.garcia@example.com,+573008058237,Colombia,Bogotá,September 24 2026,39,Enterprise,laptop,2,298.65,597.3,ACTIVE,,4,ERP
C12623,Carlos Lopez,carlos.lopez@example.com,N/A,COLOMBIA,Bogota,2026-09-24,43,Retail,Monitor,6,571.28,3427.68,PENDING,N/A,2,ERP
C12624, JUAN  Perez,juan.perez@example.com,300-123-4588,N/A,Cali,not-a-date,62,SMB,laptop,10,1722.44,17224.4,Active,N/A,1,ERP
C12625,  Maria lopez  ,maria.lopez@example.com,300-123-4552,Colombia,CALI,not-a-date,76,enterprise,Chair,10,249.57,2495.7,inactive,,4,ERP
C12626, JUAN  Pérez,juan.pérez@example.com,,Colombia,Medellin,24/09/2026,51,enterprise,Monitor,10,130.11,1301.1,active,N/A,1,ERP
C12627, JUAN  Garcia,juan.garcia@example.com,+573009219617,Co,CALI,N/A,50,Retail,Chair,9,242.3,2180.7,pending,N/A,3,ERP
C12628,Luis Perez,luis.perez@example.com,300-123-4597,Colombia,Bogota,03/04/2026,53,Retail,Chair,7,694.74,4863.18,pending,,3,ERP
C12629,Sofia Garcia,sofia.garcia@example.com,300-123-4576,Colombia,Bogotá D.C.,N/A,69,Retail,Chair,10,386.31,3863.1,unknown,,N/A,ERP
C12630,Carlos GARCIA,carlos.garcia@example.com,300-123-4535,Colombia,Medellin,N/A,45,Enterprise,Desk,1,1104.03,1104.03,ACTIVE,15/01/2026,3,ERP
C12631,maria Perez,maria.perez@example.com,,N/A,Medellin,September 24 2026,33,enterprise,LAPTOP,5,1578.87,7894.35,pending,2026-01-15,3,ERP
C12632, JUAN  Garcia,juan.garcia@example.com,N/A,N/A,Cali,September 24 2026,37,enterprise,Laptop,10,1821.1,18211.0,active,,3,ERP
C12633,  Laura Lopez  ,laura.lopez@example.com,300-123-4584,COLOMBIA,Bogotá D.C.,2026/09/24,54,retail,laptop,-1,957.42,957.42,active,15/01/2026,2,ERP
C12634,maria Martinez,maria.martinez@example.com,+57 300 319 7618,N/A,MEDELLIN,September 24 2026,55,smb ,laptop,6,1336.4,8018.4,pending,2026-01-15,1,ERP
C12635,Ana Sanchez,ana.sanchez@example.com,,Unknown,Bogotá,not-a-date,37,enterprise,Desk,9,993.2,8938.8,ACTIVE,N/A,5,ERP
C12636, JUAN  Sanchez,juan.sanchez@example.com,N/A,colombia,Medellin,N/A,43,RETAIL,Keyboard,5,676.04,3380.2,active,N/A,4,ERP
C12637,Diego Garcia,diego.garcia@example.com,+57 300 126 2366,Co,bogota,2026-09-24,69,SMB,laptop,5,1982.91,9914.55,active,,5,ERP
C12638,Diego Lopez,diego.lopez@example.com,3008868053,Colombia,CALI,03/04/2026,21,RETAIL,Chair,2,144.85,289.7,unknown,N/A,5,ERP
C12639,Diego Sanchez,diego.sanchez@example.com,300-123-4545,COLOMBIA,Medellin,2026-09-24,76,retail,Laptop,8,145.89,1167.12,Active,N/A,4,ERP
C12640,Luis Sanchez,luis.sanchez@example.com,+573009000748,Co,CALI,24/09/2026,62,Enterprise,Keyboard,2,1904.93,3809.86,pending,15/01/2026,2,ERP
C12641,maria Perez,maria.perez@example.com,+57 300 931 4632,colombia,Bogota DC,09/24/2026,72,SMB,Desk,5,984.04,4920.2,unknown,15/01/2026,,ERP
C12642,Maria GARCIA,maria.garcia@example.com,+573009405210,COLOMBIA,Medellin,03/04/2026,70,Enterprise,Mouse,2,1277.96,2555.92,pending,,4,ERP
C12643,Maria Perez,maria.perez@example.com,300-123-4555,COLOMBIA,Medellin,03/04/2026,40,SMB,Chair,10,1243.02,12430.2,inactive,,4,ERP
C12644,Diego lopez,diego.lopez@example.com,N/A,colombia,Bogotá,2026/09/24,24,Enterprise,Keyboard,10,1571.3,15713.0,PENDING,15/01/2026,3,ERP
C12645,Ana Lopez,ana.lopez@example.com,+57 300 393 3182,COLOMBIA,Bogotá,September 24 2026,999,smb ,Keyboard,9,"$1,889.24",17003.16,inactive,,5,ERP
C12646,Juan Pérez,juan.pérez@example.com,N/A,COLOMBIA,Bogota,2026-09-24,47,enterprise,Monitor,1,923.07,923.07,active,,N/A,ERP
C12647,Ana Pérez,ana.pérez@example.com,3008210971,Colombia,BOGOTA,03/04/2026,64,smb ,laptop,5,1458.83,7294.15,Active,N/A,,ERP
C12648,Maria Pérez,maria.pérez@example.com,N/A,N/A,Medellín,24/09/2026,62,smb ,Laptop,7,652.08,4564.56,Active,2026-01-15,2,ERP
C12649, JUAN  Perez,juan.perez@example.com,+573007659076,Colombia,Bogotá,2026/09/24,35,smb ,Keyboard,10,1163.29,11632.9,inactive,2026-01-15,5,ERP
C12650,Laura Lopez,laura.lopez@example.com,+573003902574,Colombia,BOGOTA,N/A,31,SMB,laptop,5,1731.01,8655.05,Active,15/01/2026,1,ERP
C12651,Ana Garcia,ana.garcia@example.com,300-123-4595,COLOMBIA,BOGOTA,09/24/2026,42,enterprise,Keyboard,3,231.4,694.2,unknown,2026-01-15,3,ERP
C12652,  Juan GARCIA  ,juan.garcia@example.com,+573003199838,Colombia,Medellín,not-a-date,63,RETAIL,laptop,5,569.95,2849.75,Active,2026-01-15,,ERP
C12653,CARLOS Martinez,carlos.martinez@example.com,300-123-4518,Unknown,Barranquilla,03/04/2026,40,retail,Chair,1,902.23,902.23,pending,N/A,N/A,ERP
C12654,Diego Garcia,diego.garcia@example.com,+57 300 796 6576,Co,Cartagena,2026/09/24,77,retail,Chair,8,93.41,747.28,inactive,N/A,4,ERP
C12655,Laura Martinez,laura.martinez@example.com,3003995078,Unknown,Cartagena,September 24 2026,31,SMB,Mouse,8,983.88,7871.04,pending,N/A,2,ERP
C12656,maria Sanchez,maria.sanchez@example.com,+57 300 274 9384,COLOMBIA,Medellín,N/A,67,Enterprise,Laptop,7,1253.59,-8775.13,inactive,N/A,3,ERP
C12657, JUAN  Garcia,juan.garcia@example.com,3003604828,Colombia,Medellin,September 24 2026,32,SMB,LAPTOP,1,1038.91,1038.91,unknown,,4,ERP
C12658,Ana Lopez,ana.lopez@example.com,,Unknown,Medellin,24/09/2026,48,RETAIL,LAPTOP,5,845.06,4225.3,inactive,,5,ERP
C12659,maria Sanchez,maria.sanchez@example.com,+573005946582,Colombia,Barranquilla,24/09/2026,51,retail,Chair,3,258.62,775.86,ACTIVE,N/A,3,ERP
C12660,CARLOS lopez,carlos.lopez@example.com,+57 300 222 9886,Co,CALI,not-a-date,64,retail,Monitor,5,1396.88,6984.4,pending,2026-01-15,,ERP
C12661, JUAN  Lopez,juan.lopez@example.com,,colombia,Bogotá,03/04/2026,69,SMB,Desk,1,658.68,658.68,ACTIVE,2026-01-15,,ERP
C12662,CARLOS Sanchez,carlos.sanchez@example.com,N/A,COLOMBIA,Bogota,24/09/2026,31,Enterprise,LAPTOP,8,922.84,7382.72,active,15/01/2026,N/A,ERP
C12663,Carlos Perez,carlos.perez@example.com,N/A,N/A,Bogotá D.C.,not-a-date,58,RETAIL,LAPTOP,10,175.1,1751.0,ACTIVE,15/01/2026,1,ERP
C12664,Sofia Pérez,sofia.pérez@example.com,+573009603843,COLOMBIA,MEDELLIN,03/04/2026,67,smb ,Monitor,3,1204.54,3613.62,ACTIVE,N/A,,ERP
C12665,Luis Lopez,user@@example.com,+57 300 846 9224,N/A,Medellin,N/A,29,SMB,Mouse,10,484.25,4842.5,Active,2026-01-15,2,ERP
C12666,Juan Perez,juan.perez@example.com,3006973743,COLOMBIA,Cartagena,not-a-date,26,enterprise,Chair,6,247.61,1485.66,Active,,4,ERP
C12667,Luis lopez,luis.lopez@example.com,300-123-4576,COLOMBIA,BOGOTA,2026/09/24,60,smb ,laptop,3,1027.61,3082.83,pending,2026-01-15,N/A,ERP
C12668, JUAN  GARCIA,juan.garcia@example.com,,Colombia,BOGOTA,09/24/2026,25,RETAIL,laptop,8,"840,45",6723.6,inactive,,1,ERP
C12669,maria Sanchez,maria.sanchez@example.com,N/A,colombia,Cartagena,09/24/2026,48,RETAIL,Chair,5,N/A,9970.1,active,N/A,1,ERP
C12670,Sofia Pérez,sofia.pérez@example.com,,colombia,Bogotá,September 24 2026,64,Retail,Chair,2,137.04,274.08,PENDING,N/A,5,ERP
C12671,Sofia Garcia,sofia.garcia@example.com,N/A,Co,Bogota,not-a-date,54,SMB,Laptop,8,1809.28,14474.24,inactive,,,ERP
C12672,Juan GARCIA,juan.garcia@example.com,+573005861443,Unknown,Bogota,2026-09-24,24,RETAIL,Mouse,4,"$1,462.76",5851.04,pending,,5,ERP
C12673,Ana Pérez,ana.pérez@example.com,+573008268680,colombia,Medellin,2026/09/24,75,SMB,LAPTOP,3,1305.62,3916.86,unknown,2026-01-15,,ERP
C12674,Diego Pérez,diego.pérez@example.com,3008914176,Co,MEDELLIN,2026/09/24,72,SMB,Keyboard,10,1006.2,10062.0,inactive,N/A,1,ERP
C12675,maria Martinez,maria.martinez@example.com,,Co,CALI,September 24 2026,33,SMB,Keyboard,5,1639.25,8196.25,ACTIVE,2026-01-15,4,ERP
C12676, JUAN  Sanchez,juan.sanchez@example.com,300-123-4571,Colombia,Bogotá,09/24/2026,25,Retail,Mouse,5,1650.11,8250.55,inactive,,4,ERP
C12677,maria Garcia,maria.garcia@example.com,N/A,COLOMBIA,BOGOTA,2026/09/24,21,smb ,LAPTOP,1,16.5,16.5,ACTIVE,N/A,4,ERP
C12678,Laura Lopez,laura.lopez@example.com,+57 300 811 2053,Colombia,Bogotá D.C.,03/04/2026,54,smb ,Chair,3,1797.8,5393.4,Active,N/A,N/A,ERP
C12679,  Juan Perez  ,juan.perez@example.com,,Colombia,Cartagena,not-a-date,68,RETAIL,Mouse,4,896.14,3584.56,ACTIVE,15/01/2026,3,ERP
C12680, JUAN  Garcia,juan.garcia@example.com,,COLOMBIA,Barranquilla,2026-09-24,72,smb ,Mouse,10,481.32,4813.2,unknown,15/01/2026,4,ERP
C12681,CARLOS Pérez,carlos.pérez@example.com,+573002917861,colombia,Cali,N/A,60,Enterprise,laptop,5,"88,26",441.3,active,15/01/2026,5,ERP
C12682, JUAN  Lopez,juan.lopez@example.com,+57 300 868 1769,colombia,Bogota DC,2026-09-24,38,retail,Desk,10,1785.13,17851.3,inactive,N/A,4,ERP
C12683,maria GARCIA,maria.garcia@example.com,+57 300 960 7115,colombia,MEDELLIN,N/A,75,Retail,Monitor,8,360.27,2882.16,inactive,15/01/2026,1,ERP
C12684,Carlos Garcia,carlos.garcia@example.com,300-123-4596,Co,MEDELLIN,2026/09/24,51,RETAIL,Keyboard,3,537.57,1612.71,ACTIVE,15/01/2026,4,ERP
C12685,Juan GARCIA,juan.garcia@example.com,N/A,COLOMBIA,Barranquilla,03/04/2026,22,enterprise,Monitor,4,72.81,291.24,inactive,15/01/2026,3,ERP
C12686,Sofia Perez,sofia.perez@example.com,300-123-4522,Colombia,Bogota,24/09/2026,77,Retail,Mouse,7,1435.24,10046.68,Active,,4,ERP
C12687,maria Perez,maria.perez@example.com,,Unknown,Bogota,03/04/2026,76,smb ,LAPTOP,7,1745.54,12218.78,PENDING,,5,ERP
C12688,CARLOS Garcia,?,null,colombia,,N/A,27,smb ,Chair,8,45.47,363.76,unknown,15/01/2026,4,ERP
C10001,Laura Martinez,laura.martinez@example.com,,COLOMBIA,Bogotá,2026/09/24,38,Enterprise,Desk,1,1579.37,1579.37,unknown,,,ERP
C12690,maria Lopez,maria.lopez@example.com,300-123-4521,Colombia,Bogotá,N/A,25,smb ,Chair,8,1174.22,9393.76,ACTIVE,15/01/2026,5,ERP
C12691,CARLOS Pérez,carlos.pérez@example.com,+57 300 352 4584,colombia,Bogota DC,September 24 2026,62,SMB,Chair,7,1113.22,7792.54,pending,,1,ERP
C12692,CARLOS Pérez,carlos.pérez@example.com,+57 300 844 4925,Co,CALI,24/09/2026,77,SMB,laptop,7,571.43,4000.01,pending,2026-01-15,3,ERP
C12693, JUAN  Garcia,juan.garcia@example.com,3003491672,Co,Bogotá D.C.,2026-09-24,45,smb ,Mouse,2,$44.49,88.98,inactive,15/01/2026,N/A,ERP
C12694,Maria Lopez,maria.lopez@example.com,,Unknown,Medellín,September 24 2026,23,retail,Laptop,2,"$1,430.81",2861.62,active,15/01/2026,N/A,ERP
C12695,Diego Perez,diego.perez@example.com,3008447225,Unknown,Cali,24/09/2026,47,smb ,Keyboard,8,1900.46,15203.68,ACTIVE,2026-01-15,2,ERP
C12696,Juan lopez,juan.lopez@example.com,300-123-4573,COLOMBIA,Bogotá D.C.,09/24/2026,34,smb ,Keyboard,2,"480,9",961.8,unknown,N/A,2,ERP
C12697,Carlos Pérez,carlos.pérez@example.com,3004943526,COLOMBIA,Medellin,September 24 2026,40,Retail,Mouse,9,1714.96,15434.64,active,2026-01-15,1,ERP
C12698,Maria Martinez,maria.martinez@example.com,3008874782,Colombia,MEDELLIN,24/09/2026,65,enterprise,Laptop,4,747.16,2988.64,pending,2026-01-15,5,ERP
C12699,Ana Perez,ana.perez@example.com,,colombia,Bogota,not-a-date,70,smb ,LAPTOP,9,1213.39,10920.51,pending,2026-01-15,5,ERP
C12700,Diego Garcia,diego.garcia@example.com,N/A,N/A,Cali,N/A,33,Enterprise,Laptop,6,1126.51,6759.06,inactive,,4,ERP
C12701, JUAN  lopez,juan.lopez@example.com,3005383337,Colombia,bogota,09/24/2026,59,enterprise,Laptop,10,1970.19,19701.9,unknown,,4,ERP
C12702,Sofia Sanchez,sofia.sanchez@example.com,300-123-4548,Unknown,Medellin,24/09/2026,42,RETAIL,Chair,9,1631.65,14684.85,inactive,N/A,N/A,ERP
C12703, JUAN  Garcia,juan.garcia@example.com,+573006710690,COLOMBIA,CALI,September 24 2026,33,Enterprise,Laptop,10,1687.17,16871.7,pending,N/A,N/A,ERP
C12704,Maria Garcia,maria.garcia@example.com,+573002457555,Colombia,Bogota,03/04/2026,60,Enterprise,Laptop,6,543.57,3261.42,inactive,,1,ERP
C12705,Maria Sanchez,maria.sanchez@example.com,300-123-4511,Unknown,CALI,03/04/2026,76,RETAIL,Keyboard,6,355.51,2133.06,Active,2026-01-15,4,ERP
C12706,Juan Sanchez,juan.sanchez@example.com,+57 300 394 9746,N/A,Bogota,not-a-date,49,enterprise,Desk,8,887.97,7103.76,Active,2026-01-15,N/A,ERP
C12707,Juan Martinez,juan.martinez@example.com,300-123-4545,N/A,CALI,2026-09-24,46,smb ,Mouse,5,N/A,3009.55,Active,2026-01-15,2,ERP
C12708,Luis Martinez,luis.martinez@example.com,300-123-4589,Colombia,Bogota DC,24/09/2026,62,SMB,Monitor,9,718.8,6469.2,unknown,2026-01-15,2,ERP
C12709,Diego Martinez,diego.martinez@example.com,+573009727172,Unknown,Medellin,24/09/2026,48,Enterprise,LAPTOP,9,"290,66",2615.94,inactive,2026-01-15,2,ERP
C12710,Diego Martinez,DIEGO.MARTINEZ@EXAMPLE.COM,300-123-4582,N/A,Bogotá,24/09/2026,69,smb ,Mouse,5,1822.77,9113.85,unknown,N/A,1,ERP
C12711,maria Sanchez,maria.sanchez@example.com,3008833048,COLOMBIA,Bogotá D.C.,not-a-date,35,Enterprise,Mouse,10,473.7,4737.0,unknown,15/01/2026,4,ERP
C12712,Luis Pérez,luis.pérez@example.com,,colombia,Medellin,09/24/2026,65,Enterprise,laptop,4,1379.2,5516.8,PENDING,15/01/2026,2,ERP
C12713,Maria Pérez,maria.pérez@example.com,N/A,Colombia,BOGOTA,03/04/2026,61,Enterprise,Keyboard,8,1879.9,15039.2,Active,,2,ERP
C12714,Ana Pérez,ana.pérez@example.com,300-123-4574,Colombia,Cartagena,09/24/2026,46,SMB,Desk,6,1442.16,8652.96,pending,2026-01-15,N/A,ERP
C12715, JUAN  Pérez,juan.pérez@example.com,300-123-4597,Unknown,MEDELLIN,2026-09-24,54,enterprise,Laptop,10,382.71,3827.1,PENDING,,,ERP
C12716,maria lopez,maria.lopez@example.com,,colombia,Bogotá D.C.,September 24 2026,54,Retail,Mouse,4,1402.11,5608.44,active,,5,ERP
C12717,Sofia Lopez,sofia.lopez@example.com,+573005796746,COLOMBIA,CALI,2026-09-24,44,Enterprise,Desk,4,1680.93,6723.72,PENDING,N/A,5,ERP
C12718, JUAN  Sanchez,juan.sanchez@example.com,300-123-4543,Colombia,Bogotá D.C.,September 24 2026,36,smb ,LAPTOP,1,1989.49,1989.49,unknown,,N/A,ERP
C12719,Luis Martinez,luis.martinez@example.com,,Unknown,CALI,N/A,35,RETAIL,Mouse,9,N/A,5396.13,PENDING,15/01/2026,4,ERP
C12720,Sofia Garcia,sofia.garcia@example.com,,colombia,CALI,2026-09-24,52,SMB,laptop,1,20.94,20.94,Active,15/01/2026,,ERP
C12721,Ana lopez,ana.lopez@example.com,,colombia,Cartagena,N/A,44,smb ,Laptop,3,469.29,1407.87,active,15/01/2026,N/A,ERP
C12722, JUAN  Lopez,juan.lopez@example.com,,COLOMBIA,Bogota,September 24 2026,42,smb ,Chair,1,642.32,642.32,ACTIVE,,1,ERP
C12723,Sofia Garcia,sofia.garcia@example.com,3003854637,colombia,Cali,09/24/2026,60,enterprise,LAPTOP,3,"$1,158.46",3475.38,PENDING,2026-01-15,5,ERP
C12724,Sofia Garcia,sofia.garcia@example.com,+57 300 339 6192,N/A,bogota,03/04/2026,63,Retail,Laptop,10,"$1,697.80",16978.0,ACTIVE,15/01/2026,5,ERP
C12725,Laura Sanchez,laura.sanchez@example.com,3002489849,Co,Medellin,N/A,58,retail,Laptop,2,1241.87,2483.74,PENDING,2026-01-15,1,ERP
C12726,maria Garcia,maria.garcia@example.com,+57 300 314 2867,Co,Bogotá D.C.,09/24/2026,60,SMB,Monitor,1,1924.47,1924.47,inactive,2026-01-15,2,ERP
C12727,CARLOS Perez,carlos.perez@example.com,+573004195492,N/A,CALI,09/24/2026,27,RETAIL,Chair,10,1223.7,12237.0,ACTIVE,2026-01-15,4,ERP
C12728,Laura Garcia,laura.garcia@example.com,+573008783234,N/A,Barranquilla,September 24 2026,69,retail,Keyboard,1,53.25,53.25,unknown,15/01/2026,N/A,ERP
C12729,maria lopez,maria.lopez@example.com,N/A,Unknown,Barranquilla,09/24/2026,48,RETAIL,Keyboard,7,1152.98,8070.86,active,15/01/2026,3,ERP
C12730,Juan Lopez,juan.lopez@example.com,,Colombia,Bogotá D.C.,2026-09-24,21,RETAIL,LAPTOP,7,268.7,1880.9,PENDING,,4,ERP
C12731, JUAN  Garcia,juan.garcia@example.com,300-123-4588,COLOMBIA,Bogota DC,September 24 2026,61,retail,Mouse,8,256.47,2051.76,pending,15/01/2026,3,ERP
C12732,Ana Perez,ana.perez@example.com,3009473850,COLOMBIA,Bogota DC,03/04/2026,31,enterprise,Laptop,3,1885.58,5656.74,Active,,3,ERP
C12733,Luis Perez,luis.perez@example.com,300-123-4584,N/A,Bogota,2026/09/24,65,enterprise,Monitor,4,1543.37,6173.48,ACTIVE,15/01/2026,3,ERP
C12734,Sofia Sanchez,sofia.sanchez@example.com,300-123-4522,Unknown,CALI,September 24 2026,74,enterprise,Monitor,5,1171.5,5857.5,PENDING,15/01/2026,5,ERP
C12735,Laura Sanchez,laura.sanchez@example.com,N/A,Colombia,Medellin,not-a-date,72,retail,LAPTOP,6,1931.67,11590.02,pending,N/A,N/A,ERP
C12736,Maria Perez,maria.perez@example.com,+57 300 837 3634,Co,Bogota DC,24/09/2026,25,smb ,Monitor,9,1752.23,15770.07,inactive,,2,ERP
C12737,CARLOS GARCIA,,+57 300 402 4167,Co,Barranquilla,24/09/2026,23,Enterprise,Mouse,-1,1675.65,1675.65,ACTIVE,N/A,5,ERP
C12738,Carlos Martinez,carlos.martinez@example.com,+573008961878,Co,Medellin,not-a-date,62,RETAIL,Laptop,7,1640.26,11481.82,inactive,N/A,2,ERP
C12739,Ana GARCIA,ana.garcia@example.com,300-123-4517,colombia,Bogotá D.C.,not-a-date,54,RETAIL,Mouse,8,1202.36,9618.88,inactive,15/01/2026,5,ERP
C12740,Carlos Pérez,carlos.pérez@example.com,+573009332170,Colombia,Medellín,2026-09-24,46,enterprise,Chair,5,1476.36,7381.8,inactive,2026-01-15,4,ERP
C12741,CARLOS Perez,carlos.perez@example.com,,Colombia,MEDELLIN,2026-09-24,67,smb ,Keyboard,7,1616.59,11316.13,inactive,,3,ERP
C12742, JUAN  lopez,juan.lopez@example.com,300-123-4549,colombia,bogota,not-a-date,69,Enterprise,laptop,4,1754.17,7016.68,pending,,N/A,ERP
C12743,Carlos Garcia,carlos.garcia@example.com,3008302196,COLOMBIA,Barranquilla,September 24 2026,56,Enterprise,Chair,1,1807.38,1807.38,active,,3,ERP
C12744,Laura GARCIA,laura.garcia@example.com,+57 300 861 8693,N/A,Medellín,2026/09/24,75,retail,Keyboard,7,1429.62,10007.34,PENDING,N/A,3,ERP
C12745,maria Garcia,maria.garcia@example.com,N/A,Unknown,CALI,September 24 2026,58,smb ,Laptop,10,1841.44,18414.4,inactive,15/01/2026,1,ERP
C12746,Ana Martinez,ana.martinez@example.com,3009108453,Unknown,Medellin,2026-09-24,70,SMB,LAPTOP,1,663.1,663.1,ACTIVE,,5,ERP
C12747, JUAN  Pérez,juan.pérez@example.com,N/A,Colombia,Medellin,2026/09/24,46,Retail,Chair,9,1115.05,10035.45,inactive,N/A,N/A,ERP
C12748,CARLOS Garcia,missing@,N/A,COLOMBIA,MEDELLIN,2026/09/24,77,SMB,Keyboard,1,"$1,034.72",1034.72,unknown,,N/A,ERP
C12749,Juan Lopez,juan.lopez@example.com,N/A,Unknown,Barranquilla,2026/09/24,56,smb ,Laptop,8,467.58,3740.64,ACTIVE,N/A,,ERP
C12750,Laura Martinez,laura.martinez@example.com,+573007640636,colombia,Bogota,September 24 2026,62,RETAIL,laptop,8,349.16,2793.28,Active,,5,ERP
C12751,Maria GARCIA,maria.garcia@example.com,3004834929,Colombia,Barranquilla,03/04/2026,30,SMB,Laptop,4,1124.16,4496.64,unknown,,1,ERP
C12752,Sofia Perez,sofia.perez@example.com,3008187472,colombia,Bogota,N/A,30,RETAIL,Desk,7,1707.45,11952.15,ACTIVE,2026-01-15,5,ERP
C12753,Carlos Garcia,carlos.garcia@example.com,N/A,Colombia,CALI,03/04/2026,46,smb ,Laptop,9,292.62,2633.58,inactive,15/01/2026,4,ERP
C12754,CARLOS Perez,,+573008317548,Co,Barranquilla,N/A,34,SMB,laptop,6,1176.35,7058.1,unknown,2026-01-15,3,ERP
C12755,CARLOS GARCIA,carlos.garcia@example.com,,Colombia,MEDELLIN,N/A,28,Retail,Chair,3,463.73,1391.19,pending,15/01/2026,1,ERP
C12756,  Ana Pérez  ,ana.pérez@example.com,N/A,N/A,Medellin,24/09/2026,64,enterprise,Mouse,9,556.36,5007.24,pending,2026-01-15,2,ERP
C12757,Maria Garcia,maria.garcia@example.com,300-123-4577,Colombia,Bogota,09/24/2026,32,SMB,Desk,5,1873.91,9369.55,Active,15/01/2026,4,ERP
C12758,Juan Martinez,juan.martinez@example.com,3005876051,COLOMBIA,bogota,03/04/2026,50,enterprise,Mouse,1,1706.17,1706.17,ACTIVE,N/A,N/A,ERP
C12759, JUAN  lopez,juan.lopez@example.com,+573001751579,Colombia,MEDELLIN,24/09/2026,61,Retail,Desk,10,535.34,107068.0,ACTIVE,,,ERP
C12760,Ana Martinez,ana.martinez@example.com,+57 300 665 6909,N/A,MEDELLIN,03/04/2026,79,SMB,Keyboard,5,89.25,446.25,PENDING,N/A,2,ERP
C12761,CARLOS Martinez,carlos.martinez@example.com,+573007895326,COLOMBIA,CALI,N/A,46,SMB,Keyboard,2,1380.61,2761.22,ACTIVE,2026-01-15,3,ERP
C12762,Carlos Lopez,carlos.lopez@example.com,300-123-4581,Unknown,Medellin,N/A,34,smb ,Keyboard,3,1018.32,3054.96,unknown,,4,ERP
C12763,Maria Sanchez,maria.sanchez@example.com,,colombia,bogota,not-a-date,49,Enterprise,LAPTOP,8,1930.04,15440.32,unknown,,3,ERP
C12764,Diego Martinez,user@@example.com,+573006653954,Colombia,CALI,09/24/2026,48,SMB,LAPTOP,7,1804.02,12628.14,ACTIVE,2026-01-15,3,ERP
C12765, JUAN  GARCIA,juan.garcia@example.com,,Unknown,Cali,not-a-date,24,SMB,Laptop,6,1192.73,7156.38,pending,15/01/2026,2,ERP
C12766,Ana lopez,ana.lopez@example.com,,colombia,Barranquilla,09/24/2026,56,smb ,Desk,5,1986.78,9933.9,ACTIVE,N/A,5,ERP
C12767,Maria Garcia,maria.garcia@example.com,+57 300 499 8310,Unknown,Cartagena,September 24 2026,25,Enterprise,LAPTOP,8,1670.42,13363.36,PENDING,2026-01-15,N/A,ERP
C12768,Laura GARCIA,laura.garcia@example.com,,N/A,MEDELLIN,September 24 2026,35,SMB,Desk,5,269.9,1349.5,ACTIVE,N/A,N/A,ERP
C12769,CARLOS Martinez,carlos.martinez@example.com,+57 300 971 9340,Co,Bogota DC,03/04/2026,37,retail,Chair,6,1847.95,11087.7,inactive,,5,ERP
C12770, JUAN  Garcia,juan.garcia@example.com,3003182864,COLOMBIA,Bogotá D.C.,24/09/2026,65,enterprise,Laptop,8,1607.92,12863.36,unknown,N/A,2,ERP
C12771,Juan Sanchez,juan.sanchez@example.com,300-123-4550,Colombia,Cartagena,24/09/2026,60,RETAIL,LAPTOP,5,1425.93,7129.65,PENDING,15/01/2026,5,ERP
C12772,Laura Perez,laura.perez@example.com,3005797780,N/A,Bogota,09/24/2026,75,Enterprise,Chair,3,711.97,2135.91,ACTIVE,15/01/2026,3,ERP
C12773,Sofia GARCIA,sofia.garcia@example.com,+57 300 530 9116,COLOMBIA,BOGOTA,03/04/2026,46,enterprise,LAPTOP,1,1830.71,1830.71,ACTIVE,,,ERP
C12774,Laura Sanchez,laura.sanchez@example.com,,COLOMBIA,MEDELLIN,03/04/2026,43,enterprise,laptop,2,950.14,1900.28,pending,2026-01-15,N/A,ERP
C12775,Diego Lopez,diego.lopez@example.com,300-123-4592,Colombia,Bogotá D.C.,2026-09-24,22,Enterprise,laptop,8,1717.47,13739.76,unknown,2026-01-15,5,ERP
C12776,Luis Perez,luis.perez@example.com,3006690937,colombia,Cali,2026/09/24,75,Retail,Laptop,1,1867.75,1867.75,Active,,,ERP
C12777,Laura Sanchez,laura.sanchez@example.com,3008484757,N/A,Barranquilla,03/04/2026,25,retail,LAPTOP,5,1999.03,9995.15,inactive,,4,ERP
C12778,maria Lopez,maria.lopez@example.com,+57 300 153 2538,Unknown,Bogota,24/09/2026,34,retail,laptop,8,71.95,575.6,pending,2026-01-15,4,ERP
C12779, JUAN  Pérez,juan.pérez@example.com,300-123-4596,Unknown,MEDELLIN,03/04/2026,33,Enterprise,laptop,5,1837.83,9189.15,PENDING,2026-01-15,2,ERP
C12780,Ana Garcia,ana.garcia@example.com,3009703947,COLOMBIA,Bogota,03/04/2026,57,smb ,Monitor,8,194.42,1555.36,PENDING,N/A,3,ERP
C12781,Laura Pérez,laura.pérez@example.com,+57 300 215 4300,Unknown,Medellín,24/09/2026,68,enterprise,Chair,5,1898.67,9493.35,inactive,,,ERP
C12782,Sofia Martinez,sofia.martinez@example.com,300-123-4553,Co,bogota,03/04/2026,56,RETAIL,Keyboard,8,468.18,3745.44,ACTIVE,15/01/2026,5,ERP
C12783,Laura Garcia,laura.garcia@example.com,,COLOMBIA,Barranquilla,03/04/2026,75,Retail,LAPTOP,10,"$1,751.61",17516.1,pending,15/01/2026,4,ERP
C12784,Juan Pérez,juan.pérez@example.com,+573008302818,Co,Cali,September 24 2026,20,retail,Keyboard,8,1153.72,9229.76,inactive,,1,ERP
C12785,Juan Pérez,juan.pérez@example.com,,Co,Cartagena,2026/09/24,37,Retail,Mouse,10,"61,05",610.5,ACTIVE,2026-01-15,4,ERP
C12786,CARLOS Lopez, user@EXAMPLE.COM ,N/A,Co,Barranquilla,24/09/2026,24,RETAIL,Laptop,2,1244.0,2488.0,pending,,5,ERP
C12787, JUAN  Sanchez,juan.sanchez@example.com,,Co,Bogota,September 24 2026,72,Retail,Desk,2,436.97,873.94,ACTIVE,,,ERP
C12788,Maria GARCIA,maria.garcia@example.com,N/A,Co,MEDELLIN,03/04/2026,61,Enterprise,laptop,9,382.35,3441.15,inactive,N/A,3,ERP
C12789, JUAN  Sanchez,juan.sanchez@example.com,3001621003,Colombia,Cali,September 24 2026,19,SMB,Keyboard,7,845.89,5921.23,PENDING,,1,ERP
C12790,Juan Lopez,juan.lopez@example.com,,Colombia,Bogota DC,2026-09-24,18,Retail,LAPTOP,5,1745.47,8727.35,Active,15/01/2026,N/A,ERP
C12791,Diego Pérez,diego.pérez@example.com,,N/A,BOGOTA,2026-09-24,59,retail,Monitor,8,854.2,6833.6,Active,N/A,4,ERP
C12792,Juan Perez,juan.perez@example.com,300-123-4512,COLOMBIA,bogota,September 24 2026,31,smb ,laptop,9,1869.38,16824.42,active,,1,ERP
C12793,Juan lopez,juan.lopez@example.com,N/A,Colombia,Barranquilla,03/04/2026,76,Retail,Monitor,2,1450.27,2900.54,active,2026-01-15,N/A,ERP
C12794,Luis Garcia,luis.garcia@example.com,3001999878,colombia,MEDELLIN,2026-09-24,75,Retail,Desk,6,1047.38,6284.28,pending,,5,ERP
C12795,Maria Sanchez,maria.sanchez@example.com,+57 300 210 2527,Colombia,Cali,not-a-date,37,RETAIL,Mouse,7,1008.36,7058.52,unknown,2026-01-15,3,ERP
C12796, JUAN  Martinez,juan.martinez@example.com,300-123-4539,COLOMBIA,Bogota,2026/09/24,65,smb ,laptop,8,1239.16,9913.28,inactive,,5,ERP
C12797,Ana Pérez,ana.pérez@example.com,,Co,Medellín,N/A,60,RETAIL,Desk,6,155.39,932.34,inactive,2026-01-15,4,ERP
C12798,Carlos lopez,carlos.lopez@example.com,3002734987,COLOMBIA,Cali,09/24/2026,67,smb ,Desk,4,421.44,1685.76,pending,2026-01-15,1,ERP
C12799,Juan lopez,juan.lopez@example.com,+57 300 674 7293,COLOMBIA,Bogotá D.C.,24/09/2026,21,retail,Keyboard,6,1431.12,8586.72,ACTIVE,N/A,4,ERP
C12800,maria Lopez,maria.lopez@example.com,,COLOMBIA,Bogota DC,2026/09/24,51,retail,LAPTOP,4,1847.56,7390.24,inactive,2026-01-15,4,ERP
C12801,Laura lopez,laura.lopez@example.com,+57 300 732 7743,Unknown,Medellín,N/A,23,SMB,Desk,2,1936.52,3873.04,PENDING,2026-01-15,N/A,ERP
C12802, JUAN  Lopez,juan.lopez@example.com,+573008918087,N/A,Medellin,2026/09/24,53,SMB,Chair,1,20.64,20.64,active,,3,ERP
C12803,Juan GARCIA,missing@,N/A,colombia,Bogotá D.C.,24/09/2026,67,smb ,laptop,8,1280.03,10240.24,inactive,2026-01-15,N/A,ERP
C12804,Maria lopez,maria.lopez@example.com,+57 300 610 8215,Co,Bogota,not-a-date,39,RETAIL,Monitor,4,240.63,962.52,PENDING,N/A,,ERP
C12805,Sofia Perez,sofia.perez@example.com,+57 300 898 8369,Co,Bogotá D.C.,2026-09-24,72,enterprise,Mouse,7,444.31,3110.17,pending,2026-01-15,2,ERP
C12806,Diego Lopez,diego.lopez@example.com,300-123-4528,N/A,Medellín,N/A,77,Retail,Chair,1,1846.12,1846.12,pending,N/A,,ERP
C12807,Laura Lopez,laura.lopez@example.com,N/A,Colombia,Bogota,03/04/2026,46,SMB,laptop,10,1395.64,13956.4,unknown,2026-01-15,4,ERP
C12808, JUAN  Martinez,juan.martinez@example.com,,Co,Medellin,24/09/2026,30,Retail,Chair,7,229.8,1608.6,active,15/01/2026,N/A,ERP
C12809,Laura Garcia,laura.garcia@example.com,+573006774724,Unknown,BOGOTA,2026/09/24,54,RETAIL,Keyboard,2,962.54,1925.08,ACTIVE,2026-01-15,2,ERP
C12810,Luis Perez,luis.perez@example.com,300-123-4575,Unknown,Medellin,September 24 2026,46,smb ,Mouse,6,762.04,4572.24,Active,2026-01-15,1,ERP
C12811,Juan lopez,juan.lopez@example.com,300-123-4539,COLOMBIA,Cali,09/24/2026,18,Enterprise,Chair,3,1626.76,4880.28,active,15/01/2026,5,ERP
C12812,CARLOS Martinez,carlos.martinez@example.com,+57 300 585 7251,Colombia,MEDELLIN,03/04/2026,19,retail,Chair,9,271.95,2447.55,ACTIVE,,2,ERP
C12813,Carlos lopez,N/A,300-123-4555,COLOMBIA,Cali,September 24 2026,41,Enterprise,Mouse,1,1276.31,1276.31,inactive,,3,ERP
C12814,Sofia GARCIA,sofia.garcia@example.com,N/A,N/A,BOGOTA,09/24/2026,64,Retail,laptop,7,608.64,4260.48,Active,2026-01-15,5,ERP
C12815,Diego Martinez,diego.martinez@example.com,300-123-4583,COLOMBIA,Bogota,24/09/2026,45,smb ,Mouse,3,42.55,127.65,Active,15/01/2026,4,ERP
C12816,Diego Sanchez,diego.sanchez@example.com,300-123-4570,COLOMBIA,Cali,03/04/2026,35,smb ,Chair,4,586.87,2347.48,pending,N/A,3,ERP
C12817,Laura Lopez,laura.lopez@example.com,+57 300 143 5268,N/A,MEDELLIN,2026/09/24,48,retail,Chair,8,1963.78,15710.24,Active,15/01/2026,,ERP
C12818,Carlos Sanchez,carlos.sanchez@example.com,300-123-4544,Unknown,bogota,2026-09-24,78,RETAIL,LAPTOP,1,471.59,471.59,Active,,5,ERP
C12819,CARLOS lopez,carlos.lopez@example.com,N/A,Unknown,Cartagena,2026/09/24,54,SMB,Keyboard,10,966.04,9660.4,pending,2026-01-15,2,ERP
C12820,Luis GARCIA,luis.garcia@example.com,+57 300 889 2888,colombia,MEDELLIN,2026/09/24,71,Retail,Laptop,5,$100.86,504.3,unknown,,N/A,ERP
C12821,Diego Martinez,,N/A,Colombia,Medellín,03/04/2026,26,RETAIL,LAPTOP,2,620.37,1240.74,unknown,2026-01-15,3,ERP
C12822,Juan Perez,juan.perez@example.com,N/A,N/A,MEDELLIN,N/A,25,retail,LAPTOP,3,"1884,59",5653.77,pending,15/01/2026,1,ERP
C12823,Carlos Martinez,carlos.martinez@example.com,300-123-4517,Co,Bogota,September 24 2026,34,SMB,Mouse,3,1077.82,3233.46,ACTIVE,,4,ERP
C12824,Laura Lopez,laura.lopez@example.com,3009073715,Colombia,Cartagena,09/24/2026,75,SMB,Mouse,8,1729.95,13839.6,Active,,2,ERP
C12825,Carlos lopez,carlos.lopez@example.com,,N/A,Barranquilla,24/09/2026,35,enterprise,LAPTOP,2,445.74,891.48,ACTIVE,2026-01-15,N/A,ERP
C12826,CARLOS Lopez,carlos.lopez@example.com,300-123-4587,Unknown,bogota,2026-09-24,41,enterprise,Mouse,9,463.43,4170.87,inactive,2026-01-15,4,ERP
C12827,Laura Pérez,laura.pérez@example.com,+573006229136,colombia,Cartagena,09/24/2026,64,RETAIL,Mouse,10,931.9,9319.0,Active,15/01/2026,4,ERP
C12828,CARLOS Pérez,carlos.pérez@example.com,3009264173,COLOMBIA,Medellin,not-a-date,80,SMB,Chair,2,1818.0,3636.0,inactive,N/A,3,ERP
C12829,Laura Perez,laura.perez@example.com,,Colombia,Bogotá,03/04/2026,23,retail,Monitor,4,1580.64,6322.56,unknown,N/A,5,ERP
C12830,Luis Garcia,LUIS.GARCIA@EXAMPLE.COM,3005368427,Unknown,bogota,N/A,46,smb ,LAPTOP,3,1327.09,3981.27,PENDING,15/01/2026,4,ERP
C12831,Juan GARCIA,juan.garcia@example.com,300-123-4510,Co,MEDELLIN,N/A,19,Retail,LAPTOP,7,1092.43,7647.01,pending,N/A,5,ERP
C12832,Sofia Garcia,N/A,+573009825169,colombia,CALI,2026/09/24,18,SMB,LAPTOP,4,892.1,3568.4,active,,N/A,ERP
C12833,Maria Martinez,maria.martinez@example.com,3006417729,Colombia,Bogota DC,2026/09/24,33,Retail,Chair,7,"$1,932.81",13529.67,ACTIVE,2026-01-15,,ERP
C12834,CARLOS Sanchez,carlos.sanchez@example.com,N/A,Colombia,Barranquilla,09/24/2026,48,Retail,Keyboard,7,"113,04",791.28,unknown,,N/A,ERP
C12835,Ana Garcia,ana.garcia@example.com,+573002974619,colombia,MEDELLIN,2026/09/24,31,smb ,LAPTOP,9,1204.91,10844.19,Active,N/A,N/A,ERP
C12836,Diego Garcia,diego.garcia@example.com,3003487739,Unknown,Bogotá D.C.,2026-09-24,22,enterprise,Desk,2,1934.05,-3868.1,PENDING,,1,ERP
C12837,Luis Lopez,luis.lopez@example.com,3007801039,colombia,BOGOTA,2026/09/24,24,Enterprise,Monitor,1,626.82,626.82,PENDING,15/01/2026,,ERP
C12838,Ana Lopez,ana.lopez@example.com,300-123-4511,COLOMBIA,Bogotá D.C.,2026-09-24,78,enterprise,Mouse,3,1640.74,4922.22,active,N/A,4,ERP
C12839,CARLOS Sanchez,carlos.sanchez@example.com,+57 300 319 7802,Co,bogota,N/A,45,retail,Monitor,8,1569.08,12552.64,inactive,15/01/2026,3,ERP
C12840, JUAN  Sanchez,juan.sanchez@example.com,3008447704,N/A,BOGOTA,09/24/2026,68,retail,Monitor,9,21.75,195.75,pending,15/01/2026,4,ERP
C12841,Carlos Martinez,carlos.martinez@example.com,3004820076,Co,Cartagena,03/04/2026,44,RETAIL,Desk,1,1275.44,1275.44,inactive,,4,ERP
C12842,Juan GARCIA,juan.garcia@example.com,+573005329915,colombia,Barranquilla,September 24 2026,29,Retail,Chair,9,1989.85,17908.65,pending,2026-01-15,4,ERP
C12843,Luis GARCIA,luis.garcia@example.com,,COLOMBIA,Medellín,24/09/2026,53,smb ,Chair,2,1767.69,3535.38,PENDING,15/01/2026,5,ERP
C12844,Sofia lopez,sofia.lopez@example.com,,N/A,MEDELLIN,not-a-date,75,retail,Monitor,1,1908.29,1908.29,PENDING,N/A,3,ERP
C12845,Sofia lopez,sofia.lopez@example.com,+57 300 930 8408,Co,bogota,24/09/2026,30,SMB,Keyboard,7,730.47,5113.29,Active,15/01/2026,,ERP
C12846,Juan Sanchez,juan.sanchez@example.com,300-123-4593,Colombia,bogota,September 24 2026,58,SMB,Laptop,6,1652.78,9916.68,Active,2026-01-15,1,ERP
C12847,Luis Martinez,luis.martinez@example.com,+57 300 597 8596,COLOMBIA,Bogota,03/04/2026,26,smb ,Chair,6,369.18,2215.08,unknown,N/A,2,ERP
C12848,Laura Garcia,LAURA.GARCIA@EXAMPLE.COM,+573007144993,COLOMBIA,Bogotá,2026-09-24,65,Enterprise,Monitor,7,1785.96,12501.72,active,,2,ERP
C12849,Diego Pérez,diego.pérez@example.com,3009094625,Colombia,Bogota,N/A,68,enterprise,Monitor,5,297.45,1487.25,ACTIVE,2026-01-15,3,ERP
C12850,Juan GARCIA,juan.garcia@example.com,3007685258,Colombia,Medellin,September 24 2026,50,retail,Laptop,2,1776.03,3552.06,Active,,4,ERP
C12851,Diego Perez,diego.perez@example.com,300-123-4541,Co,Barranquilla,not-a-date,33,enterprise,Laptop,7,96.27,673.89,ACTIVE,2026-01-15,4,ERP
C12852,  CARLOS GARCIA  ,carlos.garcia@example.com,3002087383,Unknown,Barranquilla,09/24/2026,80,enterprise,LAPTOP,10,144.37,1443.7,inactive,,N/A,ERP
C12853,Carlos Lopez,carlos.lopez@example.com,+573002800224,Unknown,CALI,2026/09/24,64,Retail,Chair,1,N/A,1905.92,active,2026-01-15,4,ERP
C12854,maria Martinez,maria.martinez@example.com,+573007336625,COLOMBIA,Bogota DC,2026/09/24,38,smb ,laptop,3,544.86,1634.58,inactive,N/A,3,ERP
C12855,maria Sanchez,maria.sanchez@example.com,+57 300 436 3590,Co,CALI,2026/09/24,38,SMB,Laptop,10,831.24,8312.4,inactive,2026-01-15,1,ERP
C12856,CARLOS Garcia,carlos.garcia@example.com,N/A,Co,Bogota DC,2026-09-24,51,enterprise,Chair,3,1104.5,3313.5,unknown,,3,ERP
C12857,Juan Perez,juan.perez@example.com,300-123-4598,colombia,Bogotá D.C.,not-a-date,37,Enterprise,Chair,-1,1382.28,1382.28,Active,2026-01-15,3,ERP
C12858,Diego Pérez,diego.pérez@example.com,+57 300 168 7913,COLOMBIA,Medellin,2026/09/24,29,enterprise,Desk,2,1632.62,3265.24,pending,,3,ERP
C12859,Maria Martinez,maria.martinez@example.com,,Unknown,Bogotá,N/A,42,Enterprise,laptop,6,1922.72,11536.32,ACTIVE,15/01/2026,1,ERP
C12860,Maria Lopez,maria.lopez@example.com,+573009424687,colombia,Barranquilla,September 24 2026,22,RETAIL,Keyboard,4,1270.13,5080.52,inactive,2026-01-15,1,ERP
C12861,Laura Garcia,laura.garcia@example.com,+573004961925,COLOMBIA,Medellín,24/09/2026,28,smb ,Desk,10,1903.67,19036.7,PENDING,N/A,N/A,ERP
C12862,Juan Sanchez,juan.sanchez@example.com,,Unknown,Bogotá D.C.,September 24 2026,77,RETAIL,laptop,7,635.14,4445.98,Active,15/01/2026,,ERP
C12863,maria Martinez,maria.martinez@example.com,300-123-4510,Colombia,Cali,September 24 2026,36,retail,Laptop,2,1982.99,3965.98,unknown,2026-01-15,,ERP
C12864,Maria lopez,maria.lopez@example.com,3004306809,colombia,bogota,2026-09-24,70,enterprise,laptop,2,353.89,707.78,unknown,,5,ERP
C12865,Laura Pérez,laura.pérez@example.com,N/A,COLOMBIA,Bogota DC,03/04/2026,77,retail,Keyboard,10,867.39,8673.9,active,,1,ERP
C12866,Carlos GARCIA,carlos.garcia@example.com,300-123-4568,Colombia,MEDELLIN,not-a-date,38,Enterprise,laptop,10,1859.2,18592.0,ACTIVE,2026-01-15,,ERP
C12867,Carlos Garcia,carlos.garcia@example.com,,Co,Medellin,not-a-date,78,smb ,laptop,3,1167.77,3503.31,active,2026-01-15,5,ERP
C12868,Sofia lopez,SOFIA.LOPEZ@EXAMPLE.COM,3003631910,Co,bogota,03/04/2026,46,enterprise,Laptop,7,724.46,5071.22,Active,N/A,3,ERP
C12869,Maria Martinez,maria.martinez@example.com,,colombia,Bogota DC,2026-09-24,78,enterprise,Mouse,4,305.78,1223.12,active,,2,ERP
C12870,Maria Pérez,maria.pérez@example.com,,Co,Barranquilla,2026-09-24,70,Retail,Laptop,7,1371.35,9599.45,pending,,1,ERP
C12871,Carlos Perez,carlos.perez@example.com,+573008981604,Unknown,Medellin,not-a-date,56,Enterprise,LAPTOP,7,1318.23,9227.61,unknown,2026-01-15,2,ERP
C12872,  CARLOS Perez  ,carlos.perez@example.com,+573008810662,Unknown,BOGOTA,N/A,48,retail,Chair,1,669.13,669.13,pending,,2,ERP
C12873,Diego Garcia,diego.garcia@example.com,300-123-4556,colombia,Medellín,N/A,40,RETAIL,Desk,2,97.39,194.78,active,N/A,3,ERP
C12874, JUAN  Garcia,juan.garcia@example.com,N/A,Unknown,bogota,not-a-date,70,Enterprise,LAPTOP,5,"510,5",2552.5,ACTIVE,N/A,3,ERP
C12875,Sofia Lopez,sofia.lopez@example.com,3005603367,Unknown,Medellín,2026/09/24,20,Retail,Monitor,10,1444.82,14448.2,active,15/01/2026,1,ERP
C12876,Juan Lopez,juan.lopez@example.com,3002948550,Unknown,bogota,2026/09/24,61,enterprise,Mouse,1,N/A,1141.26,Active,2026-01-15,3,ERP
C12877,maria Pérez,maria.pérez@example.com,3008573934,Co,Medellin,N/A,74,retail,Desk,2,834.02,1668.04,ACTIVE,,N/A,ERP
C12878,Diego lopez,diego.lopez@example.com,N/A,N/A,MEDELLIN,2026-09-24,29,SMB,Keyboard,10,1886.44,18864.4,unknown,,4,ERP
C12879,Luis Lopez,luis.lopez@example.com,,Unknown,Medellin,09/24/2026,80,Enterprise,Keyboard,8,183.7,1469.6,ACTIVE,N/A,4,ERP
C12880,Luis Sanchez,luis.sanchez@example.com,+57 300 267 9788,Colombia,MEDELLIN,2026/09/24,30,RETAIL,Chair,3,478.78,1436.34,PENDING,,N/A,ERP
C12881,Laura Sanchez,laura.sanchez@example.com,300-123-4575,COLOMBIA,Barranquilla,2026/09/24,57,retail,Desk,8,1865.43,14923.44,inactive,2026-01-15,N/A,ERP
C12882,Maria Garcia,maria.garcia@example.com,,colombia,bogota,not-a-date,79,retail,Chair,7,1999.0,13993.0,Active,15/01/2026,N/A,ERP
C12883, JUAN  Garcia,juan.garcia@example.com,3002335002,Unknown,Medellin,24/09/2026,19,smb ,Desk,7,1598.16,11187.12,pending,,1,ERP
C12884,Diego Lopez,diego.lopez@example.com,3002075640,Co,Bogotá,24/09/2026,44,SMB,LAPTOP,6,91.68,550.08,active,15/01/2026,,ERP
C12885,Sofia Garcia,sofia.garcia@example.com,3007762932,Co,MEDELLIN,09/24/2026,24,Enterprise,laptop,8,512.86,4102.88,unknown,,4,ERP
C12886,   JUAN  Sanchez  ,juan.sanchez@example.com,+57 300 456 2850,Colombia,Barranquilla,N/A,26,SMB,Monitor,9,1753.86,15784.74,pending,,N/A,ERP
C12887,maria Lopez,maria.lopez@example.com,N/A,COLOMBIA,bogota,not-a-date,32,Retail,Monitor,10,162.62,1626.2,active,,1,ERP
C12888,Carlos GARCIA,,300-123-4571,colombia,Medellin,N/A,38,smb ,Keyboard,6,1137.94,6827.64,Active,15/01/2026,4,ERP
C12889,CARLOS GARCIA,carlos.garcia@example.com,+573003230723,N/A,Medellín,not-a-date,60,Enterprise,Chair,10,N/A,4863.2,ACTIVE,15/01/2026,4,ERP
C12890, JUAN  Sanchez,user@@example.com,,Colombia,BOGOTA,2026/09/24,19,SMB,Monitor,7,98.28,687.96,unknown,N/A,4,ERP
C12891,Juan Perez,juan.perez@example.com,300-123-4517,colombia,BOGOTA,09/24/2026,58,Enterprise,Monitor,10,735.27,7352.7,active,,3,ERP
C12892,CARLOS Sanchez,carlos.sanchez@example.com,N/A,N/A,Bogota DC,03/04/2026,35,enterprise,Desk,3,120.67,362.01,unknown,N/A,N/A,ERP
C12893,Juan Lopez,,+573006507790,N/A,Bogota,09/24/2026,20,SMB,Desk,7,617.94,4325.58,PENDING,N/A,3,ERP
C12894,Maria Pérez,maria.pérez@example.com,300-123-4552,COLOMBIA,bogota,24/09/2026,80,smb ,Keyboard,5,1255.91,6279.55,PENDING,,1,ERP
C12895,Luis Martinez,luis.martinez@example.com,+57 300 431 2298,Co,bogota,09/24/2026,58,RETAIL,Mouse,3,1365.72,4097.16,unknown,,3,ERP
C12896,Maria lopez,maria.lopez@example.com,N/A,N/A,Bogotá,09/24/2026,63,smb ,Mouse,6,1303.07,7818.42,unknown,2026-01-15,N/A,ERP
C12897,Diego lopez,diego.lopez@example.com,300-123-4570,COLOMBIA,Bogota,September 24 2026,200,enterprise,Laptop,5,N/A,4768.85,pending,2026-01-15,4,ERP
C12898,Carlos Martinez,carlos.martinez@example.com,300-123-4533,COLOMBIA,BOGOTA,03/04/2026,20,SMB,LAPTOP,2,1456.63,2913.26,PENDING,15/01/2026,3,ERP
C12899,Maria Lopez,maria.lopez@example.com,+573008142520,Colombia,Bogotá,2026/09/24,43,SMB,laptop,1,1507.37,1507.37,PENDING,2026-01-15,2,ERP
C12900,Juan Garcia,juan.garcia@example.com,,Unknown,MEDELLIN,03/04/2026,27,Enterprise,Chair,8,191.34,1530.72,ACTIVE,15/01/2026,N/A,ERP
C12901,Diego Perez,diego.perez@example.com,+57 300 125 5132,Colombia,BOGOTA,not-a-date,39,Enterprise,LAPTOP,2,1484.98,2969.96,unknown,N/A,,ERP
C12902, JUAN  Garcia,juan.garcia@example.com,3005397853,colombia,Medellin,N/A,44,RETAIL,Desk,1,642.07,642.07,active,N/A,,ERP
C12903,Juan Pérez,juan.pérez@example.com,,Colombia,BOGOTA,03/04/2026,20,Enterprise,laptop,9,N/A,1758.69,ACTIVE,,,ERP
C12904,Maria Perez, user@EXAMPLE.COM ,N/A,Colombia,Bogota DC,03/04/2026,44,RETAIL,Monitor,9,82.41,741.69,inactive,,2,ERP
C12905,Ana Sanchez,ana.sanchez@example.com,N/A,COLOMBIA,Medellin,03/04/2026,68,Retail,Mouse,1,249.0,249.0,unknown,2026-01-15,2,ERP
C12906,Diego GARCIA,diego.garcia@example.com,+57 300 811 6572,Co,Medellín,2026/09/24,41,Enterprise,Chair,1,1626.83,-1626.83,pending,,N/A,ERP
C12907, JUAN  lopez,juan.lopez@example.com,N/A,Unknown,Bogota DC,09/24/2026,60,RETAIL,laptop,1,320.56,320.56,ACTIVE,N/A,,ERP
C10001,CARLOS lopez,carlos.lopez@example.com,,colombia,CALI,2026/09/24,21,Enterprise,Keyboard,6,1929.7,11578.2,inactive,N/A,3,ERP
C12909,Juan GARCIA,juan.garcia@example.com,,colombia,Bogota DC,24/09/2026,31,Enterprise,Keyboard,10,1832.12,18321.2,unknown,N/A,1,ERP
C12910,CARLOS GARCIA,CARLOS.GARCIA@EXAMPLE.COM,+573004815724,colombia,Bogota DC,09/24/2026,36,Enterprise,Mouse,7,745.82,5220.74,pending,,2,ERP
C12911,Juan Perez,juan.perez@example.com,300-123-4521,Colombia,Bogotá,2026/09/24,48,RETAIL,LAPTOP,6,863.78,5182.68,active,15/01/2026,,ERP
C12912,maria Lopez,maria.lopez@example.com,300-123-4515,colombia,Bogota DC,not-a-date,30,enterprise,Keyboard,10,209.32,2093.2,active,,2,ERP
C12913,Ana Perez,ana.perez@example.com,3008537810,Co,Bogota,03/04/2026,47,retail,laptop,8,796.84,6374.72,Active,2026-01-15,1,ERP
C12914,maria Garcia,maria.garcia@example.com,+573006228726,colombia,Medellín,03/04/2026,21,Retail,LAPTOP,8,214.26,1714.08,PENDING,15/01/2026,1,ERP
C12915,Laura Sanchez,laura.sanchez@example.com,,N/A,Medellin,09/24/2026,63,Enterprise,Laptop,4,1278.78,5115.12,unknown,2026-01-15,3,ERP
C12916,Juan Perez,juan.perez@example.com,300-123-4518,COLOMBIA,Cartagena,N/A,27,Retail,Laptop,6,1070.97,6425.82,active,N/A,3,ERP
C12917,Luis Martinez,luis.martinez@example.com,+573003740667,colombia,MEDELLIN,03/04/2026,55,enterprise,Mouse,4,338.86,1355.44,ACTIVE,2026-01-15,4,ERP
C12918,Diego Sanchez,diego.sanchez@example.com,,COLOMBIA,Bogotá,2026/09/24,48,RETAIL,Monitor,5,323.75,1618.75,ACTIVE,15/01/2026,N/A,ERP
C12919,CARLOS GARCIA,user@@example.com,N/A,COLOMBIA,Medellín,2026-09-24,50,Enterprise,Keyboard,10,1470.93,14709.3,ACTIVE,15/01/2026,N/A,ERP
C12920,maria Pérez,maria.pérez@example.com,3002760200,N/A,Medellín,not-a-date,74,Enterprise,LAPTOP,9,298.33,2684.97,ACTIVE,2026-01-15,1,ERP
C12921,maria lopez,maria.lopez@example.com,3003483102,COLOMBIA,Cartagena,2026-09-24,31,smb ,Desk,3,1864.7,111882.0,active,,1,ERP
C12922,Sofia Sanchez,missing@,300-123-4562,Unknown,BOGOTA,September 24 2026,39,Enterprise,Keyboard,2,425.61,851.22,unknown,15/01/2026,4,ERP
C12923,maria Pérez,maria.pérez@example.com,+573001253593,Co,Medellín,09/24/2026,51,retail,Chair,6,1804.48,10826.88,pending,2026-01-15,2,ERP
C12924,Sofia Lopez,sofia.lopez@example.com,3008011044,colombia,Medellín,09/24/2026,39,retail,Keyboard,-2,"1547,88",1547.88,pending,15/01/2026,3,ERP
C12925,maria Martinez,maria.martinez@example.com,,Co,Bogota,not-a-date,77,SMB,Mouse,5,708.97,3544.85,unknown,,4,ERP
C12926,CARLOS Martinez,carlos.martinez@example.com,300-123-4562,colombia,Bogota DC,24/09/2026,74,Enterprise,LAPTOP,10,1157.25,11572.5,Active,15/01/2026,2,ERP
C12927,CARLOS Sanchez,carlos.sanchez@example.com,300-123-4516,Co,CALI,N/A,27,RETAIL,Monitor,10,470.83,4708.3,pending,,N/A,ERP
C12928,maria Sanchez,maria.sanchez@example.com,,COLOMBIA,Bogota DC,24/09/2026,65,retail,Monitor,4,883.32,3533.28,unknown,,N/A,ERP
C12929,Ana Garcia,ana.garcia@example.com,+57 300 459 6268,N/A,bogota,not-a-date,66,Enterprise,Desk,1,1380.97,1380.97,active,2026-01-15,2,ERP
C12930,Ana Lopez,ana.lopez@example.com,300-123-4590,N/A,Medellin,2026/09/24,31,Retail,Keyboard,10,1650.37,16503.7,pending,15/01/2026,N/A,ERP
C12931,maria Martinez,maria.martinez@example.com,300-123-4510,N/A,Cali,2026-09-24,77,SMB,Monitor,10,1940.76,19407.6,active,,,ERP
C12932,Ana Garcia,ana.garcia@example.com,+57 300 382 3676,N/A,Medellín,24/09/2026,46,enterprise,laptop,9,1482.48,13342.32,Active,2026-01-15,4,ERP
C12933,Laura Sanchez,laura.sanchez@example.com,3009596156,Co,bogota,24/09/2026,75,retail,Mouse,7,970.33,6792.31,Active,N/A,5,ERP
C12934,CARLOS Martinez,carlos.martinez@example.com,3001583882,colombia,Bogota,03/04/2026,76,Enterprise,Keyboard,5,1737.34,8686.7,ACTIVE,2026-01-15,3,ERP
C12935,Carlos Perez,carlos.perez@example.com,,Colombia,Medellín,2026-09-24,73,enterprise,Mouse,9,1367.17,12304.53,PENDING,15/01/2026,4,ERP
C12936,Maria GARCIA,maria.garcia@example.com,,N/A,Medellin,September 24 2026,76,Retail,Mouse,8,1075.5,8604.0,active,2026-01-15,5,ERP
C12937,maria Lopez,maria.lopez@example.com,+57 300 512 4941,Co,Medellin,2026-09-24,72,Retail,Desk,2,1986.59,3973.18,inactive,15/01/2026,5,ERP
C12938,Maria Lopez,maria.lopez@example.com,+573003215835,Co,bogota,N/A,77,smb ,laptop,3,1518.57,4555.71,PENDING,2026-01-15,3,ERP
C12939,Carlos lopez,carlos.lopez@example.com,3001361289,N/A,Bogotá,2026-09-24,22,Retail,Keyboard,2,1731.39,3462.78,active,,1,ERP
C12940,Diego Sanchez,diego.sanchez@example.com,,Colombia,Cali,September 24 2026,26,retail,Mouse,5,756.89,3784.45,PENDING,,5,ERP
C12941,CARLOS lopez,carlos.lopez@example.com,,N/A,Cartagena,09/24/2026,42,Retail,Desk,8,1199.12,9592.96,active,N/A,1,ERP
C12942,Ana Pérez,ana.pérez@example.com,+573007264584,Co,Bogotá,2026-09-24,26,smb ,Laptop,10,1723.42,17234.2,ACTIVE,2026-01-15,,ERP
C12943,Maria Garcia,maria.garcia@example.com,+57 300 986 2073,COLOMBIA,Medellin,not-a-date,55,smb ,Desk,1,245.59,245.59,inactive,,5,ERP
C12944,Juan Martinez,juan.martinez@example.com,+573004609423,Co,Medellín,N/A,52,Retail,Monitor,6,1156.64,6939.84,ACTIVE,2026-01-15,4,ERP
C12945,Luis GARCIA,luis.garcia@example.com,+57 300 830 5289,colombia,Bogotá D.C.,09/24/2026,69,retail,Laptop,2,1070.6,-2141.2,pending,,2,ERP
C12946,  Diego Lopez  ,diego.lopez@example.com,3001335037,N/A,CALI,September 24 2026,22,retail,Keyboard,4,110.95,443.8,unknown,15/01/2026,4,ERP
C12947,Maria Pérez,maria.pérez@example.com,+57 300 986 7529,Colombia,Medellín,03/04/2026,30,retail,Keyboard,7,1557.46,10902.22,Active,N/A,1,ERP
C12948,maria Perez,maria.perez@example.com,300-123-4545,Colombia,Bogota DC,N/A,57,SMB,Keyboard,9,876.36,7887.24,Active,2026-01-15,N/A,ERP
C12949,Carlos lopez,carlos.lopez@example.com,,COLOMBIA,BOGOTA,2026-09-24,69,RETAIL,Mouse,1,1761.26,1761.26,unknown,,5,ERP
C12950,Carlos Perez,carlos.perez@example.com,+573003746622,N/A,Medellín,24/09/2026,77,SMB,Laptop,5,1783.98,8919.9,unknown,15/01/2026,4,ERP
C12951,Ana GARCIA,ANA.GARCIA@EXAMPLE.COM,+573003097207,colombia,BOGOTA,24/09/2026,47,enterprise,LAPTOP,10,1528.8,15288.0,ACTIVE,,2,ERP
C12952,Diego Pérez,diego.pérez@example.com,,colombia,Bogota,03/04/2026,50,SMB,Keyboard,3,"1674,82",5024.46,active,N/A,4,ERP
C12953,Luis Martinez,luis.martinez@example.com,300-123-4511,COLOMBIA,MEDELLIN,September 24 2026,59,retail,Mouse,10,462.19,4621.9,PENDING,N/A,2,ERP
C12954, JUAN  Perez,juan.perez@example.com,+57 300 137 7496,colombia,Bogotá D.C.,03/04/2026,62,SMB,Monitor,2,1049.1,2098.2,unknown,N/A,4,ERP
C12955,Maria Lopez,maria.lopez@example.com,+573005410146,Unknown,CALI,September 24 2026,53,Enterprise,Mouse,8,510.81,4086.48,Active,2026-01-15,2,ERP
C12956,Ana Pérez,ana.pérez@example.com,+573004170968,colombia,BOGOTA,September 24 2026,35,retail,Desk,6,1498.93,8993.58,PENDING,15/01/2026,5,ERP
C12957,Laura Martinez,laura.martinez@example.com,3001989800,Unknown,Bogota DC,2026-09-24,57,Retail,Monitor,10,1208.57,12085.7,ACTIVE,N/A,4,ERP
C12958,Laura Sanchez,laura.sanchez@example.com,+57 300 999 3997,N/A,MEDELLIN,2026-09-24,44,enterprise,laptop,5,562.99,2814.95,pending,N/A,2,ERP
C12959,maria Sanchez,maria.sanchez@example.com,N/A,Co,Bogota,September 24 2026,54,RETAIL,laptop,-1,1561.8,1561.8,pending,,1,ERP
C12960,  Laura lopez  ,laura.lopez@example.com,N/A,Co,MEDELLIN,03/04/2026,21,RETAIL,laptop,8,1956.2,15649.6,pending,N/A,1,ERP
C12961,Ana Lopez,ana.lopez@example.com,,Co,bogota,24/09/2026,76,smb ,Keyboard,9,1731.7,-15585.3,active,N/A,4,ERP
C12962, JUAN  Pérez,juan.pérez@example.com,N/A,COLOMBIA,Medellín,03/04/2026,79,smb ,Keyboard,2,1943.8,3887.6,pending,15/01/2026,2,ERP
C12963,CARLOS Martinez,carlos.martinez@example.com,+573004897763,colombia,Barranquilla,2026/09/24,43,retail,Chair,4,62.51,250.04,Active,N/A,3,ERP
C12964,maria Garcia,maria.garcia@example.com,3009067579,Co,Bogotá,not-a-date,73,Enterprise,laptop,4,1719.22,6876.88,Active,2026-01-15,,ERP
C12965, JUAN  Martinez,juan.martinez@example.com,3002589483,N/A,BOGOTA,24/09/2026,37,SMB,Monitor,-1,912.75,912.75,inactive,2026-01-15,5,ERP
C12966,Diego Garcia,diego.garcia@example.com,N/A,Colombia,CALI,24/09/2026,49,Enterprise,Keyboard,5,1764.56,8822.8,inactive,2026-01-15,3,ERP
C12967,Sofia Perez,sofia.perez@example.com,300-123-4513,COLOMBIA,Medellín,09/24/2026,52,smb ,Laptop,6,385.52,2313.12,ACTIVE,15/01/2026,2,ERP
C12968, JUAN  Sanchez,juan.sanchez@example.com,+573009096157,colombia,Bogotá,N/A,39,enterprise,Mouse,10,1447.2,14472.0,Active,N/A,4,ERP
C12969,maria Sanchez,maria.sanchez@example.com,+57 300 324 2622,Colombia,CALI,03/04/2026,65,SMB,Desk,3,983.86,2951.58,pending,,,ERP
C12970,  Diego Lopez  ,diego.lopez@example.com,N/A,Colombia,Bogotá,N/A,31,Enterprise,Desk,5,989.85,98985.0,ACTIVE,N/A,3,ERP
C12971,Laura Pérez,laura.pérez@example.com,3003056122,Unknown,Bogota,2026-09-24,45,smb ,laptop,1,1221.99,-1221.99,PENDING,15/01/2026,5,ERP
C12972,Laura Perez,laura.perez@example.com,N/A,COLOMBIA,Bogotá,September 24 2026,52,enterprise,Laptop,6,402.37,2414.22,pending,2026-01-15,N/A,ERP
C12973,Luis Lopez,luis.lopez@example.com,N/A,Unknown,Barranquilla,2026/09/24,49,Enterprise,Chair,9,286.28,2576.52,unknown,15/01/2026,5,ERP
C12974,Carlos Pérez,carlos.pérez@example.com,3005725443,Colombia,Medellin,September 24 2026,63,RETAIL,Keyboard,10,1916.48,19164.8,active,N/A,2,ERP
C12975,maria Perez,maria.perez@example.com,N/A,N/A,Bogota,September 24 2026,49,SMB,Mouse,1,1509.79,1509.79,Active,,N/A,ERP
C12976,CARLOS Lopez,carlos.lopez@example.com,,Colombia,Cartagena,2026/09/24,45,smb ,Chair,6,852.7,5116.2,unknown,2026-01-15,5,ERP
C12977,CARLOS lopez,carlos.lopez@example.com,300-123-4580,colombia,bogota,03/04/2026,30,enterprise,Laptop,8,1849.09,14792.72,unknown,,N/A,ERP
C12978,Luis Martinez,luis.martinez@example.com,+57 300 859 5829,COLOMBIA,Bogota DC,24/09/2026,66,RETAIL,LAPTOP,9,1766.99,15902.91,PENDING,,4,ERP
C12979,Sofia Martinez,not-an-email,3001568199,colombia,MEDELLIN,N/A,72,enterprise,Mouse,3,N/A,1739.91,PENDING,2026-01-15,N/A,ERP
C12980,Maria Martinez,maria.martinez@example.com,,Colombia,Bogotá,2026-09-24,38,enterprise,Monitor,7,1198.51,8389.57,ACTIVE,2026-01-15,3,ERP
C12981,Juan Pérez,juan.pérez@example.com,N/A,colombia,bogota,N/A,23,enterprise,Monitor,8,1634.04,13072.32,Active,15/01/2026,2,ERP
C12982,Laura Martinez,laura.martinez@example.com,,colombia,Barranquilla,03/04/2026,21,SMB,laptop,8,1830.62,14644.96,pending,N/A,4,ERP
C12983,Carlos Pérez,?,null,Co,,not-a-date,26,RETAIL,Keyboard,5,1184.22,5921.1,ACTIVE,15/01/2026,5,ERP
C12984,Ana Perez,ana.perez@example.com,N/A,N/A,Cartagena,N/A,57,Enterprise,Chair,2,1277.45,2554.9,PENDING,N/A,5,ERP
C12985,Juan lopez,juan.lopez@example.com,+57 300 805 8524,COLOMBIA,Medellin,September 24 2026,47,SMB,Keyboard,7,N/A,4579.19,unknown,2026-01-15,2,ERP
C12986,  Juan Lopez  ,juan.lopez@example.com,+573007621799,colombia,Medellin,not-a-date,51,SMB,Chair,4,1534.24,6136.96,inactive,15/01/2026,N/A,ERP
C12987,Ana lopez,ana.lopez@example.com,N/A,Co,Cartagena,03/04/2026,49,SMB,LAPTOP,7,1445.72,10120.04,ACTIVE,2026-01-15,,ERP
C12988,Maria Garcia,maria.garcia@example.com,,Unknown,BOGOTA,N/A,53,retail,Mouse,4,524.22,2096.88,pending,,3,ERP
C12989,Juan Lopez,juan.lopez@example.com,+57 300 495 3569,COLOMBIA,Bogotá,03/04/2026,34,retail,Laptop,4,1938.07,7752.28,unknown,2026-01-15,1,ERP
C12990,Maria Perez,maria.perez@example.com,3006356605,colombia,MEDELLIN,2026/09/24,47,smb ,Keyboard,5,933.77,4668.85,active,,1,ERP
C12991, JUAN  Garcia,juan.garcia@example.com,+57 300 968 3313,COLOMBIA,Bogota DC,not-a-date,60,retail,Mouse,7,968.88,6782.16,pending,,2,ERP
C12992,Laura Martinez,LAURA.MARTINEZ@EXAMPLE.COM,3008347352,Colombia,bogota,2026/09/24,23,Enterprise,Monitor,8,1293.98,10351.84,inactive,N/A,,ERP
C12993,maria Perez,maria.perez@example.com,+57 300 158 4231,COLOMBIA,Medellín,2026-09-24,999,RETAIL,Desk,9,1663.66,14972.94,active,2026-01-15,,ERP
C12994,Maria Lopez,maria.lopez@example.com,+57 300 675 8517,colombia,Bogota DC,24/09/2026,77,smb ,LAPTOP,2,"$1,082.25",-2164.5,unknown,N/A,,ERP
C12995,Laura Perez,laura.perez@example.com,3009536393,Co,Bogotá D.C.,2026/09/24,68,Enterprise,Laptop,5,1918.37,9591.85,PENDING,N/A,3,ERP
C12996,Laura Lopez,laura.lopez@example.com,300-123-4571,Colombia,Medellín,24/09/2026,63,smb ,Chair,6,1216.09,7296.54,Active,N/A,1,ERP
C12997, JUAN  Lopez,juan.lopez@example.com,,N/A,Barranquilla,2026-09-24,72,enterprise,Chair,8,935.66,7485.28,inactive,N/A,3,ERP
C12998,Carlos Garcia,carlos.garcia@example.com,300-123-4580,COLOMBIA,Bogotá,09/24/2026,65,SMB,Laptop,9,112.35,1011.15,Active,,2,ERP
C12999,Juan Pérez,juan.pérez@example.com,,Co,Bogota,09/24/2026,52,Enterprise,Desk,3,354.38,1063.14,active,,4,ERP
C13000,Carlos Pérez,carlos.pérez@example.com,+57 300 182 8723,N/A,bogota,not-a-date,57,retail,LAPTOP,9,131.68,1185.12,PENDING,15/01/2026,2,ERP
C13001,Diego lopez,diego.lopez@example.com,N/A,colombia,Bogotá,24/09/2026,64,Enterprise,Keyboard,2,1541.98,3083.96,PENDING,,N/A,ERP
C13002,CARLOS Garcia,carlos.garcia@example.com,+573005069524,Co,Cartagena,September 24 2026,76,smb ,Chair,10,1082.7,10827.0,Active,15/01/2026,3,ERP
C13003,Carlos GARCIA,carlos.garcia@example.com,3001288198,colombia,BOGOTA,2026-09-24,60,SMB,Desk,4,1854.09,7416.36,active,2026-01-15,N/A,ERP
C13004,  CARLOS GARCIA  ,carlos.garcia@example.com,300-123-4518,N/A,Bogotá D.C.,2026/09/24,60,SMB,Desk,4,328.45,1313.8,ACTIVE,N/A,,ERP
C13005,Maria Pérez,maria.pérez@example.com,+57 300 797 6592,Unknown,Bogota,N/A,79,retail,laptop,7,160.79,1125.53,Active,2026-01-15,3,ERP
C13006,Diego Sanchez,diego.sanchez@example.com,N/A,Colombia,bogota,2026-09-24,75,enterprise,laptop,4,1870.85,7483.4,pending,2026-01-15,3,ERP
C13007,CARLOS Martinez,carlos.martinez@example.com,300-123-4517,N/A,Cartagena,2026-09-24,47,Retail,Chair,10,1308.48,13084.8,ACTIVE,,4,ERP
C13008,Maria Lopez,maria.lopez@example.com,300-123-4562,Unknown,Medellin,03/04/2026,29,Enterprise,Desk,1,1083.48,1083.48,PENDING,15/01/2026,1,ERP
C13009,Laura Martinez,laura.martinez@example.com,,colombia,Barranquilla,N/A,74,RETAIL,LAPTOP,7,1214.15,8499.05,PENDING,N/A,N/A,ERP
C13010,Juan Pérez,juan.pérez@example.com,300-123-4560,colombia,CALI,2026-09-24,38,Retail,Mouse,6,1246.35,7478.1,inactive,N/A,1,ERP
C13011,Juan Perez,juan.perez@example.com,+57 300 747 1331,Co,bogota,not-a-date,24,Enterprise,laptop,10,102.49,1024.9,inactive,N/A,4,ERP
C13012,Sofia Lopez,sofia.lopez@example.com,300-123-4557,Unknown,Cali,03/04/2026,64,SMB,Monitor,10,378.27,3782.7,pending,2026-01-15,4,ERP
C13013,Luis GARCIA,luis.garcia@example.com,3008102980,Unknown,Cali,2026/09/24,76,RETAIL,laptop,7,415.39,2907.73,PENDING,,,ERP
C13014,Laura Lopez,laura.lopez@example.com,3003240800,COLOMBIA,bogota,2026-09-24,74,Retail,Laptop,1,1063.32,1063.32,PENDING,15/01/2026,2,ERP
C13015,maria Perez,maria.perez@example.com,3001761373,Co,Bogotá,03/04/2026,74,Enterprise,laptop,5,1317.18,6585.9,Active,2026-01-15,1,ERP
C13016,CARLOS Lopez,carlos.lopez@example.com,,colombia,BOGOTA,09/24/2026,58,enterprise,Keyboard,3,1875.06,5625.18,ACTIVE,15/01/2026,3,ERP
C13017,Diego Garcia,diego.garcia@example.com,+57 300 876 6192,colombia,Medellin,24/09/2026,61,Retail,Keyboard,2,30.81,61.62,ACTIVE,N/A,,ERP
C13018,Maria Martinez,maria.martinez@example.com,300-123-4599,colombia,Medellin,2026-09-24,69,Retail,Desk,1,1170.61,1170.61,inactive,,5,ERP
C13019,CARLOS Pérez,carlos.pérez@example.com,+57 300 398 1928,Unknown,Bogotá D.C.,N/A,39,smb ,LAPTOP,5,700.64,3503.2,pending,15/01/2026,5,ERP
C13020, JUAN  Garcia,juan.garcia@example.com,+573003722724,colombia,Medellín,24/09/2026,51,RETAIL,Mouse,3,1206.11,3618.33,Active,15/01/2026,3,ERP
C13021,Sofia Lopez,sofia.lopez@example.com,300-123-4524,N/A,Cartagena,09/24/2026,55,Enterprise,Chair,8,870.44,6963.52,pending,N/A,1,ERP
C13022,Laura Lopez,laura.lopez@example.com,+573004183511,colombia,Cali,2026-09-24,65,RETAIL,Keyboard,4,1314.17,5256.68,ACTIVE,,4,ERP
C13023,CARLOS Lopez,carlos.lopez@example.com,N/A,Co,Cartagena,September 24 2026,55,smb ,Mouse,8,218.32,1746.56,pending,15/01/2026,5,ERP
C13024,Diego Perez,diego.perez@example.com,,Colombia,Bogotá D.C.,03/04/2026,54,Retail,Desk,8,1655.69,13245.52,inactive,,,ERP
C13025,Luis Garcia,luis.garcia@example.com,+573005228491,N/A,CALI,N/A,72,Retail,Monitor,6,1199.9,7199.4,unknown,15/01/2026,4,ERP
C13026,Carlos Garcia,carlos.garcia@example.com,300-123-4521,N/A,Cali,09/24/2026,57,smb ,laptop,5,451.82,2259.1,pending,,,ERP
C13027,Juan Pérez,juan.pérez@example.com,N/A,colombia,Medellin,not-a-date,49,smb ,Keyboard,1,1623.38,1623.38,active,15/01/2026,,ERP
C13028,maria lopez,maria.lopez@example.com,3008437155,colombia,Bogota DC,not-a-date,65,RETAIL,Laptop,9,1515.72,13641.48,inactive,,4,ERP
C13029,Luis Garcia,luis.garcia@example.com,3003545415,N/A,Medellín,2026/09/24,28,enterprise,Keyboard,2,928.79,1857.58,Active,15/01/2026,4,ERP
C13030, JUAN  lopez,juan.lopez@example.com,,Co,Bogotá D.C.,September 24 2026,42,Enterprise,Laptop,1,1096.58,1096.58,ACTIVE,2026-01-15,5,ERP
C13031,CARLOS Sanchez,carlos.sanchez@example.com,300-123-4514,colombia,MEDELLIN,September 24 2026,59,Retail,Desk,4,1275.02,5100.08,active,15/01/2026,,ERP
C13032,Juan Lopez,juan.lopez@example.com,3005494912,Unknown,BOGOTA,not-a-date,34,RETAIL,Keyboard,8,1973.21,15785.68,ACTIVE,,3,ERP
C13033,maria Perez,maria.perez@example.com,,N/A,Bogotá D.C.,N/A,69,Enterprise,Monitor,4,218.16,872.64,PENDING,,5,ERP
C13034,Ana Martinez,ana.martinez@example.com,3003791341,Colombia,Medellín,09/24/2026,200,smb ,Desk,10,1003.29,10032.9,active,N/A,N/A,ERP
C13035,Carlos Martinez,carlos.martinez@example.com,,N/A,bogota,2026/09/24,33,SMB,LAPTOP,1,1871.59,1871.59,pending,2026-01-15,N/A,ERP
C13036,CARLOS GARCIA,carlos.garcia@example.com,3003024563,colombia,CALI,09/24/2026,59,retail,laptop,6,245.03,1470.18,ACTIVE,2026-01-15,N/A,ERP
C13037,CARLOS Lopez,carlos.lopez@example.com,3001219506,colombia,Bogota,03/04/2026,37,smb ,Laptop,3,233.27,699.81,inactive,,3,ERP
C13038,Laura Lopez,laura.lopez@example.com,+573006675656,Colombia,Medellin,September 24 2026,72,RETAIL,Chair,4,508.7,2034.8,pending,,1,ERP
C13039,Sofia Sanchez,sofia.sanchez@example.com,,Colombia,MEDELLIN,not-a-date,48,RETAIL,Keyboard,10,1858.09,18580.9,inactive,,1,ERP
C13040,CARLOS lopez,carlos.lopez@example.com,,N/A,CALI,2026/09/24,60,Enterprise,Chair,8,$511.69,4093.52,pending,,5,ERP
C13041,Sofia Martinez,sofia.martinez@example.com,N/A,Colombia,MEDELLIN,2026/09/24,34,Retail,Mouse,7,"317,55",2222.85,PENDING,,,ERP
C13042, JUAN  Garcia,juan.garcia@example.com,+573002732203,Colombia,Medellín,N/A,63,SMB,Desk,9,129.34,1164.06,ACTIVE,N/A,,ERP
C13043,Carlos Lopez,carlos.lopez@example.com,+573009285003,colombia,Medellin,not-a-date,72,retail,Mouse,9,408.09,3672.81,inactive,N/A,1,ERP
C13044, JUAN  Garcia,juan.garcia@example.com,300-123-4530,Co,bogota,2026/09/24,27,smb ,Mouse,9,1452.36,13071.24,pending,,1,ERP
C13045,Carlos GARCIA,carlos.garcia@example.com,300-123-4581,COLOMBIA,CALI,not-a-date,47,SMB,laptop,2,820.09,1640.18,Active,2026-01-15,5,ERP
C13046,CARLOS Martinez,carlos.martinez@example.com,3009702278,colombia,MEDELLIN,not-a-date,56,SMB,Chair,-2,432.85,432.85,inactive,,4,ERP
C13047,Sofia Garcia,sofia.garcia@example.com,N/A,N/A,Bogota DC,September 24 2026,73,smb ,Laptop,3,1245.44,3736.32,ACTIVE,,2,ERP
C13048,Juan Martinez,juan.martinez@example.com,300-123-4564,Colombia,BOGOTA,09/24/2026,76,retail,LAPTOP,2,1275.68,2551.36,ACTIVE,,N/A,ERP
C13049, JUAN  Garcia,missing@,,N/A,MEDELLIN,03/04/2026,43,retail,Desk,4,613.59,2454.36,inactive,N/A,3,ERP
C13050,maria Sanchez,maria.sanchez@example.com,N/A,Colombia,Barranquilla,September 24 2026,27,Retail,Mouse,7,1228.41,8598.87,ACTIVE,,1,ERP
C13051,Laura Perez,laura.perez@example.com,+57 300 213 7820,COLOMBIA,BOGOTA,not-a-date,47,smb ,Keyboard,8,441.73,3533.84,ACTIVE,N/A,3,ERP
C13052,Luis Lopez,luis.lopez@example.com,300-123-4591,COLOMBIA,MEDELLIN,2026-09-24,40,retail,LAPTOP,10,1113.72,11137.2,Active,2026-01-15,4,ERP
C13053,maria Lopez,maria.lopez@example.com,+573007886012,Colombia,Bogotá,not-a-date,18,RETAIL,Laptop,1,1849.45,1849.45,Active,N/A,3,ERP
C13054,Sofia Pérez,sofia.pérez@example.com,,N/A,Barranquilla,2026-09-24,19,smb ,Mouse,8,1596.62,12772.96,pending,N/A,1,ERP
C13055,Juan GARCIA,juan.garcia@example.com,3009288667,colombia,CALI,24/09/2026,45,Retail,laptop,-1,1328.39,1328.39,inactive,,3,ERP
C13056,Maria GARCIA, user@EXAMPLE.COM ,300-123-4552,Colombia,CALI,09/24/2026,74,SMB,Monitor,1,667.36,667.36,ACTIVE,2026-01-15,N/A,ERP
C13057,Sofia Perez,sofia.perez@example.com,,COLOMBIA,Cali,September 24 2026,38,retail,Mouse,10,534.38,5343.8,Active,15/01/2026,N/A,ERP
C13058,Maria Lopez,maria.lopez@example.com,,COLOMBIA,CALI,not-a-date,76,SMB,Desk,1,1261.67,1261.67,PENDING,2026-01-15,3,ERP
C13059,Luis lopez,luis.lopez@example.com,,N/A,CALI,September 24 2026,46,retail,Mouse,-1,844.22,844.22,ACTIVE,N/A,N/A,ERP
C13060,Laura Sanchez,not-an-email,3009513503,colombia,BOGOTA,03/04/2026,65,SMB,Monitor,2,433.0,866.0,active,2026-01-15,,ERP
C13061,Maria GARCIA,maria.garcia@example.com,300-123-4597,Colombia,bogota,09/24/2026,58,Enterprise,Mouse,7,344.27,2409.89,Active,,2,ERP
C13062,Diego Lopez,diego.lopez@example.com,3008784419,Colombia,Cali,September 24 2026,56,smb ,Chair,-1,667.29,667.29,ACTIVE,N/A,4,ERP
C13063,Laura Pérez,laura.pérez@example.com,+57 300 858 6815,colombia,MEDELLIN,09/24/2026,31,RETAIL,Mouse,1,1786.48,1786.48,Active,2026-01-15,2,ERP
C13064,Maria Martinez,maria.martinez@example.com,N/A,Colombia,bogota,N/A,39,Retail,Desk,4,266.78,-1067.12,ACTIVE,15/01/2026,2,ERP
C13065,Juan Perez,juan.perez@example.com,300-123-4575,Co,BOGOTA,2026/09/24,18,Retail,Monitor,3,1279.21,3837.63,Active,15/01/2026,3,ERP
C13066,maria GARCIA,maria.garcia@example.com,3001586881,colombia,Cali,2026/09/24,77,Retail,Keyboard,3,921.22,2763.66,Active,2026-01-15,,ERP
C13067,Juan Martinez,juan.martinez@example.com,+57 300 502 6080,N/A,Cartagena,03/04/2026,71,retail,Desk,2,1060.9,2121.8,active,15/01/2026,5,ERP
C13068,maria Sanchez,maria.sanchez@example.com,+573009943189,COLOMBIA,MEDELLIN,24/09/2026,44,smb ,Monitor,-1,305.66,305.66,PENDING,,1,ERP
C13069,Sofia Pérez,sofia.pérez@example.com,+57 300 653 8815,colombia,CALI,2026/09/24,51,smb ,Monitor,4,1457.98,5831.92,pending,15/01/2026,3,ERP
C13070,Juan Lopez,juan.lopez@example.com,+57 300 689 9858,colombia,Medellin,2026/09/24,32,RETAIL,Monitor,7,1426.63,9986.41,inactive,,1,ERP
C13071,Sofia lopez,sofia.lopez@example.com,300-123-4520,Co,Bogotá,2026/09/24,26,Enterprise,Mouse,9,1857.04,16713.36,ACTIVE,N/A,2,ERP
C13072,Diego Perez,diego.perez@example.com,300-123-4599,N/A,Medellín,2026-09-24,999,smb ,laptop,2,777.38,1554.76,active,2026-01-15,1,ERP
C13073,Diego Sanchez,diego.sanchez@example.com,N/A,Unknown,CALI,2026/09/24,43,enterprise,Keyboard,9,133.3,1199.7,inactive,N/A,N/A,ERP
C13074,Sofia Sanchez,sofia.sanchez@example.com,300-123-4517,N/A,Bogotá,03/04/2026,67,enterprise,Chair,4,370.58,1482.32,inactive,15/01/2026,4,ERP
C13075, JUAN  Lopez,juan.lopez@example.com,,Unknown,Barranquilla,03/04/2026,47,Enterprise,laptop,6,1372.87,8237.22,unknown,N/A,1,ERP
C13076, JUAN  lopez,juan.lopez@example.com,300-123-4512,colombia,Medellin,N/A,30,SMB,laptop,9,530.81,4777.29,Active,15/01/2026,4,ERP
C13077,Maria Pérez,maria.pérez@example.com,,colombia,Barranquilla,03/04/2026,43,smb ,Keyboard,3,1081.78,3245.34,active,,N/A,ERP
C13078,Ana Lopez,ana.lopez@example.com,+57 300 850 2778,N/A,Cartagena,2026/09/24,36,SMB,laptop,2,172.81,345.62,ACTIVE,N/A,2,ERP
C13079,Luis Martinez,luis.martinez@example.com,N/A,N/A,MEDELLIN,2026/09/24,75,retail,Keyboard,3,"703,81",2111.43,pending,15/01/2026,3,ERP
C13080,Carlos Martinez,carlos.martinez@example.com,300-123-4511,N/A,Bogota,24/09/2026,48,retail,LAPTOP,2,1666.25,3332.5,ACTIVE,,2,ERP
C13081,Carlos Martinez,carlos.martinez@example.com,+57 300 769 8488,Colombia,Medellín,09/24/2026,47,retail,Laptop,6,635.31,-3811.86,pending,,N/A,ERP
C13082, JUAN  Sanchez,juan.sanchez@example.com,+573004293276,COLOMBIA,CALI,not-a-date,28,Enterprise,laptop,10,1240.03,12400.3,ACTIVE,15/01/2026,4,ERP
C13083,Ana GARCIA,ana.garcia@example.com,+573001298881,Unknown,bogota,N/A,42,enterprise,laptop,1,835.19,835.19,pending,N/A,4,ERP
C13084,Maria Garcia,maria.garcia@example.com,3004916005,COLOMBIA,Bogotá D.C.,not-a-date,80,Enterprise,Mouse,4,193.42,773.68,unknown,N/A,5,ERP
C13085,CARLOS Perez,carlos.perez@example.com,,Co,Bogota,N/A,31,smb ,Chair,8,"240,1",1920.8,ACTIVE,,3,ERP
C13086,Juan Martinez,juan.martinez@example.com,+57 300 427 8883,Co,Bogotá D.C.,September 24 2026,36,Retail,Monitor,7,"315,49",2208.43,active,N/A,4,ERP
C13087,Luis Sanchez,luis.sanchez@example.com,,Co,Medellín,not-a-date,29,enterprise,Laptop,6,790.86,4745.16,ACTIVE,2026-01-15,,ERP
C13088,Ana Garcia,missing@,300-123-4513,colombia,BOGOTA,2026-09-24,68,enterprise,LAPTOP,-1,1034.15,1034.15,unknown,,1,ERP
C13089,Juan Lopez,juan.lopez@example.com,,N/A,Medellin,September 24 2026,42,RETAIL,Chair,1,1808.25,1808.25,pending,15/01/2026,1,ERP
C13090,CARLOS GARCIA, user@EXAMPLE.COM ,3004925312,Co,Barranquilla,N/A,61,Retail,Monitor,9,339.97,3059.73,pending,15/01/2026,2,ERP
C13091,  CARLOS Pérez  ,carlos.pérez@example.com,300-123-4515,colombia,Bogota,N/A,57,enterprise,Keyboard,8,978.93,7831.44,unknown,2026-01-15,5,ERP
C13092,Ana lopez,ana.lopez@example.com,+573003182056,Co,CALI,September 24 2026,45,Retail,Chair,9,714.03,6426.27,PENDING,,1,ERP
C13093,maria lopez,missing@,3006012840,N/A,BOGOTA,September 24 2026,74,RETAIL,Monitor,1,"$1,702.44",-1702.44,PENDING,N/A,5,ERP
C13094,Luis Lopez,luis.lopez@example.com,3008406969,N/A,Cali,03/04/2026,74,enterprise,laptop,8,205.11,1640.88,PENDING,,4,ERP
C13095,maria Pérez,maria.pérez@example.com,,N/A,Cartagena,2026-09-24,44,SMB,Laptop,10,1377.66,13776.6,active,N/A,5,ERP
C13096,Ana Pérez,ana.pérez@example.com,,Unknown,Bogota DC,09/24/2026,29,SMB,laptop,5,730.5,3652.5,Active,N/A,2,ERP
C13097, JUAN  GARCIA,juan.garcia@example.com,+57 300 698 4639,Unknown,Bogota,September 24 2026,45,Retail,Mouse,7,699.1,4893.7,Active,N/A,N/A,ERP
C13098,CARLOS Pérez,carlos.pérez@example.com,N/A,Co,BOGOTA,03/04/2026,27,enterprise,Mouse,4,46.42,185.68,pending,N/A,4,ERP
C13099,Luis Lopez,luis.lopez@example.com,,colombia,Cartagena,September 24 2026,43,enterprise,Monitor,6,1177.94,7067.64,pending,N/A,,ERP
C13100,Sofia GARCIA,sofia.garcia@example.com,300-123-4541,COLOMBIA,CALI,2026-09-24,62,retail,Desk,9,1012.18,9109.62,inactive,2026-01-15,2,ERP
C13101,Laura Sanchez,laura.sanchez@example.com,N/A,colombia,Bogota DC,2026-09-24,49,smb ,Monitor,1,1153.15,1153.15,pending,2026-01-15,4,ERP
C13102, JUAN  Lopez,juan.lopez@example.com,+57 300 212 4469,Colombia,Medellin,2026/09/24,79,RETAIL,Desk,4,"698,88",2795.52,pending,2026-01-15,N/A,ERP
C13103,Sofia Perez,sofia.perez@example.com,N/A,Co,Bogota DC,24/09/2026,52,RETAIL,laptop,9,151.19,1360.71,pending,N/A,,ERP
C13104,CARLOS Martinez,carlos.martinez@example.com,3007566873,Colombia,Bogotá D.C.,N/A,61,Enterprise,Laptop,1,1623.22,1623.22,active,N/A,,ERP
C13105,Diego Lopez,diego.lopez@example.com,N/A,Colombia,Barranquilla,September 24 2026,22,RETAIL,Keyboard,5,1293.51,6467.55,inactive,,1,ERP
C13106,Laura Perez,LAURA.PEREZ@EXAMPLE.COM,300-123-4526,Colombia,MEDELLIN,09/24/2026,31,SMB,Desk,9,150.49,1354.41,unknown,15/01/2026,1,ERP
C13107,Maria GARCIA,maria.garcia@example.com,300-123-4519,colombia,Bogotá,N/A,56,RETAIL,Laptop,2,38.9,77.8,unknown,N/A,,ERP
C13108,Carlos lopez,carlos.lopez@example.com,+573007377445,Unknown,CALI,N/A,38,smb ,Chair,9,277.84,2500.56,active,N/A,4,ERP
C13109,Carlos Pérez,carlos.pérez@example.com,3004189462,colombia,MEDELLIN,2026/09/24,21,Retail,Mouse,9,293.56,2642.04,ACTIVE,N/A,5,ERP
C13110,Laura Pérez,laura.pérez@example.com,300-123-4558,COLOMBIA,Cartagena,2026-09-24,23,smb ,Monitor,4,234.78,939.12,active,15/01/2026,2,ERP
C13111,Juan GARCIA,juan.garcia@example.com,+57 300 284 7674,Colombia,Medellin,2026/09/24,48,enterprise,laptop,5,357.37,1786.85,pending,15/01/2026,3,ERP
C13112,Laura Pérez,laura.pérez@example.com,+573005209123,Colombia,CALI,09/24/2026,72,enterprise,Chair,7,1440.49,10083.43,unknown,N/A,4,ERP
C13113,Diego Garcia,diego.garcia@example.com,300-123-4511,Colombia,Bogota DC,2026-09-24,35,RETAIL,Chair,9,35.24,317.16,inactive,15/01/2026,4,ERP
C13114,Sofia Lopez,sofia.lopez@example.com,+573005305256,COLOMBIA,Cali,24/09/2026,80,retail,Desk,1,1966.75,1966.75,inactive,N/A,3,ERP
C13115,CARLOS Garcia,carlos.garcia@example.com,3001353151,Colombia,Bogotá D.C.,2026-09-24,28,RETAIL,LAPTOP,1,1978.99,1978.99,Active,2026-01-15,2,ERP
C13116,Ana Lopez,ana.lopez@example.com,300-123-4522,Co,Bogota,2026/09/24,55,enterprise,Laptop,10,1026.96,10269.6,Active,,N/A,ERP
C13117,Sofia Garcia,sofia.garcia@example.com,3004664299,colombia,Bogotá,2026-09-24,54,Retail,Monitor,7,1815.68,12709.76,unknown,,N/A,ERP
C13118,Diego lopez,diego.lopez@example.com,N/A,Unknown,Cartagena,September 24 2026,26,smb ,Keyboard,1,1418.23,1418.23,Active,,4,ERP
C13119,  Ana Sanchez  ,ana.sanchez@example.com,+573007249225,colombia,MEDELLIN,24/09/2026,71,SMB,Laptop,7,457.64,3203.48,pending,2026-01-15,1,ERP
C13120,maria Garcia,?,null,Colombia,,not-a-date,79,Retail,Desk,8,814.71,6517.68,inactive,,N/A,ERP
C13121,Luis Sanchez,luis.sanchez@example.com,300-123-4537,Colombia,bogota,24/09/2026,75,enterprise,Monitor,10,593.06,5930.6,ACTIVE,2026-01-15,5,ERP
C13122,Luis Sanchez,luis.sanchez@example.com,300-123-4514,Co,Bogotá D.C.,03/04/2026,24,Retail,Keyboard,5,1857.0,9285.0,ACTIVE,15/01/2026,4,ERP
C13123,Luis Pérez,luis.pérez@example.com,3001942082,Co,Bogota,September 24 2026,45,SMB,Laptop,3,517.98,1553.94,pending,15/01/2026,3,ERP
C13124,Maria Garcia,maria.garcia@example.com,300-123-4529,colombia,bogota,N/A,64,retail,laptop,7,1110.48,7773.36,pending,N/A,3,ERP
C13125, JUAN  Martinez,juan.martinez@example.com,300-123-4554,colombia,Medellin,03/04/2026,19,retail,Desk,1,1709.84,1709.84,PENDING,N/A,3,ERP
C13126, JUAN  Garcia,juan.garcia@example.com,+573009037584,Co,Barranquilla,not-a-date,28,SMB,Monitor,9,1724.11,15516.99,PENDING,2026-01-15,5,ERP
C13127,Diego Lopez,diego.lopez@example.com,+57 300 264 1819,N/A,Medellín,2026-09-24,43,enterprise,Desk,3,225.5,676.5,Active,N/A,4,ERP
C13128,Luis Perez,luis.perez@example.com,300-123-4515,Colombia,Medellín,03/04/2026,76,Enterprise,laptop,8,121.79,974.32,pending,2026-01-15,4,ERP
C13129,CARLOS lopez,carlos.lopez@example.com,300-123-4516,N/A,bogota,2026/09/24,35,RETAIL,Monitor,9,1640.97,14768.73,active,N/A,3,ERP
C13130,maria GARCIA,maria.garcia@example.com,3005914298,COLOMBIA,bogota,24/09/2026,44,RETAIL,Keyboard,3,836.9,2510.7,active,N/A,N/A,ERP
C13131,Laura Martinez,laura.martinez@example.com,+573007918154,Colombia,Bogota,N/A,19,RETAIL,Monitor,7,658.39,4608.73,PENDING,,4,ERP
C13132, JUAN  Lopez,juan.lopez@example.com,+573004066513,Co,bogota,not-a-date,57,RETAIL,Chair,9,33.03,297.27,active,15/01/2026,5,ERP
C13133,Carlos Garcia,carlos.garcia@example.com,+573009413338,Co,Bogota DC,not-a-date,27,Enterprise,Mouse,6,630.07,3780.42,Active,15/01/2026,N/A,ERP
C13134,  Carlos Perez  ,carlos.perez@example.com,N/A,N/A,Bogota DC,September 24 2026,62,retail,Mouse,8,1961.95,-15695.6,ACTIVE,15/01/2026,,ERP
C13135, JUAN  Sanchez,juan.sanchez@example.com,+57 300 341 4514,colombia,Cartagena,not-a-date,46,enterprise,Chair,2,1939.52,3879.04,unknown,2026-01-15,N/A,ERP
C13136,Juan Sanchez,juan.sanchez@example.com,+573005870316,Colombia,Medellín,03/04/2026,68,Enterprise,Monitor,9,754.82,6793.38,Active,,5,ERP
C13137,  Luis Sanchez  ,luis.sanchez@example.com,N/A,Colombia,CALI,2026/09/24,78,RETAIL,Chair,9,1745.77,15711.93,ACTIVE,2026-01-15,1,ERP
C13138, JUAN  lopez,juan.lopez@example.com,N/A,N/A,Bogotá,09/24/2026,39,Retail,Laptop,6,1773.04,10638.24,pending,2026-01-15,2,ERP
C13139,CARLOS Pérez,carlos.pérez@example.com,,colombia,Medellín,N/A,26,Enterprise,Laptop,6,629.22,3775.32,active,N/A,4,ERP
C13140,Laura Perez,laura.perez@example.com,+57 300 153 6401,Colombia,Bogotá D.C.,not-a-date,61,SMB,Mouse,4,1210.43,4841.72,inactive,N/A,3,ERP
C13141,Diego Lopez,diego.lopez@example.com,3006785398,COLOMBIA,Cartagena,2026/09/24,22,Enterprise,Chair,10,953.66,9536.6,unknown,2026-01-15,1,ERP
C13142, JUAN  Martinez,missing@,,COLOMBIA,Cartagena,not-a-date,49,enterprise,LAPTOP,5,1720.24,8601.2,ACTIVE,N/A,,ERP
C13143,Sofia Martinez,sofia.martinez@example.com,N/A,N/A,Cali,N/A,-5,RETAIL,Chair,1,892.09,892.09,Active,N/A,N/A,ERP
C13144,CARLOS lopez,carlos.lopez@example.com,,Co,Bogota DC,not-a-date,33,retail,laptop,4,946.54,3786.16,inactive,N/A,N/A,ERP
C13145,maria Garcia,maria.garcia@example.com,300-123-4571,colombia,Bogota DC,N/A,43,Retail,LAPTOP,2,443.26,886.52,unknown,15/01/2026,3,ERP
C13146,Laura Sanchez,laura.sanchez@example.com,,Co,Bogota,09/24/2026,21,enterprise,Mouse,4,224.48,897.92,pending,2026-01-15,,ERP
C13147,CARLOS GARCIA,carlos.garcia@example.com,300-123-4510,COLOMBIA,MEDELLIN,24/09/2026,24,smb ,Chair,8,417.73,3341.84,ACTIVE,15/01/2026,4,ERP
C13148,maria GARCIA,maria.garcia@example.com,3004127021,colombia,Bogotá,03/04/2026,200,retail,Keyboard,4,1122.75,4491.0,PENDING,N/A,4,ERP
C13149,  Laura Sanchez  ,N/A,N/A,N/A,BOGOTA,2026-09-24,24,RETAIL,Laptop,2,755.06,1510.12,ACTIVE,,,ERP
C13150,Maria Martinez,maria.martinez@example.com,300-123-4533,N/A,Barranquilla,09/24/2026,80,enterprise,laptop,9,448.79,4039.11,PENDING,,4,ERP
C13151,Sofia Sanchez,sofia.sanchez@example.com,3005130078,Co,MEDELLIN,N/A,60,Enterprise,LAPTOP,7,442.15,3095.05,inactive,N/A,1,ERP
C13152, JUAN  Pérez,juan.pérez@example.com,300-123-4584,Co,MEDELLIN,2026/09/24,74,Enterprise,Desk,8,1088.9,8711.2,pending,2026-01-15,N/A,ERP
C13153,Ana Martinez,ana.martinez@example.com,3009249902,Unknown,CALI,2026/09/24,21,Retail,Mouse,6,132.99,797.94,pending,,,ERP
C13154,maria Martinez,maria.martinez@example.com,+573003276023,Co,Medellin,2026/09/24,62,retail,Monitor,3,1218.39,3655.17,unknown,2026-01-15,N/A,ERP
C13155,Maria Perez,not-an-email,3001702463,Unknown,Cali,2026/09/24,57,Retail,laptop,7,230.0,1610.0,ACTIVE,15/01/2026,N/A,ERP
C13156, JUAN  Lopez,juan.lopez@example.com,3003845547,Colombia,Cali,24/09/2026,70,enterprise,Monitor,5,N/A,3191.65,inactive,N/A,N/A,ERP
C13157,Sofia GARCIA,sofia.garcia@example.com,+573004726582,colombia,Bogota DC,09/24/2026,32,SMB,Chair,10,196.65,1966.5,Active,15/01/2026,3,ERP
C13158,Laura Lopez,laura.lopez@example.com,,Unknown,Medellín,September 24 2026,32,SMB,LAPTOP,7,1925.2,13476.4,PENDING,2026-01-15,3,ERP
C13159,Juan Martinez,juan.martinez@example.com,+573006956637,COLOMBIA,Bogotá,N/A,18,Enterprise,LAPTOP,5,1488.6,7443.0,inactive,,N/A,ERP
C13160,Laura Pérez,laura.pérez@example.com,,Unknown,bogota,2026-09-24,39,RETAIL,Laptop,5,"$1,177.35",5886.75,Active,15/01/2026,1,ERP
C13161,maria Lopez,maria.lopez@example.com,+573007479037,N/A,Bogotá D.C.,03/04/2026,41,smb ,Keyboard,4,1589.36,6357.44,active,2026-01-15,4,ERP
C13162,Diego Sanchez,diego.sanchez@example.com,,Unknown,Bogotá D.C.,2026/09/24,54,smb ,Keyboard,4,35.17,140.68,ACTIVE,15/01/2026,3,ERP
C13163,Juan lopez,juan.lopez@example.com,,Unknown,Bogota,N/A,49,retail,Chair,5,"$1,982.91",9914.55,unknown,,3,ERP
C13164,maria GARCIA,maria.garcia@example.com,300-123-4584,Unknown,Bogota DC,September 24 2026,71,enterprise,Chair,10,1393.21,13932.1,Active,N/A,,ERP
C13165,Sofia lopez,sofia.lopez@example.com,,Colombia,Barranquilla,2026-09-24,43,RETAIL,Keyboard,8,1098.41,8787.28,ACTIVE,2026-01-15,4,ERP
C13166,Sofia Garcia,sofia.garcia@example.com,+57 300 602 4851,Unknown,Cartagena,2026-09-24,63,enterprise,Chair,1,453.26,453.26,PENDING,,1,ERP
C13167,Laura Martinez,laura.martinez@example.com,,Colombia,Medellín,not-a-date,24,RETAIL,Keyboard,6,325.96,1955.76,Active,2026-01-15,4,ERP
C13168,maria Martinez,maria.martinez@example.com,3003282466,N/A,Barranquilla,03/04/2026,37,Enterprise,LAPTOP,10,1661.7,16617.0,inactive,,5,ERP
C13169,Sofia lopez,sofia.lopez@example.com,,N/A,Medellín,24/09/2026,46,Retail,laptop,7,419.75,2938.25,pending,15/01/2026,2,ERP
C13170,Carlos lopez,carlos.lopez@example.com,+573008331359,N/A,Medellin,03/04/2026,58,smb ,Monitor,8,491.11,3928.88,active,,3,ERP
C13171,Juan Lopez,juan.lopez@example.com,+573002442227,COLOMBIA,Bogota,2026-09-24,25,SMB,Mouse,8,1934.1,15472.8,active,N/A,2,ERP
C13172,Carlos Pérez,carlos.pérez@example.com,+57 300 704 6908,Unknown,bogota,09/24/2026,67,smb ,LAPTOP,6,41.51,249.06,unknown,2026-01-15,3,ERP
C13173,maria lopez,maria.lopez@example.com,+57 300 524 8599,colombia,BOGOTA,September 24 2026,42,SMB,LAPTOP,1,1488.94,1488.94,Active,15/01/2026,3,ERP
C13174,Luis Martinez,luis.martinez@example.com,+573008209291,Unknown,bogota,not-a-date,43,RETAIL,Monitor,3,1412.52,4237.56,pending,15/01/2026,4,ERP
C13175,Carlos Lopez,carlos.lopez@example.com,N/A,Unknown,BOGOTA,2026-09-24,70,enterprise,laptop,10,1475.61,14756.1,active,,3,ERP
C13176,Maria Pérez,maria.pérez@example.com,+573002299233,Colombia,Barranquilla,September 24 2026,30,enterprise,LAPTOP,6,1324.86,7949.16,pending,15/01/2026,2,ERP
C13177,CARLOS Pérez,carlos.pérez@example.com,3001150781,N/A,Bogota DC,not-a-date,63,Enterprise,Desk,9,115.12,1036.08,unknown,2026-01-15,5,ERP
C13178,maria Martinez,maria.martinez@example.com,3007715012,colombia,Barranquilla,2026-09-24,78,Enterprise,Chair,10,1537.81,15378.1,pending,2026-01-15,N/A,ERP
C13179,maria Martinez,user@@example.com,N/A,colombia,Medellin,03/04/2026,35,Enterprise,laptop,9,1084.85,9763.65,inactive,2026-01-15,N/A,ERP
C13180, JUAN  Lopez,juan.lopez@example.com,N/A,Colombia,Barranquilla,03/04/2026,62,retail,Keyboard,7,345.08,2415.56,unknown,2026-01-15,1,ERP
C13181,Luis Perez,luis.perez@example.com,,Co,Bogota,2026-09-24,57,RETAIL,LAPTOP,4,959.92,3839.68,active,N/A,N/A,ERP
C13182, JUAN  GARCIA,juan.garcia@example.com,,COLOMBIA,BOGOTA,September 24 2026,55,Retail,Desk,-2,1593.3,1593.3,unknown,N/A,1,ERP
C13183,CARLOS Pérez,carlos.pérez@example.com,3003459559,N/A,Medellín,2026/09/24,64,RETAIL,Mouse,10,355.32,-3553.2,pending,2026-01-15,2,ERP
C13184,Luis Garcia,luis.garcia@example.com,300-123-4575,Unknown,bogota,2026-09-24,35,smb ,laptop,1,233.52,233.52,pending,15/01/2026,1,ERP
C13185,Diego Pérez,user@@example.com,3007229733,Unknown,Medellín,September 24 2026,57,Enterprise,Laptop,7,479.7,3357.9,unknown,2026-01-15,N/A,ERP
C13186,Luis GARCIA,luis.garcia@example.com,N/A,Unknown,Cartagena,2026/09/24,39,RETAIL,Mouse,4,924.23,3696.92,unknown,2026-01-15,2,ERP
C10001,Carlos Sanchez,carlos.sanchez@example.com,N/A,N/A,bogota,N/A,67,Enterprise,Laptop,5,1465.35,7326.75,unknown,2026-01-15,,ERP
C13188,Diego GARCIA,diego.garcia@example.com,N/A,Unknown,Barranquilla,24/09/2026,28,retail,Chair,9,638.86,5749.74,active,2026-01-15,4,ERP
C13189,  Ana lopez  ,ana.lopez@example.com,300-123-4555,COLOMBIA,Bogota DC,not-a-date,63,Retail,Keyboard,6,187.65,1125.9,active,2026-01-15,2,ERP
C13190,CARLOS Lopez,carlos.lopez@example.com,,COLOMBIA,Bogota DC,24/09/2026,18,enterprise,Laptop,2,695.17,1390.34,PENDING,,N/A,ERP
C13191, JUAN  Garcia,juan.garcia@example.com,N/A,Co,Medellin,09/24/2026,49,enterprise,LAPTOP,7,1420.77,9945.39,PENDING,N/A,N/A,ERP
C13192,Sofia Sanchez,sofia.sanchez@example.com,,N/A,Bogotá,N/A,23,enterprise,LAPTOP,1,861.49,861.49,active,,2,ERP
C13193,maria lopez,maria.lopez@example.com,+573008429326,colombia,Bogota DC,09/24/2026,64,retail,LAPTOP,10,772.06,7720.6,pending,N/A,,ERP
C13194,Ana GARCIA,ana.garcia@example.com,N/A,colombia,Bogotá,03/04/2026,30,smb ,Monitor,8,1545.53,12364.24,pending,2026-01-15,N/A,ERP
C13195,Diego Lopez,diego.lopez@example.com,300-123-4595,Colombia,Bogotá,September 24 2026,80,retail,Mouse,6,1272.86,7637.16,inactive,N/A,3,ERP
C13196,Diego Lopez,diego.lopez@example.com,3007695250,Co,Bogota DC,2026-09-24,64,Retail,laptop,7,1692.01,-11844.07,PENDING,15/01/2026,4,ERP
C13197,Juan Pérez,juan.pérez@example.com,+57 300 384 8871,Co,Bogotá D.C.,not-a-date,76,retail,Chair,4,1491.59,5966.36,ACTIVE,N/A,2,ERP
C13198,maria Perez,maria.perez@example.com,300-123-4522,N/A,CALI,03/04/2026,51,Enterprise,Laptop,5,1055.71,5278.55,active,2026-01-15,5,ERP
C13199,Juan Sanchez,juan.sanchez@example.com,+57 300 854 9776,colombia,Bogota,2026/09/24,21,Retail,Desk,8,1849.35,14794.8,PENDING,N/A,2,ERP
C13200,Luis Garcia,luis.garcia@example.com,+57 300 875 3520,N/A,Bogota DC,2026-09-24,33,smb ,Mouse,1,598.91,598.91,inactive,,3,ERP
C13201,Maria Lopez,missing@,N/A,Unknown,bogota,2026/09/24,42,SMB,Laptop,9,1323.21,11908.89,unknown,,2,ERP
C13202, JUAN  Lopez,juan.lopez@example.com,3006833862,Colombia,Medellin,03/04/2026,19,smb ,laptop,9,1052.37,9471.33,pending,,3,ERP
C13203,Luis GARCIA,luis.garcia@example.com,+573002783236,COLOMBIA,Medellin,03/04/2026,61,retail,Monitor,2,164.16,328.32,ACTIVE,2026-01-15,4,ERP
C13204,Diego Pérez,diego.pérez@example.com,3006014109,Co,Bogota,N/A,18,SMB,LAPTOP,10,1416.92,14169.2,active,15/01/2026,N/A,ERP
C13205,maria lopez,maria.lopez@example.com,+573003322616,Colombia,MEDELLIN,03/04/2026,64,retail,Laptop,8,1347.86,10782.88,pending,2026-01-15,1,ERP
C13206,Juan Garcia,juan.garcia@example.com,N/A,Co,CALI,September 24 2026,19,Retail,Desk,4,551.59,44127.200000000004,PENDING,2026-01-15,4,ERP
C13207,Maria lopez,maria.lopez@example.com,+57 300 597 1781,Unknown,CALI,2026/09/24,61,smb ,Desk,9,1333.83,12004.47,ACTIVE,15/01/2026,2,ERP
C13208,Carlos Pérez,carlos.pérez@example.com,,Unknown,BOGOTA,2026-09-24,26,enterprise,Chair,6,328.84,1973.04,PENDING,2026-01-15,5,ERP
C13209,Carlos Lopez,carlos.lopez@example.com,N/A,COLOMBIA,Bogota DC,09/24/2026,73,retail,laptop,7,986.39,6904.73,pending,15/01/2026,,ERP
C13210,CARLOS Sanchez,carlos.sanchez@example.com,N/A,Co,Medellín,2026-09-24,30,Retail,Laptop,4,982.45,3929.8,pending,2026-01-15,N/A,ERP
C13211,Diego GARCIA,user@@example.com,300-123-4557,COLOMBIA,Bogotá D.C.,24/09/2026,64,retail,Monitor,2,77.13,154.26,PENDING,2026-01-15,,ERP
C13212,Maria Martinez,maria.martinez@example.com,N/A,N/A,Cali,03/04/2026,24,retail,LAPTOP,9,888.12,7993.08,active,2026-01-15,,ERP
C13213,Laura GARCIA,laura.garcia@example.com,3001973882,Colombia,MEDELLIN,03/04/2026,34,Enterprise,Laptop,9,824.89,7424.01,ACTIVE,2026-01-15,1,ERP
C13214,Ana Pérez,ana.pérez@example.com,+57 300 996 1214,Colombia,MEDELLIN,N/A,78,retail,Chair,5,933.15,4665.75,Active,2026-01-15,4,ERP
C13215,Luis GARCIA,luis.garcia@example.com,300-123-4543,Colombia,Bogotá,03/04/2026,45,Enterprise,Keyboard,10,1152.46,11524.6,pending,15/01/2026,4,ERP
C13216,Juan lopez,juan.lopez@example.com,300-123-4523,colombia,Barranquilla,not-a-date,22,Retail,laptop,1,578.04,578.04,unknown,,1,ERP
C13217,Maria lopez,missing@,+573007954560,COLOMBIA,MEDELLIN,September 24 2026,35,Retail,Laptop,10,1812.44,18124.4,active,15/01/2026,2,ERP
C13218,Ana Sanchez,ana.sanchez@example.com,,colombia,Medellin,N/A,26,smb ,Desk,7,1169.25,8184.75,PENDING,2026-01-15,5,ERP
C13219,CARLOS Pérez,carlos.pérez@example.com,N/A,Colombia,BOGOTA,09/24/2026,75,Retail,laptop,9,1048.81,9439.29,PENDING,,3,ERP
C13220, JUAN  Lopez,juan.lopez@example.com,,COLOMBIA,Bogota DC,09/24/2026,25,RETAIL,Desk,2,1724.48,3448.96,active,2026-01-15,N/A,ERP
C13221,CARLOS Pérez,carlos.pérez@example.com,+573002566578,Colombia,Medellín,09/24/2026,55,enterprise,laptop,5,1824.41,9122.05,unknown,15/01/2026,1,ERP
C13222,Sofia Perez,sofia.perez@example.com,,COLOMBIA,Cartagena,03/04/2026,47,retail,Keyboard,4,496.64,1986.56,PENDING,2026-01-15,2,ERP
C13223,Sofia GARCIA,sofia.garcia@example.com,+57 300 392 2169,Unknown,Medellín,2026-09-24,74,Retail,Monitor,7,561.0,3927.0,active,2026-01-15,2,ERP
C13224,Juan Perez,juan.perez@example.com,N/A,Co,Cali,24/09/2026,78,Enterprise,Desk,7,1370.66,9594.62,inactive,N/A,3,ERP
C13225,Carlos Martinez,carlos.martinez@example.com,,Colombia,bogota,03/04/2026,77,retail,LAPTOP,6,402.17,2413.02,pending,2026-01-15,1,ERP
C13226,Juan Garcia,juan.garcia@example.com,,Colombia,Bogota,03/04/2026,79,enterprise,Laptop,9,1898.7,17088.3,PENDING,2026-01-15,5,ERP
C13227, JUAN  Pérez,juan.pérez@example.com,+57 300 921 7105,Co,MEDELLIN,not-a-date,63,enterprise,LAPTOP,1,1450.55,1450.55,unknown,2026-01-15,1,ERP
C13228,Laura Sanchez,laura.sanchez@example.com,+573003902367,Colombia,Bogota,24/09/2026,56,Enterprise,Chair,5,1298.14,6490.7,pending,,3,ERP
C13229,Maria GARCIA,maria.garcia@example.com,+573003114317,Unknown,CALI,not-a-date,21,RETAIL,Mouse,7,1727.24,12090.68,active,,3,ERP
C13230,Luis Pérez,luis.pérez@example.com,3002059967,colombia,Medellín,24/09/2026,58,RETAIL,laptop,4,644.13,2576.52,inactive,2026-01-15,2,ERP
C13231,Diego Pérez,diego.pérez@example.com,,N/A,MEDELLIN,not-a-date,54,retail,Monitor,4,N/A,7992.32,inactive,15/01/2026,5,ERP
C13232,Juan Lopez,juan.lopez@example.com,+57 300 502 2503,COLOMBIA,CALI,September 24 2026,32,SMB,Laptop,2,1297.58,2595.16,active,,N/A,ERP
C13233,CARLOS Martinez,user@@example.com,3006315788,colombia,Bogota DC,not-a-date,999,smb ,Chair,7,1613.36,11293.52,Active,2026-01-15,4,ERP
C13234, JUAN  Garcia,juan.garcia@example.com,300-123-4529,N/A,Bogota,2026/09/24,33,enterprise,Monitor,9,1686.51,15178.59,Active,N/A,,ERP
C13235,Carlos GARCIA,carlos.garcia@example.com,300-123-4510,Colombia,Barranquilla,09/24/2026,39,SMB,Desk,9,1415.23,12737.07,pending,N/A,N/A,ERP
C13236,Diego Perez,diego.perez@example.com,N/A,Colombia,Medellín,03/04/2026,43,Enterprise,LAPTOP,3,252.3,756.9,inactive,,5,ERP
C13237,Diego lopez,diego.lopez@example.com,+573009147929,Unknown,Cali,September 24 2026,39,RETAIL,Mouse,2,1825.23,3650.46,Active,2026-01-15,1,ERP
C13238, JUAN  Martinez,juan.martinez@example.com,N/A,Unknown,Bogotá,N/A,64,Enterprise,Keyboard,6,425.34,2552.04,Active,2026-01-15,3,ERP
C13239,Maria GARCIA,maria.garcia@example.com,300-123-4522,N/A,Cartagena,24/09/2026,59,enterprise,Mouse,3,N/A,4900.29,ACTIVE,15/01/2026,4,ERP
C13240,Luis Pérez,LUIS.PÉREZ@EXAMPLE.COM,+573002075775,Co,BOGOTA,2026/09/24,58,smb ,Keyboard,7,25.72,180.04,pending,15/01/2026,4,ERP
C13241,Maria Pérez,maria.pérez@example.com,,Co,MEDELLIN,N/A,34,Enterprise,Laptop,10,503.67,5036.7,Active,2026-01-15,,ERP
C13242,CARLOS Martinez,carlos.martinez@example.com,3002111050,Unknown,Medellín,24/09/2026,76,Enterprise,Keyboard,1,96.17,96.17,unknown,,N/A,ERP
C13243,  Diego lopez  ,diego.lopez@example.com,+573003833081,Colombia,Bogotá,not-a-date,20,Retail,Laptop,9,28.45,5121.0,unknown,15/01/2026,4,ERP
C13244, JUAN  lopez,juan.lopez@example.com,3001908505,N/A,Medellín,2026/09/24,27,enterprise,Keyboard,7,568.56,3979.92,unknown,2026-01-15,2,ERP
C13245,CARLOS Pérez,carlos.pérez@example.com,,colombia,Bogota DC,03/04/2026,71,Enterprise,laptop,3,1643.24,4929.72,PENDING,15/01/2026,5,ERP
C13246,Ana lopez,ana.lopez@example.com,,N/A,Bogotá,2026/09/24,44,Enterprise,Mouse,7,579.85,4058.95,inactive,,N/A,ERP
C13247,Maria lopez,maria.lopez@example.com,,N/A,Bogota,2026-09-24,25,smb ,laptop,6,1837.19,11023.14,inactive,N/A,2,ERP
C13248,CARLOS Martinez,carlos.martinez@example.com,300-123-4590,Colombia,Bogotá,24/09/2026,62,Enterprise,laptop,2,1048.03,2096.06,PENDING,,5,ERP
C13249,maria Pérez,maria.pérez@example.com,+573006450992,COLOMBIA,Bogota,03/04/2026,33,enterprise,Laptop,10,67.28,672.8,PENDING,N/A,5,ERP
C13250,maria Pérez,maria.pérez@example.com,+573002934458,Co,bogota,September 24 2026,69,SMB,Monitor,10,1291.43,12914.3,active,,5,ERP
C13251, JUAN  Martinez,juan.martinez@example.com,+57 300 704 6497,Colombia,Medellín,2026/09/24,20,RETAIL,Monitor,7,1095.65,7669.55,ACTIVE,,3,ERP
C13252,Ana Lopez,ana.lopez@example.com,N/A,Co,MEDELLIN,09/24/2026,80,retail,LAPTOP,6,975.67,5854.02,inactive,,3,ERP
C13253,maria lopez,maria.lopez@example.com,,COLOMBIA,Bogota DC,not-a-date,32,enterprise,Desk,7,324.33,2270.31,Active,15/01/2026,2,ERP
C13254,Diego Martinez,diego.martinez@example.com,,Colombia,Barranquilla,2026-09-24,34,Enterprise,Keyboard,8,1441.37,11530.96,ACTIVE,N/A,1,ERP
C13255,Maria Pérez,maria.pérez@example.com,,N/A,bogota,24/09/2026,20,enterprise,Chair,-2,498.33,498.33,Active,,2,ERP
C13256,Luis Sanchez,luis.sanchez@example.com,,COLOMBIA,Cartagena,09/24/2026,61,Enterprise,laptop,3,612.56,1837.68,inactive,2026-01-15,,ERP
C13257,Carlos lopez,carlos.lopez@example.com,+57 300 219 4434,Unknown,Medellín,2026/09/24,49,enterprise,Keyboard,9,14.08,126.72,pending,N/A,2,ERP
C13258,Maria lopez,maria.lopez@example.com,,Unknown,Medellín,September 24 2026,53,SMB,Keyboard,3,575.72,1727.16,PENDING,15/01/2026,2,ERP
C13259,Luis Lopez,LUIS.LOPEZ@EXAMPLE.COM,+57 300 931 6418,colombia,Medellín,03/04/2026,70,smb ,Mouse,1,1122.87,1122.87,ACTIVE,2026-01-15,1,ERP
C13260,maria Lopez,maria.lopez@example.com,+57 300 896 3826,Colombia,Bogota,09/24/2026,48,retail,laptop,6,182.86,1097.16,unknown,,2,ERP
C13261,Diego Garcia,diego.garcia@example.com,N/A,Co,Medellin,09/24/2026,61,SMB,Laptop,8,567.46,4539.68,unknown,15/01/2026,,ERP
C13262,Laura GARCIA,laura.garcia@example.com,,colombia,Bogotá,09/24/2026,26,retail,Monitor,8,983.44,7867.52,active,15/01/2026,1,ERP
C13263, JUAN  GARCIA,juan.garcia@example.com,+57 300 102 6688,Co,Barranquilla,2026/09/24,74,Enterprise,Keyboard,3,289.02,867.06,inactive,,N/A,ERP
C13264,  Sofia Pérez  ,sofia.pérez@example.com,3005475419,COLOMBIA,Bogotá D.C.,24/09/2026,39,smb ,Keyboard,3,1334.29,4002.87,inactive,2026-01-15,N/A,ERP
C13265,Sofia Perez,sofia.perez@example.com,+573005293010,N/A,Barranquilla,09/24/2026,37,SMB,Keyboard,3,1127.57,3382.71,unknown,,5,ERP
C13266,Juan Pérez,juan.pérez@example.com,3004316167,colombia,Bogota,N/A,20,retail,Chair,9,795.26,7157.34,inactive,,,ERP
C10001,CARLOS Pérez,carlos.pérez@example.com,+57 300 774 2255,Colombia,CALI,03/04/2026,60,RETAIL,laptop,2,806.43,1612.86,active,N/A,,ERP
C13268,CARLOS Martinez,carlos.martinez@example.com,+57 300 548 4867,Colombia,Bogota,2026/09/24,34,Retail,laptop,1,353.47,353.47,active,,3,ERP
C13269,Diego GARCIA,diego.garcia@example.com,N/A,COLOMBIA,Bogota,24/09/2026,41,Retail,Keyboard,10,392.83,3928.3,inactive,15/01/2026,4,ERP
C13270,Diego GARCIA,diego.garcia@example.com,+573001457249,N/A,Bogotá,2026/09/24,38,smb ,laptop,10,1315.76,13157.6,Active,15/01/2026,5,ERP
C13271,  Laura Pérez  ,laura.pérez@example.com,3007890907,COLOMBIA,Bogota,not-a-date,39,smb ,laptop,10,254.28,2542.8,unknown,,4,ERP
C13272,Carlos Pérez,carlos.pérez@example.com,300-123-4588,Colombia,Medellin,03/04/2026,26,SMB,Mouse,1,1197.59,1197.59,unknown,,4,ERP
C13273,  CARLOS Pérez  ,carlos.pérez@example.com,,colombia,Medellín,2026-09-24,33,retail,Mouse,5,711.4,3557.0,PENDING,N/A,4,ERP
C13274,Sofia Sanchez,sofia.sanchez@example.com,+573001939475,N/A,MEDELLIN,September 24 2026,29,smb ,Keyboard,1,1071.56,1071.56,inactive,,5,ERP
C13275,Maria GARCIA,maria.garcia@example.com,+573006055505,colombia,Medellín,24/09/2026,19,RETAIL,LAPTOP,4,399.93,1599.72,PENDING,N/A,3,ERP
C13276, JUAN  Garcia,juan.garcia@example.com,3006548991,Colombia,MEDELLIN,09/24/2026,47,smb ,Monitor,1,877.83,877.83,active,N/A,3,ERP
C13277,   JUAN  Perez  , user@EXAMPLE.COM ,+573007689626,colombia,BOGOTA,09/24/2026,19,enterprise,Monitor,3,1888.16,5664.48,Active,,5,ERP
C13278,maria Lopez,maria.lopez@example.com,+57 300 945 3330,colombia,Cartagena,N/A,52,Enterprise,Mouse,8,159.94,1279.52,pending,N/A,4,ERP
C13279, JUAN  GARCIA,JUAN.GARCIA@EXAMPLE.COM,N/A,Co,Bogotá,24/09/2026,64,Enterprise,Mouse,3,1174.04,3522.12,active,N/A,1,ERP
C13280,Ana Perez,ana.perez@example.com,N/A,Colombia,MEDELLIN,September 24 2026,78,smb ,Mouse,5,1316.59,6582.95,PENDING,15/01/2026,5,ERP
C13281,Juan Lopez,juan.lopez@example.com,N/A,colombia,Bogotá,2026/09/24,79,Retail,Laptop,7,1710.36,11972.52,pending,,5,ERP
C13282,Carlos Perez,carlos.perez@example.com,3002600057,Unknown,Barranquilla,24/09/2026,45,enterprise,Chair,9,1631.89,14687.01,inactive,N/A,1,ERP
C13283,maria GARCIA,maria.garcia@example.com,300-123-4595,Co,Medellin,September 24 2026,75,retail,Laptop,10,1585.01,15850.1,pending,,1,ERP
C13284,Ana lopez,ana.lopez@example.com,300-123-4594,Co,CALI,2026-09-24,40,SMB,Mouse,7,1506.16,10543.12,active,N/A,1,ERP
C13285,maria Lopez,maria.lopez@example.com,3005691763,N/A,Cali,N/A,35,Retail,laptop,9,1285.12,11566.08,ACTIVE,2026-01-15,N/A,ERP
C13286,Laura Martinez,laura.martinez@example.com,N/A,N/A,MEDELLIN,N/A,54,smb ,Chair,9,1233.73,11103.57,Active,N/A,2,ERP
C13287,Juan GARCIA,juan.garcia@example.com,N/A,Unknown,CALI,2026-09-24,56,Retail,laptop,6,722.03,4332.18,inactive,15/01/2026,N/A,ERP
C13288,Diego Pérez,diego.pérez@example.com,3009254674,COLOMBIA,Cartagena,2026/09/24,60,SMB,Laptop,7,843.17,5902.19,Active,,2,ERP
C13289,Sofia Perez,sofia.perez@example.com,3002715495,Co,Cali,03/04/2026,46,SMB,Mouse,7,1252.48,8767.36,unknown,N/A,,ERP
C10001,maria GARCIA,maria.garcia@example.com,+573005356696,colombia,BOGOTA,N/A,62,Enterprise,Mouse,7,1937.64,13563.48,active,2026-01-15,4,ERP
C13291,Maria Martinez,maria.martinez@example.com,N/A,Co,CALI,24/09/2026,50,enterprise,Mouse,9,1874.01,16866.09,ACTIVE,,N/A,ERP
C13292,Maria Perez,maria.perez@example.com,300-123-4526,N/A,Medellín,2026/09/24,69,Retail,Desk,1,1304.24,1304.24,PENDING,15/01/2026,1,ERP
C13293,Ana lopez,ana.lopez@example.com,+573008403599,Unknown,MEDELLIN,03/04/2026,70,SMB,Desk,5,1152.97,5764.85,PENDING,2026-01-15,1,ERP
C13294,Juan Lopez,juan.lopez@example.com,3002861505,colombia,Bogota,2026-09-24,66,Retail,Mouse,4,589.9,2359.6,pending,15/01/2026,2,ERP
C13295,  Maria GARCIA  ,maria.garcia@example.com,+57 300 242 3437,N/A,Bogota,September 24 2026,65,smb ,Laptop,10,1854.07,18540.7,Active,15/01/2026,,ERP
C13296,Ana Lopez,?,null,COLOMBIA,,2026/09/24,71,SMB,Chair,5,1918.53,9592.65,pending,15/01/2026,1,ERP
C13297,CARLOS Lopez,carlos.lopez@example.com,+573001364540,Unknown,bogota,09/24/2026,20,smb ,Desk,9,1675.97,15083.73,Active,,,ERP
C13298,Sofia Martinez,sofia.martinez@example.com,+573004785775,COLOMBIA,BOGOTA,03/04/2026,21,retail,Laptop,3,540.63,1621.89,inactive,,,ERP
C13299,Sofia Martinez,sofia.martinez@example.com,N/A,Colombia,BOGOTA,03/04/2026,21,smb ,LAPTOP,6,1683.16,10098.96,Active,N/A,4,ERP
C13300,Diego Garcia,diego.garcia@example.com,,colombia,Bogotá D.C.,2026/09/24,47,retail,Laptop,4,1275.81,5103.24,ACTIVE,N/A,2,ERP
C13301,Diego lopez,diego.lopez@example.com,3008575738,N/A,Bogota,03/04/2026,25,Retail,LAPTOP,9,1406.02,12654.18,unknown,N/A,2,ERP
C13302,Juan Lopez,juan.lopez@example.com,3008022301,Colombia,Bogota,September 24 2026,48,Retail,Laptop,1,983.2,983.2,Active,15/01/2026,5,ERP
C13303,Juan Garcia,juan.garcia@example.com,3003823446,COLOMBIA,Bogotá D.C.,09/24/2026,72,Retail,laptop,9,219.11,1971.99,unknown,,,ERP
C13304,Diego Lopez,diego.lopez@example.com,N/A,Unknown,CALI,2026-09-24,48,retail,LAPTOP,8,187.62,1500.96,PENDING,N/A,5,ERP
C13305,Ana lopez,ana.lopez@example.com,N/A,Unknown,Bogotá D.C.,N/A,43,enterprise,Keyboard,5,1995.19,9975.95,Active,15/01/2026,2,ERP
C13306,  Juan Perez  ,juan.perez@example.com,,Colombia,MEDELLIN,September 24 2026,21,SMB,Laptop,1,923.72,-923.72,ACTIVE,N/A,3,ERP
C13307,Carlos Martinez,carlos.martinez@example.com,+57 300 390 2225,N/A,BOGOTA,2026/09/24,66,enterprise,Laptop,5,1373.38,6866.9,ACTIVE,,2,ERP
C13308,Laura Garcia,laura.garcia@example.com,N/A,colombia,Bogotá D.C.,September 24 2026,37,retail,Keyboard,2,213.63,427.26,PENDING,,1,ERP
C13309,maria Garcia,maria.garcia@example.com,N/A,N/A,bogota,not-a-date,41,Retail,LAPTOP,5,1473.88,7369.4,inactive,15/01/2026,1,ERP
C13310,Juan GARCIA,juan.garcia@example.com,+57 300 861 3277,Unknown,Medellin,not-a-date,53,Enterprise,Keyboard,5,949.17,4745.85,Active,15/01/2026,2,ERP
C13311,Ana Pérez,ana.pérez@example.com,,colombia,Cali,24/09/2026,43,SMB,Monitor,6,1997.73,11986.38,unknown,N/A,2,ERP
C13312,Maria Martinez,maria.martinez@example.com,,Colombia,Cali,not-a-date,48,Enterprise,Mouse,2,477.15,954.3,active,15/01/2026,3,ERP
C13313,Sofia lopez,sofia.lopez@example.com,300-123-4594,Co,Bogota,24/09/2026,65,enterprise,laptop,2,1846.23,3692.46,unknown,2026-01-15,1,ERP
C13314,Laura Sanchez,laura.sanchez@example.com,,Colombia,Medellin,2026-09-24,78,SMB,laptop,6,1065.53,6393.18,ACTIVE,15/01/2026,3,ERP
C13315,Laura Garcia,laura.garcia@example.com,300-123-4590,Colombia,Bogota,N/A,24,retail,Chair,2,1526.08,3052.16,unknown,2026-01-15,4,ERP
C13316,Diego Perez,diego.perez@example.com,N/A,colombia,Cartagena,24/09/2026,35,RETAIL,LAPTOP,6,"1931,26",11587.56,inactive,N/A,N/A,ERP
C13317,Sofia Perez,sofia.perez@example.com,,Colombia,Bogotá D.C.,September 24 2026,74,SMB,Monitor,5,450.64,2253.2,unknown,2026-01-15,N/A,ERP
C13318,Carlos Perez,carlos.perez@example.com,,Co,MEDELLIN,not-a-date,50,RETAIL,Keyboard,9,"1713,14",15418.26,ACTIVE,,1,ERP
C13319,CARLOS Lopez,carlos.lopez@example.com,3001859080,Colombia,Cartagena,09/24/2026,58,SMB,Mouse,9,622.82,112107.6,PENDING,2026-01-15,5,ERP
C13320,Juan Lopez,juan.lopez@example.com,3006901774,colombia,CALI,2026-09-24,50,RETAIL,Keyboard,10,212.31,2123.1,Active,2026-01-15,N/A,ERP
C13321,  Ana GARCIA  ,ana.garcia@example.com,3004947407,COLOMBIA,BOGOTA,2026-09-24,56,Enterprise,Chair,2,"1461,26",2922.52,pending,15/01/2026,1,ERP
C13322,Luis Perez,luis.perez@example.com,,Colombia,BOGOTA,N/A,19,RETAIL,LAPTOP,10,1021.36,10213.6,pending,,2,ERP
C13323,Ana Martinez,ana.martinez@example.com,+57 300 376 4855,Colombia,Bogotá D.C.,03/04/2026,37,enterprise,laptop,3,32.83,98.49,unknown,N/A,4,ERP
C13324,Maria Garcia,maria.garcia@example.com,300-123-4586,Co,bogota,September 24 2026,70,Enterprise,Chair,4,1274.28,5097.12,PENDING,,5,ERP
C13325,Juan Pérez,juan.pérez@example.com,+57 300 989 9404,Unknown,Medellín,09/24/2026,18,smb ,Chair,5,1193.82,5969.1,pending,2026-01-15,1,ERP
C13326,Carlos lopez,carlos.lopez@example.com,300-123-4528,Colombia,Bogota DC,2026/09/24,74,retail,Laptop,6,N/A,10541.1,unknown,15/01/2026,2,ERP
C13327,Juan GARCIA,juan.garcia@example.com,,COLOMBIA,Cali,not-a-date,31,RETAIL,Desk,5,1304.29,6521.45,ACTIVE,2026-01-15,N/A,ERP
C13328,Carlos Garcia,carlos.garcia@example.com,N/A,Unknown,Barranquilla,09/24/2026,68,smb ,Keyboard,1,921.86,921.86,unknown,N/A,4,ERP
C13329,CARLOS Perez,carlos.perez@example.com,3007100474,N/A,Cali,not-a-date,20,RETAIL,Laptop,4,182.11,728.44,inactive,15/01/2026,1,ERP
C13330,Juan lopez,juan.lopez@example.com,+57 300 350 4924,Unknown,Bogotá,September 24 2026,67,smb ,Keyboard,-2,1332.51,1332.51,PENDING,N/A,4,ERP
C13331,maria Martinez,maria.martinez@example.com,N/A,Colombia,Bogotá D.C.,24/09/2026,54,SMB,laptop,10,1402.29,14022.9,pending,N/A,4,ERP
C13332,Ana Sanchez,ana.sanchez@example.com,+573008628687,COLOMBIA,Cartagena,not-a-date,36,Enterprise,Desk,1,1460.33,1460.33,PENDING,2026-01-15,5,ERP
C13333,Juan Perez,juan.perez@example.com,N/A,N/A,Bogota DC,N/A,47,enterprise,Keyboard,10,1788.2,17882.0,inactive,2026-01-15,4,ERP
C13334,maria GARCIA,maria.garcia@example.com,N/A,N/A,Bogota,03/04/2026,26,SMB,Laptop,5,459.77,2298.85,ACTIVE,N/A,N/A,ERP
C13335,Luis Pérez,luis.pérez@example.com,300-123-4598,Co,CALI,2026-09-24,65,smb ,Keyboard,2,1191.32,2382.64,active,15/01/2026,2,ERP
C13336,maria Garcia,maria.garcia@example.com,3004560400,COLOMBIA,CALI,03/04/2026,-5,retail,laptop,9,1232.54,11092.86,pending,2026-01-15,5,ERP
C13337,Ana GARCIA,ana.garcia@example.com,300-123-4591,Colombia,Bogota DC,2026/09/24,27,Enterprise,LAPTOP,1,967.71,967.71,unknown,N/A,N/A,ERP
C13338,CARLOS Perez,carlos.perez@example.com,,Co,Bogotá D.C.,September 24 2026,51,Retail,Chair,9,356.68,3210.12,ACTIVE,,4,ERP
C13339,Juan Perez,juan.perez@example.com,+573001417431,Co,Cali,N/A,55,enterprise,Mouse,4,756.23,3024.92,inactive,,N/A,ERP
C13340, JUAN  Garcia,juan.garcia@example.com,3006170995,COLOMBIA,CALI,September 24 2026,77,RETAIL,laptop,8,218.77,1750.16,pending,15/01/2026,1,ERP
C13341,Maria Lopez,maria.lopez@example.com,+573004371897,Co,Bogota DC,2026-09-24,79,retail,LAPTOP,1,"524,64",524.64,inactive,N/A,1,ERP
C13342,maria Lopez,maria.lopez@example.com,+57 300 118 8603,Unknown,Cartagena,2026-09-24,54,Enterprise,Mouse,-2,1786.87,1786.87,unknown,,,ERP
C13343,Ana Lopez,ana.lopez@example.com,+573003531382,Colombia,Barranquilla,09/24/2026,80,Retail,Laptop,9,1786.12,16075.08,Active,,2,ERP
C13344,maria lopez,maria.lopez@example.com,+573004484302,N/A,Cartagena,09/24/2026,68,SMB,laptop,6,419.76,2518.56,active,,3,ERP
C13345,Laura Pérez,laura.pérez@example.com,+57 300 929 2272,Co,Bogotá,24/09/2026,57,RETAIL,Mouse,7,"$1,372.94",9610.58,pending,N/A,N/A,ERP
C13346,Luis Perez,luis.perez@example.com,+573004385905,N/A,Medellín,not-a-date,57,Enterprise,laptop,10,1760.37,17603.7,pending,15/01/2026,4,ERP
C13347,maria GARCIA,maria.garcia@example.com,300-123-4532,Unknown,Bogota DC,September 24 2026,21,smb ,Chair,5,299.99,1499.95,pending,,,ERP
C13348,Diego Lopez,diego.lopez@example.com,+57 300 159 7597,colombia,Medellín,2026-09-24,46,Enterprise,Chair,6,1348.87,8093.22,active,2026-01-15,1,ERP
C13349,Carlos Pérez,carlos.pérez@example.com,300-123-4510,N/A,Bogotá,09/24/2026,51,Retail,laptop,10,N/A,3949.4,PENDING,15/01/2026,1,ERP
C13350,maria Sanchez,maria.sanchez@example.com,+57 300 691 8613,COLOMBIA,Bogota,24/09/2026,24,retail,Desk,8,1677.37,13418.96,unknown,2026-01-15,2,ERP
C13351,Sofia lopez,sofia.lopez@example.com,+573002399486,COLOMBIA,BOGOTA,03/04/2026,52,RETAIL,LAPTOP,4,233.64,934.56,Active,15/01/2026,5,ERP
C13352,Juan Pérez,juan.pérez@example.com,N/A,colombia,Bogota DC,03/04/2026,23,Enterprise,Desk,2,1999.67,-3999.34,PENDING,N/A,,ERP
C13353,CARLOS Perez,CARLOS.PEREZ@EXAMPLE.COM,N/A,Unknown,Bogotá,09/24/2026,50,retail,Desk,10,96.19,961.9,active,15/01/2026,4,ERP
C13354,Luis Martinez,luis.martinez@example.com,N/A,colombia,Bogotá,24/09/2026,34,smb ,LAPTOP,2,860.38,1720.76,ACTIVE,15/01/2026,5,ERP
C13355,Luis lopez,luis.lopez@example.com,N/A,Unknown,Bogotá,03/04/2026,75,retail,Monitor,4,823.54,3294.16,PENDING,2026-01-15,N/A,ERP
C13356,Laura Garcia,laura.garcia@example.com,300-123-4550,Colombia,Bogotá,09/24/2026,19,Retail,Keyboard,6,253.72,30446.399999999998,unknown,,3,ERP
C13357,Laura GARCIA,laura.garcia@example.com,+57 300 211 5686,Co,Cartagena,2026/09/24,40,RETAIL,Keyboard,4,1544.17,6176.68,PENDING,N/A,N/A,ERP
C13358,Sofia Lopez,sofia.lopez@example.com,+57 300 624 8651,Unknown,Cali,2026/09/24,40,retail,LAPTOP,3,207.37,622.11,pending,2026-01-15,N/A,ERP
C13359,CARLOS Martinez,carlos.martinez@example.com,N/A,N/A,Bogota,03/04/2026,32,Retail,LAPTOP,6,1188.86,7133.16,Active,N/A,N/A,ERP
C13360,Juan lopez,juan.lopez@example.com,+57 300 487 8487,Colombia,Bogota,September 24 2026,54,retail,Mouse,9,59.29,533.61,PENDING,N/A,,ERP
C13361,Juan Garcia,juan.garcia@example.com,300-123-4527,colombia,Bogotá D.C.,not-a-date,78,SMB,laptop,10,825.49,8254.9,unknown,,3,ERP
C13362,CARLOS Martinez,carlos.martinez@example.com,N/A,COLOMBIA,Barranquilla,2026/09/24,18,smb ,Chair,7,640.25,4481.75,unknown,N/A,5,ERP
C13363,Luis Sanchez,luis.sanchez@example.com,N/A,Colombia,CALI,24/09/2026,57,enterprise,Desk,6,1729.29,10375.74,active,N/A,1,ERP
C13364,Luis Perez,luis.perez@example.com,N/A,N/A,CALI,N/A,53,SMB,Monitor,3,"86,59",259.77,PENDING,2026-01-15,4,ERP
C13365,CARLOS Martinez,carlos.martinez@example.com,N/A,COLOMBIA,Bogota,2026-09-24,56,SMB,Chair,8,86.01,688.08,PENDING,2026-01-15,4,ERP
C13366,Luis Garcia,luis.garcia@example.com,,N/A,Bogota,24/09/2026,32,SMB,laptop,4,477.64,1910.56,unknown,15/01/2026,2,ERP
C13367,  Maria lopez  ,maria.lopez@example.com,N/A,Co,Bogotá,03/04/2026,22,Retail,Chair,2,"$1,721.28",3442.56,inactive,15/01/2026,1,ERP
C13368,Laura GARCIA,laura.garcia@example.com,+57 300 106 4033,Colombia,Cartagena,N/A,72,RETAIL,LAPTOP,2,492.86,985.72,pending,2026-01-15,5,ERP
C13369,Luis Garcia,luis.garcia@example.com,+573002235823,N/A,Bogotá D.C.,2026-09-24,41,Retail,laptop,6,763.82,4582.92,inactive,N/A,N/A,ERP
C13370,Diego Garcia,diego.garcia@example.com,3006312829,Unknown,Medellin,N/A,45,enterprise,Laptop,10,828.99,8289.9,active,,4,ERP
C13371, JUAN  Lopez,juan.lopez@example.com,300-123-4541,Unknown,BOGOTA,2026-09-24,55,RETAIL,laptop,7,92.85,649.95,active,15/01/2026,2,ERP
C13372,Maria Garcia,maria.garcia@example.com,3001910311,N/A,Barranquilla,not-a-date,18,enterprise,Keyboard,8,1228.75,9830.0,Active,2026-01-15,2,ERP
C13373,Juan Garcia,juan.garcia@example.com,+573005190042,colombia,CALI,2026/09/24,35,Enterprise,laptop,6,473.85,2843.1,Active,,,ERP
C13374,Maria GARCIA,maria.garcia@example.com,+573007205343,Co,Bogotá,not-a-date,60,retail,Keyboard,10,1347.74,13477.4,Active,N/A,3,ERP
C13375,Diego Martinez,diego.martinez@example.com,+573002798591,Co,Bogota,N/A,71,Enterprise,Mouse,9,59.46,535.14,PENDING,15/01/2026,1,ERP
C13376,Maria lopez,maria.lopez@example.com,+573001686399,COLOMBIA,Bogota DC,not-a-date,57,Retail,laptop,9,1775.58,15980.22,inactive,15/01/2026,,ERP
C13377,Maria Perez,maria.perez@example.com,3002574630,N/A,Cali,September 24 2026,77,enterprise,Chair,3,1233.42,3700.26,unknown,N/A,1,ERP
C13378,Sofia Lopez,sofia.lopez@example.com,300-123-4528,Colombia,Cali,not-a-date,70,RETAIL,Desk,10,393.6,3936.0,active,N/A,5,ERP
C13379, JUAN  Lopez,juan.lopez@example.com,300-123-4560,Colombia,BOGOTA,2026-09-24,24,Enterprise,Monitor,5,N/A,5213.1,active,2026-01-15,2,ERP
C13380,Carlos Perez,carlos.perez@example.com,+573005021861,Unknown,Cali,09/24/2026,59,enterprise,Monitor,6,1644.91,9869.46,Active,15/01/2026,,ERP
C13381,Sofia Sanchez,sofia.sanchez@example.com,300-123-4560,N/A,BOGOTA,2026-09-24,76,Retail,Laptop,4,658.81,2635.24,ACTIVE,N/A,3,ERP
C13382,Ana Garcia,user@@example.com,+573008527626,Unknown,Barranquilla,2026/09/24,62,Retail,Desk,7,936.83,6557.81,Active,,5,ERP
C13383,Luis lopez,luis.lopez@example.com,+57 300 214 3487,Co,Bogotá,03/04/2026,56,retail,Monitor,8,410.24,3281.92,ACTIVE,,2,ERP
C13384,Carlos Perez,carlos.perez@example.com,300-123-4594,Co,bogota,03/04/2026,47,SMB,Keyboard,1,1628.0,1628.0,pending,2026-01-15,5,ERP
C13385,maria Martinez,maria.martinez@example.com,+573005125296,colombia,Cali,2026/09/24,20,Retail,Laptop,6,N/A,9445.02,pending,15/01/2026,5,ERP
C13386,maria Pérez,maria.pérez@example.com,+573003996054,COLOMBIA,Bogota,09/24/2026,18,RETAIL,Mouse,7,1811.87,12683.09,pending,15/01/2026,4,ERP
C13387,Sofia Martinez,sofia.martinez@example.com,+57 300 672 5353,colombia,Bogotá D.C.,2026-09-24,54,RETAIL,Desk,9,559.53,5035.77,PENDING,N/A,5,ERP
C13388,Laura Lopez,laura.lopez@example.com,,colombia,Cali,03/04/2026,50,Retail,Mouse,3,451.81,1355.43,Active,,1,ERP
C13389,CARLOS GARCIA,carlos.garcia@example.com,300-123-4591,N/A,Bogota DC,N/A,33,SMB,Desk,8,106.48,851.84,Active,,2,ERP
C13390,  Luis GARCIA  ,luis.garcia@example.com,,N/A,MEDELLIN,September 24 2026,23,smb ,LAPTOP,3,1442.51,4327.53,ACTIVE,,,ERP
C13391,Maria lopez,maria.lopez@example.com,300-123-4558,Unknown,BOGOTA,09/24/2026,76,Enterprise,LAPTOP,10,1703.61,17036.1,unknown,15/01/2026,1,ERP
C13392,Ana Perez,ana.perez@example.com,N/A,N/A,Cartagena,09/24/2026,-5,enterprise,LAPTOP,1,441.4,441.4,pending,,1,ERP
C13393,Laura Lopez,laura.lopez@example.com,3005402078,COLOMBIA,CALI,09/24/2026,61,RETAIL,Keyboard,9,534.21,4807.89,unknown,15/01/2026,5,ERP
C13394,Luis Lopez,luis.lopez@example.com,N/A,Colombia,Medellin,N/A,49,retail,Mouse,10,221.66,2216.6,ACTIVE,2026-01-15,,ERP
C13395,maria Garcia,maria.garcia@example.com,300-123-4545,Colombia,bogota,not-a-date,61,SMB,Laptop,6,804.57,4827.42,inactive,,4,ERP
C13396,CARLOS Lopez,carlos.lopez@example.com,3002000393,Colombia,Cartagena,2026/09/24,47,enterprise,Keyboard,5,1674.02,8370.1,PENDING,N/A,3,ERP
C13397,Carlos GARCIA,carlos.garcia@example.com,+573008381548,N/A,Bogota,24/09/2026,48,retail,LAPTOP,6,598.83,3592.98,Active,N/A,N/A,ERP
C13398,maria Pérez,maria.pérez@example.com,+57 300 481 8185,COLOMBIA,MEDELLIN,03/04/2026,42,smb ,Laptop,-2,N/A,627.03,active,,3,ERP
C13399, JUAN  GARCIA,juan.garcia@example.com,300-123-4558,COLOMBIA,Cali,09/24/2026,64,Enterprise,Keyboard,3,41.0,123.0,inactive,,3,ERP
C13400,Carlos Lopez,carlos.lopez@example.com,,COLOMBIA,BOGOTA,09/24/2026,37,Retail,laptop,4,287.96,1151.84,inactive,2026-01-15,1,ERP
C13401,Luis Lopez,luis.lopez@example.com,,Colombia,Bogota DC,N/A,29,Retail,Monitor,9,1259.47,11335.23,inactive,,3,ERP
C13402,maria lopez,maria.lopez@example.com,,Unknown,Bogotá,03/04/2026,78,SMB,Mouse,2,91.23,182.46,ACTIVE,15/01/2026,5,ERP
C13403,Juan Pérez,juan.pérez@example.com,+573001024722,Unknown,Medellin,September 24 2026,73,retail,Desk,1,564.21,564.21,ACTIVE,N/A,2,ERP
C13404,Diego Sanchez,not-an-email,3006073617,N/A,Medellin,24/09/2026,38,retail,Laptop,1,1981.12,1981.12,pending,2026-01-15,N/A,ERP
C13405,  Juan Lopez  ,juan.lopez@example.com,N/A,Unknown,bogota,03/04/2026,78,SMB,Laptop,7,590.94,-4136.58,active,2026-01-15,1,ERP
C13406,maria Pérez,maria.pérez@example.com,+57 300 601 3288,Colombia,bogota,2026-09-24,26,Enterprise,laptop,2,1132.41,2264.82,pending,N/A,,ERP
C13407,Ana Perez,N/A,+573003457766,N/A,Bogota DC,September 24 2026,20,Enterprise,Chair,4,1784.93,7139.72,unknown,N/A,3,ERP
C13408,maria Sanchez,maria.sanchez@example.com,300-123-4520,Co,BOGOTA,09/24/2026,59,SMB,laptop,2,1336.52,2673.04,pending,,5,ERP
C13409,Carlos lopez,carlos.lopez@example.com,+573003507272,Co,Cartagena,September 24 2026,51,RETAIL,Keyboard,9,181.64,1634.76,PENDING,N/A,5,ERP
C13410,Luis Pérez,user@@example.com,3007929818,colombia,Medellín,2026-09-24,25,Retail,Monitor,3,1438.77,4316.31,ACTIVE,15/01/2026,3,ERP
C13411,Luis Perez,luis.perez@example.com,+57 300 195 3839,Co,CALI,2026/09/24,79,Enterprise,laptop,6,N/A,7593.0,PENDING,15/01/2026,N/A,ERP
C10001,Ana GARCIA,ana.garcia@example.com,N/A,Colombia,BOGOTA,09/24/2026,38,SMB,LAPTOP,3,635.9,1907.7,PENDING,2026-01-15,4,ERP
C13413,maria GARCIA,maria.garcia@example.com,,Unknown,Bogota,03/04/2026,23,smb ,Mouse,8,1106.89,8855.12,active,15/01/2026,4,ERP
C13414,Luis Garcia,luis.garcia@example.com,3002385972,N/A,bogota,N/A,69,RETAIL,Laptop,10,940.06,9400.6,Active,,1,ERP
C13415,Juan Pérez,JUAN.PÉREZ@EXAMPLE.COM,N/A,Unknown,Cartagena,24/09/2026,58,Enterprise,LAPTOP,10,754.26,7542.6,inactive,2026-01-15,3,ERP
C13416,Carlos Martinez,carlos.martinez@example.com,3002175920,N/A,Medellín,2026/09/24,72,enterprise,Laptop,6,767.72,4606.32,pending,2026-01-15,5,ERP
C13417,Sofia Pérez,sofia.pérez@example.com,+57 300 226 8095,COLOMBIA,Barranquilla,2026-09-24,75,SMB,Desk,1,1399.28,1399.28,ACTIVE,N/A,1,ERP
C13418,CARLOS Lopez,carlos.lopez@example.com,N/A,Co,Medellín,09/24/2026,66,retail,laptop,6,644.74,3868.44,unknown,,N/A,ERP
C13419,CARLOS lopez,carlos.lopez@example.com,3003586564,Co,Medellin,2026/09/24,67,retail,Monitor,1,1255.72,1255.72,Active,15/01/2026,5,ERP
C13420,Diego lopez,diego.lopez@example.com,3006505904,COLOMBIA,Cali,September 24 2026,22,SMB,laptop,10,320.72,3207.2,active,2026-01-15,3,ERP
C13421,Maria Pérez,maria.pérez@example.com,+57 300 901 8903,Colombia,Bogota,03/04/2026,21,retail,laptop,10,1391.56,13915.6,active,2026-01-15,N/A,ERP
C13422,Ana Lopez,ana.lopez@example.com,300-123-4539,Unknown,BOGOTA,2026-09-24,35,SMB,Keyboard,7,1980.93,13866.51,unknown,,3,ERP
C13423,Diego GARCIA,diego.garcia@example.com,N/A,Co,Bogota,2026/09/24,66,Retail,Desk,10,1278.42,12784.2,pending,N/A,1,ERP
C13424,maria Sanchez,maria.sanchez@example.com,3002008461,COLOMBIA,Cartagena,2026-09-24,78,Retail,laptop,1,1708.24,1708.24,ACTIVE,N/A,3,ERP
C13425,Ana Perez,ana.perez@example.com,+57 300 741 8035,N/A,BOGOTA,2026/09/24,26,Enterprise,Monitor,1,498.19,498.19,PENDING,15/01/2026,2,ERP
C13426,Laura Pérez,laura.pérez@example.com,3004008005,N/A,Cartagena,not-a-date,37,enterprise,Monitor,5,674.95,3374.75,ACTIVE,N/A,N/A,ERP
C13427,Laura Martinez,laura.martinez@example.com,+57 300 681 4966,COLOMBIA,Bogota,24/09/2026,80,Enterprise,laptop,8,292.82,2342.56,inactive,2026-01-15,5,ERP
C13428,maria Lopez,maria.lopez@example.com,+573002875551,N/A,Bogota,03/04/2026,42,smb ,laptop,6,75.06,450.36,ACTIVE,,2,ERP
C13429,CARLOS Perez,carlos.perez@example.com,N/A,COLOMBIA,Bogotá,2026-09-24,26,Retail,Keyboard,-2,1443.88,1443.88,Active,N/A,,ERP
C13430,maria lopez,maria.lopez@example.com,,Colombia,Barranquilla,N/A,32,SMB,Keyboard,2,719.91,1439.82,active,N/A,N/A,ERP
C13431,Sofia Pérez,sofia.pérez@example.com,N/A,COLOMBIA,MEDELLIN,2026/09/24,22,Enterprise,LAPTOP,7,1860.32,13022.24,active,,4,ERP
C13432,CARLOS Pérez,carlos.pérez@example.com,+573008926181,colombia,Cartagena,24/09/2026,68,Retail,Mouse,7,1357.36,9501.52,inactive,N/A,4,ERP
C13433,Ana Garcia,ana.garcia@example.com,+573007848653,COLOMBIA,CALI,N/A,32,Enterprise,Monitor,3,1087.19,3261.57,unknown,15/01/2026,2,ERP
C13434,CARLOS Garcia,carlos.garcia@example.com,,COLOMBIA,Medellín,2026/09/24,39,enterprise,Chair,1,1217.78,1217.78,active,2026-01-15,N/A,ERP
C13435,Luis Lopez,luis.lopez@example.com,300-123-4589,Colombia,BOGOTA,09/24/2026,51,SMB,LAPTOP,3,505.0,1515.0,PENDING,15/01/2026,5,ERP
C13436,Diego lopez,diego.lopez@example.com,N/A,COLOMBIA,MEDELLIN,2026/09/24,58,RETAIL,Mouse,7,1157.83,8104.81,ACTIVE,,3,ERP
C13437,Ana Lopez,ANA.LOPEZ@EXAMPLE.COM,+573001234787,Colombia,Bogota DC,2026/09/24,41,retail,Chair,8,1401.53,11212.24,Active,N/A,2,ERP
C13438,Diego Perez,diego.perez@example.com,,colombia,Bogotá D.C.,03/04/2026,19,enterprise,Monitor,6,508.24,3049.44,inactive,,N/A,ERP
C13439,Diego Pérez,diego.pérez@example.com,,colombia,Cartagena,not-a-date,46,RETAIL,Desk,1,"824,9",824.9,active,2026-01-15,2,ERP
C13440,Juan Pérez,juan.pérez@example.com,,Colombia,Bogotá D.C.,09/24/2026,200,SMB,Laptop,10,600.6,6006.0,pending,2026-01-15,1,ERP
C13441,Sofia Pérez,sofia.pérez@example.com,N/A,Co,Medellín,September 24 2026,62,Retail,Mouse,-1,1230.51,1230.51,inactive,15/01/2026,1,ERP
C13442,maria Martinez,maria.martinez@example.com,300-123-4550,N/A,Bogota DC,N/A,45,retail,Monitor,9,701.91,6317.19,ACTIVE,,2,ERP
C13443,Maria lopez,maria.lopez@example.com,,N/A,Bogota DC,2026/09/24,56,smb ,Laptop,6,1845.36,11072.16,ACTIVE,N/A,N/A,ERP
C13444,Ana lopez,ana.lopez@example.com,,Co,Cali,N/A,39,SMB,Laptop,2,$234.17,468.34,ACTIVE,15/01/2026,5,ERP
C13445,Luis lopez,luis.lopez@example.com,N/A,N/A,BOGOTA,2026/09/24,41,SMB,laptop,10,1302.53,260506.0,unknown,,2,ERP
C13446,CARLOS Pérez,carlos.pérez@example.com,+573006883637,Colombia,Medellín,24/09/2026,54,retail,laptop,8,626.46,5011.68,pending,,,ERP
C13447, JUAN  Pérez,juan.pérez@example.com,300-123-4556,N/A,Cartagena,09/24/2026,61,retail,Desk,3,1261.49,3784.47,PENDING,,,ERP
C13448,Luis Perez,luis.perez@example.com,+57 300 934 1758,N/A,MEDELLIN,N/A,34,Enterprise,Keyboard,10,820.08,8200.8,Active,N/A,2,ERP
C13449,Juan Pérez,juan.pérez@example.com,N/A,colombia,Medellin,09/24/2026,45,Retail,Chair,8,1571.94,12575.52,unknown,15/01/2026,N/A,ERP
C13450,maria Sanchez,maria.sanchez@example.com,+573003641421,Unknown,Barranquilla,03/04/2026,26,SMB,laptop,10,N/A,17404.1,pending,N/A,5,ERP
C13451,Carlos GARCIA,carlos.garcia@example.com,3005204793,Unknown,CALI,2026/09/24,41,SMB,Keyboard,8,856.28,6850.24,Active,2026-01-15,1,ERP
C13452, JUAN  Sanchez,juan.sanchez@example.com,,Unknown,Bogota DC,2026-09-24,20,Enterprise,Laptop,8,1904.61,15236.88,inactive,,1,ERP
C13453,Ana Perez,missing@,3009030869,Colombia,Medellín,24/09/2026,49,Retail,laptop,5,72.16,360.8,pending,,5,ERP
C13454,Carlos Lopez,carlos.lopez@example.com,,Unknown,CALI,2026/09/24,22,SMB,Desk,9,$85.34,768.06,ACTIVE,2026-01-15,5,ERP
C13455,Sofia Perez,sofia.perez@example.com,3007169673,Unknown,Bogotá D.C.,09/24/2026,43,enterprise,Keyboard,2,129.75,259.5,PENDING,2026-01-15,N/A,ERP
C13456,Diego Garcia,diego.garcia@example.com,N/A,Colombia,Barranquilla,24/09/2026,50,Enterprise,Monitor,5,944.15,4720.75,PENDING,N/A,2,ERP
C13457,Juan lopez,juan.lopez@example.com,+57 300 118 5239,Unknown,MEDELLIN,2026-09-24,53,SMB,Mouse,5,258.75,1293.75,Active,,1,ERP
C13458,Luis Sanchez,?,null,Co,,03/04/2026,78,Enterprise,Monitor,8,22.18,177.44,ACTIVE,2026-01-15,2,ERP
C13459,maria Lopez,maria.lopez@example.com,+573005828150,Co,BOGOTA,2026-09-24,60,Retail,Mouse,9,1993.33,17939.97,pending,,2,ERP
C13460,Carlos Lopez,carlos.lopez@example.com,3002971491,COLOMBIA,Medellín,09/24/2026,35,Retail,Desk,9,253.0,2277.0,inactive,15/01/2026,5,ERP
C13461,Maria Pérez,maria.pérez@example.com,+57 300 708 8453,Co,MEDELLIN,2026-09-24,31,SMB,Keyboard,8,243.16,1945.28,unknown,15/01/2026,3,ERP
C13462,Sofia lopez,sofia.lopez@example.com,,N/A,BOGOTA,09/24/2026,36,enterprise,Keyboard,4,1428.03,5712.12,PENDING,15/01/2026,4,ERP
C13463,CARLOS Perez,CARLOS.PEREZ@EXAMPLE.COM,+573008341311,Unknown,CALI,24/09/2026,71,smb ,Desk,7,1069.82,7488.74,unknown,2026-01-15,2,ERP
C13464,Luis Lopez,luis.lopez@example.com,3007048854,colombia,Medellín,09/24/2026,65,Retail,laptop,7,723.28,5062.96,ACTIVE,15/01/2026,3,ERP
C13465,Carlos Sanchez,carlos.sanchez@example.com,N/A,Unknown,Medellín,09/24/2026,42,RETAIL,Laptop,1,N/A,383.41,ACTIVE,15/01/2026,3,ERP
C13466,Ana Lopez,ana.lopez@example.com,3007223622,COLOMBIA,Bogotá,N/A,63,smb ,Laptop,7,1391.11,9737.77,pending,15/01/2026,5,ERP
C13467,Diego GARCIA,diego.garcia@example.com,N/A,colombia,Bogotá,September 24 2026,78,RETAIL,Chair,6,1647.7,9886.2,unknown,N/A,1,ERP
C13468,Maria Garcia,maria.garcia@example.com,,COLOMBIA,Bogotá,September 24 2026,33,enterprise,Monitor,2,619.12,1238.24,inactive,,3,ERP
C13469,Luis Pérez,luis.pérez@example.com,+57 300 107 4702,Co,Bogota,not-a-date,57,Enterprise,Desk,10,758.81,7588.1,pending,N/A,3,ERP
C13470,maria Garcia,MARIA.GARCIA@EXAMPLE.COM,3009593813,Co,Barranquilla,09/24/2026,48,Enterprise,laptop,2,1135.08,2270.16,inactive,,2,ERP
C13471, JUAN  Lopez,juan.lopez@example.com,,N/A,BOGOTA,24/09/2026,80,smb ,Chair,6,1750.28,10501.68,Active,,4,ERP
C13472,Diego Lopez,diego.lopez@example.com,3007710347,Unknown,MEDELLIN,N/A,24,retail,Keyboard,3,"1650,81",4952.43,pending,,5,ERP
C13473,Ana Lopez,ana.lopez@example.com,,Co,Bogotá,2026/09/24,34,Enterprise,Keyboard,3,1559.89,4679.67,inactive,2026-01-15,2,ERP
C13474, JUAN  Martinez,juan.martinez@example.com,3009189156,COLOMBIA,CALI,September 24 2026,76,SMB,Monitor,10,712.91,7129.1,ACTIVE,,4,ERP
C13475,Juan Pérez,juan.pérez@example.com,+57 300 294 4302,N/A,CALI,September 24 2026,44,retail,LAPTOP,10,462.81,4628.1,pending,2026-01-15,3,ERP
C13476,Juan Martinez,juan.martinez@example.com,300-123-4560,Colombia,Medellín,not-a-date,23,smb ,Laptop,6,736.76,4420.56,active,15/01/2026,5,ERP
C13477,Laura Garcia,laura.garcia@example.com,N/A,COLOMBIA,Barranquilla,03/04/2026,74,enterprise,LAPTOP,8,1437.1,11496.8,PENDING,,1,ERP
C13478, JUAN  Pérez,juan.pérez@example.com,,N/A,Bogota DC,03/04/2026,24,Retail,LAPTOP,4,973.26,3893.04,unknown,,N/A,ERP
C13479,Carlos Pérez,carlos.pérez@example.com,,N/A,Bogota,N/A,53,Retail,Monitor,5,1681.76,8408.8,inactive,2026-01-15,2,ERP
C13480,Ana Garcia,ANA.GARCIA@EXAMPLE.COM,,colombia,BOGOTA,N/A,35,retail,Mouse,4,300.81,1203.24,active,N/A,,ERP
C13481,Juan Sanchez,juan.sanchez@example.com,+57 300 654 1864,Unknown,bogota,24/09/2026,44,SMB,LAPTOP,8,1805.76,14446.08,Active,N/A,3,ERP
C13482,maria GARCIA,maria.garcia@example.com,N/A,Colombia,CALI,03/04/2026,56,retail,Laptop,6,590.17,3541.02,active,2026-01-15,1,ERP
C13483,Juan Pérez,juan.pérez@example.com,3002806349,Co,Medellin,03/04/2026,37,retail,Laptop,3,"1329,53",3988.59,inactive,N/A,2,ERP
C13484, JUAN  lopez,juan.lopez@example.com,N/A,COLOMBIA,Bogota,24/09/2026,36,retail,Desk,-2,152.87,152.87,Active,,2,ERP
C13485, JUAN  Garcia,juan.garcia@example.com,300-123-4533,colombia,BOGOTA,not-a-date,40,SMB,Desk,8,1110.58,8884.64,Active,,4,ERP
C13486,Sofia GARCIA,sofia.garcia@example.com,+57 300 273 1891,colombia,BOGOTA,09/24/2026,69,SMB,Monitor,6,"$1,925.26",11551.56,active,,2,ERP
C13487,Maria Sanchez,maria.sanchez@example.com,,Co,Bogotá,09/24/2026,71,retail,LAPTOP,3,1026.58,3079.74,PENDING,2026-01-15,2,ERP
C13488,Juan Lopez,juan.lopez@example.com,3008873426,N/A,MEDELLIN,N/A,36,enterprise,Desk,5,"522,92",2614.6,active,N/A,3,ERP
C13489,Sofia Sanchez,sofia.sanchez@example.com,3008855459,colombia,Cartagena,09/24/2026,70,SMB,LAPTOP,5,467.3,2336.5,active,15/01/2026,3,ERP
C13490,Ana Lopez,ana.lopez@example.com,+57 300 894 4536,Unknown,MEDELLIN,not-a-date,50,Retail,Desk,2,1510.49,3020.98,pending,2026-01-15,4,ERP
C13491,Carlos Garcia,carlos.garcia@example.com,+57 300 912 5958,Unknown,Barranquilla,September 24 2026,29,RETAIL,Monitor,3,1780.63,5341.89,Active,15/01/2026,4,ERP
C13492,CARLOS Martinez,carlos.martinez@example.com,3004954027,Colombia,Medellin,September 24 2026,53,retail,Monitor,6,265.68,-1594.08,pending,,5,ERP
C13493,CARLOS Perez,carlos.perez@example.com,300-123-4522,Unknown,Medellin,09/24/2026,67,RETAIL,LAPTOP,9,647.92,5831.28,Active,15/01/2026,1,ERP
C13494,Maria GARCIA,maria.garcia@example.com,N/A,COLOMBIA,BOGOTA,not-a-date,24,Enterprise,laptop,2,1412.28,2824.56,unknown,15/01/2026,2,ERP
C13495,CARLOS Garcia,carlos.garcia@example.com,300-123-4573,Co,CALI,09/24/2026,47,Enterprise,LAPTOP,1,1720.96,1720.96,ACTIVE,2026-01-15,,ERP
C13496,Laura Martinez,laura.martinez@example.com,N/A,COLOMBIA,MEDELLIN,not-a-date,22,Retail,LAPTOP,3,"$1,244.70",3734.1,inactive,,2,ERP
C13497,Ana lopez,ana.lopez@example.com,N/A,N/A,BOGOTA,03/04/2026,73,SMB,LAPTOP,4,950.26,3801.04,ACTIVE,,4,ERP
C13498,Luis Sanchez,luis.sanchez@example.com,+573005225762,Colombia,Bogotá,not-a-date,27,smb ,Mouse,10,1853.09,18530.9,inactive,15/01/2026,3,ERP
C13499,maria GARCIA,maria.garcia@example.com,N/A,Unknown,Bogota,03/04/2026,74,Retail,laptop,3,570.09,1710.27,PENDING,N/A,1,ERP
C13500,Ana Perez,ana.perez@example.com,,N/A,Bogotá D.C.,09/24/2026,31,Retail,Mouse,3,463.32,1389.96,Active,,,ERP
C13501,maria Lopez,maria.lopez@example.com,,Colombia,BOGOTA,September 24 2026,68,Retail,Mouse,5,1957.09,9785.45,pending,N/A,5,ERP
C13502,Luis Lopez,luis.lopez@example.com,+573001840236,colombia,Bogota DC,2026/09/24,27,smb ,Chair,10,1405.68,14056.8,ACTIVE,15/01/2026,1,ERP
C13503,maria Sanchez,maria.sanchez@example.com,N/A,COLOMBIA,BOGOTA,03/04/2026,55,RETAIL,Desk,4,803.5,3214.0,pending,,4,ERP
C13504,Sofia GARCIA,sofia.garcia@example.com,N/A,N/A,Bogota,24/09/2026,56,RETAIL,Mouse,1,N/A,488.47,inactive,,5,ERP
C13505,  Diego Pérez  ,diego.pérez@example.com,+573008753126,Co,CALI,not-a-date,24,Retail,Chair,8,97.12,776.96,ACTIVE,2026-01-15,2,ERP
C13506,Juan lopez,juan.lopez@example.com,300-123-4570,Colombia,Bogotá,N/A,50,enterprise,Chair,3,97.94,293.82,unknown,,4,ERP
C13507,Luis lopez,luis.lopez@example.com,,Colombia,Bogota DC,03/04/2026,77,smb ,Keyboard,10,867.55,8675.5,active,N/A,2,ERP
C13508,Carlos Lopez,carlos.lopez@example.com,300-123-4562,COLOMBIA,Bogota DC,03/04/2026,53,smb ,laptop,1,1882.08,1882.08,unknown,N/A,1,ERP
C13509,Laura Pérez,laura.pérez@example.com,+573003544898,Colombia,MEDELLIN,09/24/2026,200,RETAIL,Monitor,7,1801.69,12611.83,ACTIVE,15/01/2026,N/A,ERP
C13510,Luis Martinez,luis.martinez@example.com,300-123-4549,Unknown,Bogotá,September 24 2026,999,Enterprise,Desk,9,1489.13,13402.17,active,N/A,N/A,ERP
C13511,Sofia lopez,sofia.lopez@example.com,3006072545,Unknown,MEDELLIN,N/A,63,Retail,Mouse,2,1555.47,3110.94,PENDING,,,ERP
C13512,Diego lopez,diego.lopez@example.com,3002019014,Colombia,Bogotá,2026/09/24,62,smb ,Chair,2,1212.27,2424.54,Active,N/A,3,ERP
C13513,  Luis Sanchez  ,luis.sanchez@example.com,3004824925,N/A,MEDELLIN,2026-09-24,37,Retail,LAPTOP,5,N/A,3069.7,unknown,N/A,2,ERP
C13514,Juan Perez,juan.perez@example.com,N/A,COLOMBIA,Cali,24/09/2026,75,Enterprise,Laptop,6,513.92,3083.52,active,,,ERP
C13515,CARLOS Garcia,not-an-email,,N/A,Bogota,24/09/2026,20,smb ,LAPTOP,6,1038.91,6233.46,inactive,15/01/2026,2,ERP
C13516,Sofia Garcia,sofia.garcia@example.com,+573001623332,N/A,bogota,N/A,75,enterprise,Chair,4,466.85,1867.4,inactive,N/A,4,ERP
C13517,Laura Garcia,laura.garcia@example.com,3004157254,Co,CALI,N/A,53,enterprise,Keyboard,8,1566.53,12532.24,inactive,2026-01-15,2,ERP
C13518,Juan Pérez,juan.pérez@example.com,+57 300 191 9098,Colombia,Bogotá,2026/09/24,52,retail,Keyboard,10,919.56,9195.6,PENDING,15/01/2026,1,ERP
C13519,maria GARCIA,maria.garcia@example.com,N/A,Co,Bogotá D.C.,September 24 2026,56,retail,laptop,-2,219.85,219.85,pending,2026-01-15,,ERP
C13520,Diego Martinez,diego.martinez@example.com,,COLOMBIA,Bogota,24/09/2026,54,RETAIL,Desk,1,1568.0,1568.0,PENDING,15/01/2026,,ERP
C13521,CARLOS Lopez,carlos.lopez@example.com,+573004975744,Colombia,Cali,September 24 2026,23,SMB,Monitor,7,1731.19,12118.33,inactive,N/A,2,ERP
C13522,Juan Perez,juan.perez@example.com,3003226837,Co,Cali,2026/09/24,37,retail,Keyboard,2,N/A,1251.76,active,N/A,1,ERP
C10001,Ana Pérez,ana.pérez@example.com,N/A,Unknown,Medellín,09/24/2026,74,RETAIL,Mouse,9,723.92,6515.28,Active,N/A,2,ERP
C13524,Diego Lopez,diego.lopez@example.com,+573006553066,Colombia,Cartagena,2026/09/24,23,SMB,Laptop,5,1671.8,8359.0,inactive,2026-01-15,4,ERP
C13525,maria Sanchez,maria.sanchez@example.com,+57 300 197 2154,COLOMBIA,Barranquilla,2026-09-24,22,Enterprise,Keyboard,7,1488.49,10419.43,active,N/A,,ERP
C13526,maria Perez,maria.perez@example.com,+573009028367,colombia,Bogota DC,N/A,57,smb ,Keyboard,-1,831.35,831.35,inactive,N/A,N/A,ERP
C13527,Juan lopez,juan.lopez@example.com,,Colombia,Cali,03/04/2026,41,enterprise,Laptop,3,250.83,752.49,inactive,N/A,1,ERP
C13528,Maria Sanchez,maria.sanchez@example.com,3008468644,Colombia,BOGOTA,09/24/2026,74,Enterprise,Laptop,2,1691.15,3382.3,active,N/A,2,ERP
C13529,Laura Lopez,laura.lopez@example.com,,COLOMBIA,bogota,N/A,71,enterprise,laptop,3,480.04,1440.12,active,N/A,1,ERP
C13530,Diego Lopez,diego.lopez@example.com,3009064774,Colombia,Bogotá,2026/09/24,27,smb ,Desk,9,1902.81,-17125.29,active,2026-01-15,3,ERP
C13531,Laura GARCIA,,+57 300 673 2520,Unknown,MEDELLIN,03/04/2026,30,smb ,Chair,2,514.47,1028.94,pending,,2,ERP
C13532,Laura Martinez,laura.martinez@example.com,3003337092,N/A,Bogota DC,2026-09-24,80,Retail,Chair,10,1173.42,11734.2,inactive,N/A,2,ERP
C13533, JUAN  Lopez,missing@,+57 300 445 3809,colombia,MEDELLIN,N/A,56,Enterprise,Keyboard,9,841.92,7577.28,pending,2026-01-15,,ERP
C13534,maria Lopez,maria.lopez@example.com,N/A,colombia,Bogota DC,03/04/2026,76,Retail,Desk,10,1589.32,15893.2,unknown,15/01/2026,3,ERP
C13535,maria GARCIA,maria.garcia@example.com,,Colombia,CALI,24/09/2026,56,Enterprise,LAPTOP,2,1997.49,3994.98,ACTIVE,,,ERP
C13536,Juan Pérez,juan.pérez@example.com,3004245975,Co,Bogotá,2026/09/24,78,SMB,laptop,4,574.33,2297.32,ACTIVE,,2,ERP
C13537,maria Pérez,maria.pérez@example.com,+57 300 817 1234,Co,Bogota DC,2026/09/24,200,RETAIL,LAPTOP,3,"1264,86",3794.58,inactive,15/01/2026,2,ERP
C13538,Sofia Sanchez,sofia.sanchez@example.com,3002376674,Colombia,Bogota DC,03/04/2026,28,enterprise,Chair,10,1084.33,10843.3,unknown,,4,ERP
C13539,maria Garcia,maria.garcia@example.com,+57 300 235 6596,Colombia,MEDELLIN,N/A,43,RETAIL,Chair,2,989.3,1978.6,Active,2026-01-15,N/A,ERP
C13540,Juan GARCIA,JUAN.GARCIA@EXAMPLE.COM,3002415634,Colombia,Barranquilla,September 24 2026,25,Enterprise,laptop,10,1040.27,10402.7,Active,N/A,N/A,ERP
C13541,Ana Sanchez,ana.sanchez@example.com,3003286570,Unknown,BOGOTA,09/24/2026,56,smb ,Laptop,1,1960.27,1960.27,active,15/01/2026,5,ERP
C13542,Luis GARCIA,luis.garcia@example.com,,N/A,MEDELLIN,2026/09/24,60,enterprise,LAPTOP,2,1359.67,2719.34,active,2026-01-15,2,ERP
C13543,Juan Martinez,,,colombia,Medellín,03/04/2026,42,SMB,Monitor,8,811.59,6492.72,active,15/01/2026,N/A,ERP
C13544,Luis Sanchez,luis.sanchez@example.com,,Unknown,CALI,03/04/2026,44,Retail,Chair,10,1806.33,18063.3,unknown,N/A,3,ERP
C13545, JUAN  Sanchez,juan.sanchez@example.com,+57 300 397 2855,colombia,Bogota,03/04/2026,40,enterprise,Mouse,8,1350.63,10805.04,pending,2026-01-15,5,ERP
C13546,Carlos Sanchez,carlos.sanchez@example.com,,Co,Bogotá D.C.,September 24 2026,34,enterprise,Desk,2,1610.5,3221.0,ACTIVE,2026-01-15,,ERP
C13547,Sofia Martinez,sofia.martinez@example.com,300-123-4595,Unknown,Cartagena,N/A,59,Retail,Keyboard,1,1290.0,1290.0,inactive,15/01/2026,4,ERP
C13548,Laura Sanchez,laura.sanchez@example.com,+573002826411,colombia,Cali,N/A,69,smb ,Monitor,9,376.07,3384.63,pending,15/01/2026,4,ERP
C13549,maria Perez,maria.perez@example.com,N/A,Colombia,CALI,2026-09-24,41,Retail,Laptop,1,860.77,860.77,pending,N/A,3,ERP
C13550,Ana GARCIA,ana.garcia@example.com,3009362695,Colombia,Bogotá D.C.,2026/09/24,44,retail,Monitor,8,1998.47,15987.76,Active,N/A,N/A,ERP
C13551,  Ana GARCIA  ,ana.garcia@example.com,300-123-4573,colombia,Bogotá D.C.,2026/09/24,38,retail,Monitor,8,981.21,7849.68,Active,,3,ERP
C13552,Laura Sanchez,laura.sanchez@example.com,300-123-4529,Co,Barranquilla,2026-09-24,32,Enterprise,Chair,10,653.68,6536.8,inactive,2026-01-15,,ERP
C13553,Diego lopez,diego.lopez@example.com,N/A,Colombia,bogota,2026-09-24,26,Enterprise,Mouse,8,923.0,7384.0,unknown,2026-01-15,,ERP
C13554,Maria Martinez,maria.martinez@example.com,+573003258940,N/A,Bogotá,2026-09-24,53,Retail,Laptop,10,1757.77,17577.7,inactive,15/01/2026,3,ERP
C13555,Ana GARCIA,ana.garcia@example.com,300-123-4594,Co,BOGOTA,24/09/2026,36,Enterprise,LAPTOP,3,1850.2,5550.6,active,15/01/2026,5,ERP
C13556,Maria GARCIA,maria.garcia@example.com,300-123-4577,Co,MEDELLIN,September 24 2026,43,Retail,Desk,5,502.42,2512.1,pending,15/01/2026,5,ERP
C13557,Sofia Lopez,sofia.lopez@example.com,+57 300 689 1003,Colombia,Medellin,not-a-date,37,Retail,Mouse,3,1831.2,5493.6,inactive,,1,ERP
C13558,Maria Garcia,maria.garcia@example.com,N/A,Unknown,CALI,September 24 2026,34,enterprise,Desk,2,"1466,13",2932.26,PENDING,N/A,4,ERP
C13559, JUAN  Sanchez,juan.sanchez@example.com,N/A,COLOMBIA,Medellin,September 24 2026,45,smb ,laptop,8,686.19,5489.52,PENDING,15/01/2026,4,ERP
C13560, JUAN  Garcia,juan.garcia@example.com,N/A,Unknown,Bogotá D.C.,September 24 2026,45,enterprise,Desk,2,1372.58,2745.16,pending,,4,ERP
C13561,Ana Lopez,ana.lopez@example.com,+573009956588,COLOMBIA,Cali,09/24/2026,22,Retail,Keyboard,4,974.88,3899.52,unknown,2026-01-15,2,ERP
C13562,Diego Garcia,diego.garcia@example.com,300-123-4596,Colombia,MEDELLIN,24/09/2026,31,enterprise,laptop,5,1361.39,6806.95,PENDING,15/01/2026,4,ERP
C13563,maria Garcia,maria.garcia@example.com,+573008496301,Colombia,bogota,not-a-date,79,retail,laptop,4,N/A,7636.48,Active,,N/A,ERP
C13564,maria lopez,maria.lopez@example.com,3009308795,colombia,Barranquilla,03/04/2026,70,SMB,Monitor,5,1923.72,9618.6,unknown,15/01/2026,,ERP
C13565,Diego Martinez,diego.martinez@example.com,+573004201178,Unknown,Bogota DC,N/A,65,smb ,Mouse,2,1274.73,2549.46,ACTIVE,2026-01-15,2,ERP
C13566,Juan lopez,juan.lopez@example.com,300-123-4523,Unknown,Cali,2026/09/24,60,smb ,Desk,6,1677.26,10063.56,ACTIVE,15/01/2026,1,ERP
C13567,Ana Pérez,ana.pérez@example.com,N/A,COLOMBIA,Medellín,24/09/2026,28,Retail,Laptop,10,1028.45,10284.5,unknown,15/01/2026,,ERP
C13568,Maria Perez,maria.perez@example.com,3004701591,Co,CALI,not-a-date,55,retail,Keyboard,10,514.99,5149.9,Active,,5,ERP
C13569,Carlos Martinez,carlos.martinez@example.com,+57 300 559 9376,colombia,MEDELLIN,2026/09/24,70,retail,Chair,7,292.3,2046.1,PENDING,15/01/2026,N/A,ERP
C13570,Luis Pérez,luis.pérez@example.com,N/A,Unknown,Barranquilla,24/09/2026,41,smb ,LAPTOP,2,197.14,394.28,PENDING,2026-01-15,5,ERP
C13571,Diego Lopez,diego.lopez@example.com,+57 300 456 1986,Colombia,bogota,03/04/2026,74,SMB,Keyboard,6,290.12,1740.72,active,15/01/2026,2,ERP
C13572,Ana Garcia,ana.garcia@example.com,3001791301,colombia,CALI,2026-09-24,23,smb ,Keyboard,2,316.69,633.38,pending,,5,ERP
C13573,Ana GARCIA,ana.garcia@example.com,+57 300 399 7108,N/A,Cartagena,N/A,78,RETAIL,Desk,8,1024.24,8193.92,Active,N/A,,ERP
C13574,Diego Sanchez,diego.sanchez@example.com,N/A,Co,Cali,24/09/2026,74,Enterprise,Mouse,1,$338.78,338.78,inactive,2026-01-15,4,ERP
C13575,maria Perez,not-an-email,+57 300 113 4211,COLOMBIA,bogota,24/09/2026,29,enterprise,Mouse,3,723.57,2170.71,Active,15/01/2026,5,ERP
C13576, JUAN  Lopez,juan.lopez@example.com,300-123-4588,Colombia,Bogota,not-a-date,63,Retail,Laptop,1,468.6,468.6,ACTIVE,2026-01-15,N/A,ERP
C13577,Diego Martinez,diego.martinez@example.com,300-123-4568,Unknown,MEDELLIN,2026-09-24,40,SMB,Laptop,4,$639.81,2559.24,inactive,15/01/2026,,ERP
C13578,Sofia Garcia,sofia.garcia@example.com,+57 300 133 2543,Unknown,Barranquilla,09/24/2026,64,SMB,Monitor,10,855.12,8551.2,ACTIVE,N/A,4,ERP
C13579,Diego lopez,diego.lopez@example.com,3006022424,Unknown,Barranquilla,24/09/2026,28,retail,Desk,4,699.12,2796.48,active,15/01/2026,4,ERP
C13580,CARLOS Pérez,carlos.pérez@example.com,,N/A,MEDELLIN,24/09/2026,23,Retail,LAPTOP,3,929.51,2788.53,Active,N/A,,ERP
C13581,maria Martinez,maria.martinez@example.com,+573008626880,COLOMBIA,Barranquilla,September 24 2026,25,SMB,laptop,-2,1068.11,1068.11,active,15/01/2026,3,ERP
C13582, JUAN  Lopez,user@@example.com,N/A,Co,Bogota,24/09/2026,70,Retail,laptop,5,1605.62,8028.1,inactive,N/A,,ERP
C13583,Carlos Martinez,carlos.martinez@example.com,,N/A,CALI,09/24/2026,58,Retail,laptop,7,988.61,6920.27,inactive,15/01/2026,4,ERP
C13584,Luis Martinez,luis.martinez@example.com,3001480277,Unknown,Barranquilla,September 24 2026,28,Enterprise,Keyboard,8,1178.65,9429.2,PENDING,15/01/2026,4,ERP
C13585,Luis Garcia,luis.garcia@example.com,3007910229,colombia,Bogota DC,2026/09/24,67,SMB,Keyboard,3,N/A,1427.7,inactive,15/01/2026,5,ERP
C13586,Maria lopez,maria.lopez@example.com,300-123-4581,Co,Bogota DC,03/04/2026,59,Enterprise,Chair,7,1312.59,9188.13,Active,2026-01-15,5,ERP
C13587,Diego Lopez,diego.lopez@example.com,N/A,COLOMBIA,Medellin,2026-09-24,77,SMB,LAPTOP,1,554.49,554.49,Active,15/01/2026,N/A,ERP
C13588, JUAN  Perez,juan.perez@example.com,+573009095089,N/A,bogota,N/A,75,retail,Desk,3,697.2,2091.6,ACTIVE,2026-01-15,4,ERP
C13589,CARLOS Garcia,CARLOS.GARCIA@EXAMPLE.COM,,Unknown,Cartagena,N/A,70,enterprise,Monitor,5,189.77,948.85,unknown,N/A,,ERP
C13590, JUAN  Martinez,JUAN.MARTINEZ@EXAMPLE.COM,3004390668,Unknown,Medellín,not-a-date,76,enterprise,Chair,2,1096.62,2193.24,Active,2026-01-15,3,ERP
C13591,  CARLOS Sanchez  ,carlos.sanchez@example.com,,Co,Cali,2026-09-24,55,retail,LAPTOP,3,337.06,1011.18,PENDING,2026-01-15,5,ERP
C13592,Ana Perez,ana.perez@example.com,300-123-4571,colombia,Bogotá D.C.,24/09/2026,61,SMB,Desk,1,1326.5,1326.5,inactive,,4,ERP
C13593,CARLOS Pérez,missing@,+573008362511,colombia,BOGOTA,03/04/2026,38,retail,laptop,2,719.73,1439.46,inactive,,5,ERP
C13594,Maria Sanchez,maria.sanchez@example.com,3009715234,colombia,Bogota,09/24/2026,63,smb ,LAPTOP,8,161.26,1290.08,pending,,3,ERP
C13595,Sofia Pérez,sofia.pérez@example.com,+573008229363,Colombia,MEDELLIN,09/24/2026,27,enterprise,Chair,9,1239.33,11153.97,active,15/01/2026,N/A,ERP
C13596,Carlos GARCIA,carlos.garcia@example.com,,Co,Bogota DC,09/24/2026,31,enterprise,Keyboard,4,1352.39,5409.56,inactive,N/A,4,ERP
C13597,Ana lopez,ana.lopez@example.com,,COLOMBIA,MEDELLIN,24/09/2026,27,Retail,Keyboard,6,567.18,3403.08,pending,2026-01-15,N/A,ERP
C13598,CARLOS Sanchez,carlos.sanchez@example.com,300-123-4579,colombia,Medellín,not-a-date,26,RETAIL,Mouse,9,646.21,5815.89,inactive,15/01/2026,1,ERP
C13599,Luis Martinez,luis.martinez@example.com,N/A,colombia,Cali,24/09/2026,52,RETAIL,Keyboard,3,1224.98,3674.94,inactive,15/01/2026,1,ERP
C13600,Ana Sanchez,ana.sanchez@example.com,,Co,Bogotá D.C.,09/24/2026,37,smb ,Keyboard,10,338.47,3384.7,pending,2026-01-15,3,ERP
C13601,Sofia GARCIA,sofia.garcia@example.com,N/A,Colombia,MEDELLIN,09/24/2026,43,retail,LAPTOP,8,1752.13,14017.04,PENDING,,5,ERP
C13602,Juan Sanchez,juan.sanchez@example.com,+573007146271,Unknown,CALI,N/A,43,smb ,Chair,3,259.61,778.83,PENDING,15/01/2026,3,ERP
C10001,Sofia Perez,sofia.perez@example.com,300-123-4522,N/A,BOGOTA,September 24 2026,67,enterprise,Monitor,10,429.35,4293.5,Active,,4,ERP
C13604,Ana GARCIA,ana.garcia@example.com,300-123-4543,N/A,Barranquilla,September 24 2026,34,Retail,Desk,3,1653.71,4961.13,active,2026-01-15,N/A,ERP
C13605,Ana GARCIA,ana.garcia@example.com,N/A,Co,CALI,24/09/2026,31,enterprise,LAPTOP,6,1955.66,11733.96,unknown,2026-01-15,2,ERP
C13606,Sofia Pérez,SOFIA.PÉREZ@EXAMPLE.COM,+57 300 269 6386,colombia,MEDELLIN,not-a-date,28,enterprise,LAPTOP,9,1378.32,12404.88,PENDING,15/01/2026,3,ERP
C13607,Carlos Perez,carlos.perez@example.com,+57 300 921 1716,Unknown,MEDELLIN,N/A,46,SMB,LAPTOP,3,1804.99,5414.97,pending,N/A,1,ERP
C13608, JUAN  GARCIA,juan.garcia@example.com,+57 300 253 8192,COLOMBIA,CALI,2026-09-24,60,Enterprise,laptop,9,628.83,5659.47,inactive,2026-01-15,2,ERP
C13609,Ana Lopez,ana.lopez@example.com,300-123-4577,COLOMBIA,Bogota,September 24 2026,28,retail,Laptop,4,1398.64,5594.56,inactive,,N/A,ERP
C13610,Diego GARCIA,diego.garcia@example.com,+573002638722,colombia,Cartagena,not-a-date,63,SMB,LAPTOP,4,1278.96,5115.84,Active,,3,ERP
C13611, JUAN  Garcia,missing@,,colombia,Bogotá D.C.,09/24/2026,55,SMB,Chair,1,1616.31,1616.31,inactive,15/01/2026,5,ERP
C13612,CARLOS Sanchez,,+573009248817,colombia,Cali,09/24/2026,74,smb ,laptop,2,1290.54,2581.08,PENDING,,3,ERP
C13613,Juan Lopez,juan.lopez@example.com,,COLOMBIA,Bogota,not-a-date,64,smb ,Desk,6,44.33,265.98,pending,N/A,1,ERP
C13614,Ana lopez, user@EXAMPLE.COM ,300-123-4531,colombia,Barranquilla,N/A,59,Retail,Chair,3,644.07,1932.21,pending,15/01/2026,3,ERP
C13615,Luis Pérez,luis.pérez@example.com,3001876553,Co,Bogotá,09/24/2026,200,retail,Desk,4,220.4,881.6,unknown,2026-01-15,,ERP
C13616,Laura lopez,laura.lopez@example.com,300-123-4593,N/A,Medellín,not-a-date,20,RETAIL,Monitor,9,1656.43,14907.87,Active,N/A,5,ERP
C13617,Ana Lopez,ana.lopez@example.com,3003749573,Colombia,Medellin,not-a-date,200,RETAIL,Keyboard,9,1511.11,13599.99,unknown,15/01/2026,2,ERP
C13618,Juan Lopez,juan.lopez@example.com,+573006446582,N/A,Barranquilla,24/09/2026,37,smb ,Monitor,6,1941.09,11646.54,inactive,N/A,4,ERP
C13619,CARLOS Garcia,carlos.garcia@example.com,+573005367593,Colombia,MEDELLIN,September 24 2026,72,enterprise,Laptop,8,1306.51,10452.08,inactive,,N/A,ERP
C13620, JUAN  Martinez,juan.martinez@example.com,N/A,colombia,Cartagena,03/04/2026,56,smb ,Desk,10,1894.33,18943.3,ACTIVE,N/A,,ERP
C13621, JUAN  Pérez,juan.pérez@example.com,3007662693,Unknown,Bogota,2026-09-24,60,enterprise,laptop,10,17.89,178.9,Active,2026-01-15,3,ERP
C13622,Laura Martinez,laura.martinez@example.com,,N/A,Medellín,03/04/2026,79,Retail,Monitor,4,1031.93,4127.72,PENDING,,,ERP
C13623,Sofia Martinez,sofia.martinez@example.com,300-123-4527,COLOMBIA,Bogotá D.C.,2026/09/24,48,enterprise,LAPTOP,4,1452.82,5811.28,inactive,2026-01-15,1,ERP
C13624,Maria Perez,maria.perez@example.com,,Unknown,Bogota DC,N/A,75,smb ,Chair,9,1971.03,17739.27,unknown,15/01/2026,N/A,ERP
C13625,Luis Perez,luis.perez@example.com,+57 300 783 3294,Co,Bogota,not-a-date,39,smb ,Keyboard,4,1731.34,6925.36,active,15/01/2026,N/A,ERP
C13626,Carlos Sanchez,carlos.sanchez@example.com,+573005987288,Colombia,CALI,not-a-date,78,Retail,Monitor,3,479.77,1439.31,Active,2026-01-15,5,ERP
C13627,Carlos Lopez,carlos.lopez@example.com,300-123-4555,colombia,bogota,03/04/2026,47,SMB,Keyboard,5,811.73,4058.65,inactive,2026-01-15,4,ERP
C13628,Laura Garcia,laura.garcia@example.com,+573003109607,Co,MEDELLIN,N/A,48,RETAIL,LAPTOP,2,1036.02,2072.04,inactive,,3,ERP
C13629,maria lopez,maria.lopez@example.com,+57 300 416 4719,N/A,Cartagena,24/09/2026,48,smb ,Desk,2,234.28,468.56,Active,15/01/2026,,ERP
C13630,Diego Perez,diego.perez@example.com,300-123-4525,Unknown,Cali,September 24 2026,50,Enterprise,laptop,3,1686.46,5059.38,PENDING,,4,ERP
C13631, JUAN  lopez, user@EXAMPLE.COM ,,Colombia,Medellin,09/24/2026,51,RETAIL,Mouse,3,1246.67,-3740.01,active,15/01/2026,2,ERP
C13632,Sofia Perez,sofia.perez@example.com,+57 300 175 1257,N/A,Bogota DC,N/A,40,enterprise,Mouse,3,$503.63,1510.89,PENDING,N/A,4,ERP
C13633,CARLOS GARCIA,carlos.garcia@example.com,+57 300 430 3736,Unknown,BOGOTA,N/A,53,retail,Monitor,6,685.21,4111.26,unknown,2026-01-15,1,ERP
C13634,Diego Perez,diego.perez@example.com,,COLOMBIA,BOGOTA,09/24/2026,48,RETAIL,laptop,10,1786.43,17864.3,PENDING,,5,ERP
C13635,Luis Lopez,luis.lopez@example.com,+573009589387,COLOMBIA,Medellín,2026/09/24,52,retail,Desk,10,1765.66,17656.6,Active,15/01/2026,3,ERP
C13636,Laura lopez,laura.lopez@example.com,,colombia,Medellin,N/A,55,retail,Monitor,9,476.61,4289.49,PENDING,,,ERP
C13637,Laura GARCIA,laura.garcia@example.com,N/A,COLOMBIA,Cartagena,N/A,70,retail,Laptop,3,653.03,1959.09,active,15/01/2026,5,ERP
C13638,Carlos GARCIA,carlos.garcia@example.com,300-123-4514,Co,Cali,09/24/2026,64,SMB,Mouse,8,1052.23,8417.84,ACTIVE,15/01/2026,4,ERP
C13639,Carlos Pérez,carlos.pérez@example.com,,colombia,Cartagena,24/09/2026,75,enterprise,laptop,1,1326.47,1326.47,active,2026-01-15,1,ERP
C13640,Maria Perez,maria.perez@example.com,3001683429,Colombia,Medellín,2026-09-24,18,smb ,Desk,6,1323.28,7939.68,Active,15/01/2026,1,ERP
C13641,Laura Sanchez,laura.sanchez@example.com,+573008298691,N/A,Cartagena,24/09/2026,33,SMB,Desk,2,340.95,681.9,active,15/01/2026,,ERP
C13642,Luis Pérez,luis.pérez@example.com,+57 300 639 9159,COLOMBIA,Bogotá D.C.,N/A,56,smb ,laptop,7,1851.94,12963.58,active,,5,ERP
C13643,Luis lopez,luis.lopez@example.com,+57 300 771 5246,Unknown,Cartagena,September 24 2026,43,Retail,laptop,8,N/A,12362.16,unknown,2026-01-15,,ERP
C13644,CARLOS Pérez,carlos.pérez@example.com,N/A,Co,Bogota DC,N/A,24,smb ,Keyboard,4,633.99,2535.96,Active,,1,ERP
C13645,maria GARCIA,maria.garcia@example.com,3008372601,Co,Medellín,2026-09-24,25,RETAIL,Keyboard,2,1444.74,2889.48,Active,2026-01-15,4,ERP
C13646,Maria Martinez,?,null,colombia,,September 24 2026,39,smb ,Keyboard,9,424.72,3822.48,inactive,N/A,2,ERP
C13647,Luis lopez,LUIS.LOPEZ@EXAMPLE.COM,+573001971704,Unknown,Bogotá,N/A,74,smb ,Laptop,9,1403.05,12627.45,pending,,5,ERP
C13648,Carlos Lopez,N/A,+573003714390,N/A,Bogotá D.C.,03/04/2026,22,Enterprise,Laptop,5,539.05,2695.25,ACTIVE,15/01/2026,5,ERP
C13649,CARLOS Garcia,carlos.garcia@example.com,300-123-4540,N/A,Medellin,03/04/2026,66,enterprise,Monitor,4,522.28,2089.12,pending,15/01/2026,4,ERP
C13650,CARLOS Sanchez,carlos.sanchez@example.com,3005491345,Colombia,Medellin,03/04/2026,54,retail,Monitor,1,1262.25,1262.25,active,N/A,4,ERP
C13651,Juan Sanchez,juan.sanchez@example.com,,Colombia,Medellín,24/09/2026,30,Enterprise,Chair,1,655.78,655.78,inactive,N/A,2,ERP
C13652,maria Perez,maria.perez@example.com,3003967013,Unknown,BOGOTA,09/24/2026,43,Enterprise,Chair,2,13.67,27.34,unknown,N/A,5,ERP
C13653,Carlos Sanchez,carlos.sanchez@example.com,,Co,Cali,N/A,45,enterprise,Desk,2,580.4,1160.8,PENDING,,4,ERP
C13654,Luis Sanchez,luis.sanchez@example.com,+573009200869,Unknown,MEDELLIN,2026/09/24,-5,SMB,laptop,1,456.68,456.68,PENDING,2026-01-15,1,ERP
C13655,  Carlos Pérez  ,carlos.pérez@example.com,,N/A,MEDELLIN,09/24/2026,80,smb ,LAPTOP,4,1912.37,7649.48,inactive,15/01/2026,5,ERP
C13656,Maria Sanchez,maria.sanchez@example.com,N/A,Unknown,Bogotá,N/A,51,smb ,LAPTOP,7,1106.76,7747.32,pending,15/01/2026,3,ERP
C13657,Diego Pérez,diego.pérez@example.com,+57 300 526 1562,Co,Bogotá D.C.,24/09/2026,79,Retail,laptop,5,1929.08,9645.4,inactive,,3,ERP
C13658, JUAN  Perez,juan.perez@example.com,300-123-4581,COLOMBIA,Medellin,N/A,62,smb ,Desk,4,N/A,1321.08,PENDING,2026-01-15,,ERP
C13659,Juan Martinez,juan.martinez@example.com,+573003378892,colombia,bogota,not-a-date,77,retail,laptop,6,1993.46,11960.76,inactive,15/01/2026,1,ERP
C13660,CARLOS Pérez,CARLOS.PÉREZ@EXAMPLE.COM,N/A,COLOMBIA,Barranquilla,N/A,59,retail,LAPTOP,5,1554.75,7773.75,inactive,2026-01-15,,ERP
C13661, JUAN  GARCIA,juan.garcia@example.com,+57 300 212 7789,Colombia,Barranquilla,N/A,52,enterprise,Monitor,5,765.35,3826.75,Active,2026-01-15,4,ERP
C13662,Diego Pérez, user@EXAMPLE.COM ,+573006418273,N/A,Medellín,09/24/2026,48,smb ,laptop,6,1037.71,6226.26,pending,,,ERP
C13663,Sofia Pérez,sofia.pérez@example.com,N/A,N/A,Medellin,not-a-date,35,Retail,laptop,6,1878.41,11270.46,ACTIVE,,4,ERP
C13664,Luis Perez,luis.perez@example.com,3003722564,Unknown,Cartagena,September 24 2026,52,Retail,LAPTOP,2,1064.84,2129.68,active,2026-01-15,4,ERP
C13665, JUAN  Garcia,juan.garcia@example.com,,colombia,Bogotá D.C.,2026-09-24,47,retail,LAPTOP,4,437.43,1749.72,ACTIVE,2026-01-15,1,ERP
C13666,Sofia Perez,sofia.perez@example.com,,N/A,Cartagena,09/24/2026,74,Retail,Desk,2,167.8,335.6,ACTIVE,N/A,2,ERP
C13667,Carlos GARCIA,carlos.garcia@example.com,+57 300 358 9762,Unknown,Bogotá,2026-09-24,18,RETAIL,LAPTOP,2,1504.07,3008.14,inactive,,N/A,ERP
C13668,Diego Martinez,diego.martinez@example.com,+573009606736,colombia,BOGOTA,not-a-date,41,enterprise,Chair,6,1781.85,10691.1,inactive,15/01/2026,,ERP
C13669,Luis Lopez,luis.lopez@example.com,+573003598835,Co,Bogota DC,not-a-date,23,retail,Chair,8,422.11,3376.88,Active,,,ERP
C13670,Maria Perez,maria.perez@example.com,,Colombia,bogota,N/A,55,smb ,laptop,5,744.6,3723.0,ACTIVE,,4,ERP
C13671,Luis Pérez,luis.pérez@example.com,,Colombia,Medellín,2026/09/24,46,Retail,Chair,10,1071.83,10718.3,inactive,15/01/2026,,ERP
C13672, JUAN  Martinez,juan.martinez@example.com,,colombia,CALI,09/24/2026,65,enterprise,Laptop,10,1591.33,15913.3,active,N/A,3,ERP
C13673,Luis Martinez,luis.martinez@example.com,+573005520287,N/A,Medellin,not-a-date,72,Retail,Chair,3,512.83,1538.49,ACTIVE,,1,ERP
C13674,Diego Sanchez,diego.sanchez@example.com,+57 300 667 7966,Co,Medellin,2026-09-24,18,Enterprise,Desk,2,1543.05,3086.1,PENDING,,3,ERP
C13675, JUAN  Martinez,juan.martinez@example.com,+573009200796,N/A,Bogotá,not-a-date,79,retail,Monitor,10,536.61,5366.1,ACTIVE,2026-01-15,3,ERP
C13676,Ana Sanchez,ana.sanchez@example.com,+573004098023,N/A,bogota,N/A,63,smb ,Desk,9,152.62,1373.58,unknown,,2,ERP
C13677,Diego Perez,diego.perez@example.com,N/A,Colombia,MEDELLIN,not-a-date,78,Retail,Laptop,10,661.74,6617.4,pending,15/01/2026,5,ERP
C13678,CARLOS GARCIA,carlos.garcia@example.com,3006817266,colombia,Bogota,03/04/2026,69,Retail,LAPTOP,1,1798.06,-1798.06,unknown,,3,ERP
C13679,CARLOS Sanchez,carlos.sanchez@example.com,3005003053,Unknown,Bogota DC,03/04/2026,27,RETAIL,Monitor,5,703.55,3517.75,pending,15/01/2026,5,ERP
C13680,Laura Garcia,laura.garcia@example.com,N/A,N/A,Cali,September 24 2026,45,Enterprise,Monitor,2,1294.77,2589.54,Active,N/A,N/A,ERP
C13681,Laura Garcia,laura.garcia@example.com,N/A,colombia,Bogota,September 24 2026,71,enterprise,Laptop,5,1225.99,6129.95,active,,5,ERP
C13682,Juan GARCIA,juan.garcia@example.com,+57 300 842 2360,colombia,Bogota,not-a-date,18,Retail,laptop,5,1827.2,9136.0,inactive,,3,ERP
C13683,Diego Garcia,diego.garcia@example.com,+57 300 881 2223,N/A,Medellin,09/24/2026,51,retail,laptop,8,494.11,3952.88,pending,15/01/2026,1,ERP
C13684,Ana GARCIA,ana.garcia@example.com,+573009527260,COLOMBIA,Bogota DC,not-a-date,25,enterprise,Chair,3,333.21,999.63,unknown,15/01/2026,2,ERP
C13685,Diego Martinez,diego.martinez@example.com,,COLOMBIA,Bogotá D.C.,2026-09-24,70,RETAIL,LAPTOP,8,N/A,8462.88,PENDING,,N/A,ERP
C13686,Sofia Sanchez,sofia.sanchez@example.com,+573005982802,Colombia,Bogota,not-a-date,66,SMB,Monitor,3,1110.9,3332.7,pending,2026-01-15,3,ERP
C10001, JUAN  Lopez,juan.lopez@example.com,+57 300 142 7850,Colombia,Cartagena,2026-09-24,79,SMB,Chair,10,1815.25,18152.5,ACTIVE,15/01/2026,4,ERP
C13688,Juan Lopez,juan.lopez@example.com,300-123-4556,Unknown,Medellin,24/09/2026,52,Enterprise,Monitor,2,1511.84,3023.68,unknown,,1,ERP
C13689,Luis Sanchez,luis.sanchez@example.com,3001860336,Unknown,MEDELLIN,N/A,78,Retail,Monitor,8,104.54,836.32,Active,15/01/2026,4,ERP
C13690,Laura Sanchez,laura.sanchez@example.com,+57 300 739 4394,Colombia,Bogota DC,not-a-date,20,smb ,Keyboard,9,441.58,3974.22,Active,2026-01-15,3,ERP
C13691,Maria GARCIA,maria.garcia@example.com,300-123-4572,COLOMBIA,Cali,24/09/2026,50,SMB,Mouse,4,1982.84,7931.36,ACTIVE,2026-01-15,1,ERP
C13692,Carlos GARCIA,carlos.garcia@example.com,300-123-4588,Colombia,Bogota DC,24/09/2026,999,Enterprise,Monitor,8,980.5,7844.0,ACTIVE,15/01/2026,1,ERP
C13693,Juan Perez,juan.perez@example.com,N/A,N/A,Cali,2026/09/24,29,retail,Keyboard,2,178.29,356.58,active,15/01/2026,4,ERP
C13694,Luis Pérez,luis.pérez@example.com,N/A,colombia,BOGOTA,09/24/2026,76,smb ,LAPTOP,5,933.8,4669.0,Active,N/A,,ERP
C13695,Maria Pérez,maria.pérez@example.com,N/A,Colombia,Bogotá D.C.,2026-09-24,60,retail,Monitor,1,629.87,629.87,unknown,,,ERP
C13696,Diego Martinez,diego.martinez@example.com,,N/A,Bogotá,2026/09/24,73,SMB,laptop,2,40.55,81.1,ACTIVE,,1,ERP
C13697,Diego Martinez,diego.martinez@example.com,+573009451925,Unknown,Medellín,03/04/2026,78,enterprise,Monitor,6,1538.61,9231.66,inactive,N/A,4,ERP
C13698,Laura Garcia,laura.garcia@example.com,300-123-4573,colombia,Bogota,N/A,54,SMB,Keyboard,4,1540.58,6162.32,unknown,N/A,3,ERP
C13699,Ana lopez,ana.lopez@example.com,+573004565233,N/A,CALI,09/24/2026,80,Enterprise,Mouse,4,829.23,3316.92,active,15/01/2026,4,ERP
C13700,CARLOS Pérez,carlos.pérez@example.com,+57 300 577 1978,Unknown,Bogota DC,24/09/2026,34,smb ,Mouse,8,655.68,5245.44,active,N/A,,ERP
C13701, JUAN  Pérez,juan.pérez@example.com,+573002453444,Co,bogota,September 24 2026,34,smb ,laptop,8,1745.47,13963.76,PENDING,,,ERP
C13702,Juan lopez,juan.lopez@example.com,N/A,Unknown,Bogota,03/04/2026,64,RETAIL,Desk,5,1630.79,8153.95,inactive,2026-01-15,1,ERP
C13703, JUAN  GARCIA,juan.garcia@example.com,3007482172,COLOMBIA,Cali,24/09/2026,32,SMB,Desk,3,1887.21,5661.63,active,,2,ERP
C13704,CARLOS GARCIA,carlos.garcia@example.com,+573009718517,COLOMBIA,Bogotá,N/A,19,Enterprise,Mouse,2,803.47,1606.94,pending,,N/A,ERP
C13705,Sofia Lopez,sofia.lopez@example.com,300-123-4545,Co,Cartagena,24/09/2026,39,enterprise,Desk,8,1702.22,13617.76,Active,N/A,5,ERP
C13706,  CARLOS Martinez  ,N/A,3003973761,Unknown,MEDELLIN,03/04/2026,50,Enterprise,Laptop,7,755.05,5285.35,PENDING,,2,ERP
C13707,Carlos Garcia,carlos.garcia@example.com,,COLOMBIA,Bogotá,2026-09-24,45,retail,laptop,7,1315.08,9205.56,PENDING,,3,ERP
C13708,CARLOS Pérez,carlos.pérez@example.com,,Colombia,MEDELLIN,September 24 2026,34,retail,LAPTOP,3,203.44,610.32,active,,4,ERP
C13709,Diego Lopez,diego.lopez@example.com,300-123-4557,colombia,Bogotá,2026-09-24,76,Enterprise,Monitor,9,1370.03,-12330.27,inactive,,2,ERP
C13710,Diego Lopez,diego.lopez@example.com,300-123-4549,N/A,MEDELLIN,2026-09-24,64,RETAIL,Mouse,7,1895.87,13271.09,pending,2026-01-15,3,ERP
C13711, JUAN  Pérez,juan.pérez@example.com,,colombia,Medellin,09/24/2026,22,Retail,Keyboard,10,398.03,3980.3,ACTIVE,N/A,2,ERP
C13712, JUAN  Perez,juan.perez@example.com,N/A,COLOMBIA,Medellin,03/04/2026,68,smb ,Mouse,4,132.46,529.84,pending,2026-01-15,2,ERP
C13713, JUAN  Lopez,juan.lopez@example.com,,colombia,Bogota DC,09/24/2026,23,Enterprise,Chair,8,892.63,7141.04,active,2026-01-15,5,ERP
C13714,Luis Sanchez,luis.sanchez@example.com,+573001820906,Colombia,CALI,N/A,77,Enterprise,LAPTOP,8,1735.2,13881.6,pending,,4,ERP
C13715, JUAN  Garcia,juan.garcia@example.com,300-123-4574,Unknown,Bogota,03/04/2026,73,retail,LAPTOP,7,316.19,2213.33,inactive,,2,ERP
C13716,Luis lopez,luis.lopez@example.com,3002360763,Unknown,Bogotá D.C.,03/04/2026,23,Retail,Desk,8,1817.53,14540.24,active,,N/A,ERP
C13717, JUAN  lopez,juan.lopez@example.com,300-123-4546,COLOMBIA,Barranquilla,not-a-date,71,Retail,Monitor,8,1977.49,15819.92,unknown,,3,ERP
C13718,Laura Perez,laura.perez@example.com,,Co,Cartagena,2026-09-24,22,retail,Keyboard,4,"$1,109.41",4437.64,unknown,N/A,3,ERP
C13719,Sofia Martinez,sofia.martinez@example.com,+573005339786,Colombia,CALI,not-a-date,23,retail,Chair,7,1691.61,11841.27,PENDING,15/01/2026,3,ERP
C13720,Ana GARCIA,ana.garcia@example.com,3007368142,Colombia,Bogotá D.C.,2026/09/24,56,RETAIL,Keyboard,4,1387.8,5551.2,inactive,15/01/2026,5,ERP
C13721,Maria GARCIA,maria.garcia@example.com,N/A,Colombia,Cartagena,2026-09-24,43,enterprise,Keyboard,8,1154.03,9232.24,inactive,2026-01-15,N/A,ERP
C13722,Sofia lopez,sofia.lopez@example.com,,COLOMBIA,Bogotá D.C.,not-a-date,44,Retail,Desk,7,23.34,163.38,ACTIVE,2026-01-15,,ERP
C13723,Laura Perez,laura.perez@example.com,N/A,COLOMBIA,Bogotá,03/04/2026,58,Retail,LAPTOP,3,432.85,1298.55,inactive,2026-01-15,,ERP
C13724,Sofia Lopez,sofia.lopez@example.com,,colombia,Bogotá D.C.,2026/09/24,28,Retail,Monitor,5,1701.03,8505.15,unknown,,,ERP
C13725,Laura Garcia,laura.garcia@example.com,N/A,N/A,bogota,03/04/2026,74,enterprise,LAPTOP,4,136.37,545.48,ACTIVE,2026-01-15,1,ERP
C13726,Diego Lopez,diego.lopez@example.com,+573007307977,N/A,Medellín,09/24/2026,22,SMB,Mouse,1,1018.43,1018.43,unknown,2026-01-15,1,ERP
C13727,Juan Martinez,juan.martinez@example.com,300-123-4536,COLOMBIA,Bogotá D.C.,2026/09/24,49,Retail,Chair,10,N/A,6465.8,ACTIVE,N/A,N/A,ERP
C13728,maria lopez,maria.lopez@example.com,,Unknown,Cartagena,03/04/2026,32,retail,Monitor,9,238.84,-42991.2,ACTIVE,,1,ERP
C13729,maria Martinez,MARIA.MARTINEZ@EXAMPLE.COM,+573006427192,COLOMBIA,Medellín,N/A,38,SMB,Mouse,7,819.79,5738.53,inactive,2026-01-15,N/A,ERP
C13730,Juan Martinez,juan.martinez@example.com,N/A,Co,Medellin,N/A,51,enterprise,Mouse,10,1349.93,13499.3,unknown,N/A,2,ERP
C13731,Sofia lopez,SOFIA.LOPEZ@EXAMPLE.COM,3003271332,COLOMBIA,CALI,2026-09-24,67,retail,Monitor,9,1175.27,10577.43,Active,15/01/2026,2,ERP
C13732,Luis Sanchez,luis.sanchez@example.com,300-123-4584,N/A,bogota,2026-09-24,48,enterprise,Keyboard,3,722.68,2168.04,Active,N/A,1,ERP
C13733,Luis Sanchez,luis.sanchez@example.com,3008023303,N/A,Cartagena,September 24 2026,28,enterprise,Monitor,10,93.49,934.9,ACTIVE,2026-01-15,2,ERP
C13734,Laura Lopez,laura.lopez@example.com,,Co,Medellín,03/04/2026,30,Enterprise,Laptop,6,186.69,1120.14,Active,,,ERP
C13735,Luis Sanchez,luis.sanchez@example.com,+573004005582,Unknown,Bogotá D.C.,N/A,64,RETAIL,laptop,9,1889.19,17002.71,PENDING,,3,ERP
C13736,Juan Pérez,juan.pérez@example.com,N/A,COLOMBIA,Medellín,September 24 2026,39,SMB,LAPTOP,10,926.5,9265.0,unknown,15/01/2026,N/A,ERP
C13737,CARLOS Perez,carlos.perez@example.com,+573006862376,Colombia,Barranquilla,N/A,50,Retail,laptop,10,353.33,3533.3,unknown,N/A,2,ERP
C13738,Maria Martinez,maria.martinez@example.com,300-123-4535,COLOMBIA,Bogotá D.C.,09/24/2026,34,smb ,Keyboard,10,1748.15,17481.5,Active,2026-01-15,2,ERP
C13739, JUAN  Martinez,juan.martinez@example.com,300-123-4536,colombia,Medellín,2026-09-24,999,RETAIL,laptop,8,1093.25,8746.0,ACTIVE,15/01/2026,5,ERP
C13740,maria Pérez,maria.pérez@example.com,+573001901047,COLOMBIA,Cartagena,2026-09-24,61,Retail,LAPTOP,2,331.09,662.18,ACTIVE,,5,ERP
C13741,Sofia GARCIA,sofia.garcia@example.com,3002065089,Co,CALI,24/09/2026,55,retail,Mouse,8,540.26,4322.08,unknown,2026-01-15,3,ERP
C13742,CARLOS GARCIA,carlos.garcia@example.com,300-123-4522,Unknown,bogota,2026/09/24,24,Retail,Laptop,8,120.89,967.12,Active,,N/A,ERP
C13743,Carlos lopez,carlos.lopez@example.com,+57 300 969 2314,N/A,BOGOTA,24/09/2026,42,retail,Laptop,8,1069.38,8555.04,PENDING,N/A,1,ERP
C13744,Juan lopez,juan.lopez@example.com,+57 300 790 6941,Colombia,Bogotá D.C.,not-a-date,75,enterprise,Chair,7,179.14,1253.98,Active,N/A,N/A,ERP
C13745,Diego Pérez,,+57 300 963 9207,Unknown,Bogota DC,03/04/2026,80,Enterprise,LAPTOP,-2,1165.85,1165.85,ACTIVE,2026-01-15,3,ERP
C13746,Sofia Pérez,sofia.pérez@example.com,N/A,Co,Bogota DC,N/A,80,smb ,Keyboard,7,726.9,5088.3,unknown,15/01/2026,3,ERP
C13747, JUAN  Garcia,missing@,+573003611345,Co,Medellin,03/04/2026,67,Retail,Monitor,7,217.43,1522.01,pending,N/A,4,ERP
C13748, JUAN  Garcia,juan.garcia@example.com,+57 300 720 1136,COLOMBIA,Cartagena,2026-09-24,76,smb ,Monitor,2,1976.73,3953.46,pending,,,ERP
C13749,maria GARCIA,maria.garcia@example.com,N/A,Colombia,Bogota DC,03/04/2026,79,smb ,Laptop,3,701.79,2105.37,ACTIVE,,3,ERP
C13750, JUAN  Garcia,juan.garcia@example.com,+57 300 763 2704,colombia,MEDELLIN,2026/09/24,39,enterprise,laptop,4,1804.43,7217.72,PENDING,2026-01-15,1,ERP
C13751,Luis Garcia,luis.garcia@example.com,3008800411,Co,BOGOTA,September 24 2026,61,smb ,LAPTOP,3,605.68,1817.04,inactive,15/01/2026,1,ERP
C13752, JUAN  Perez,juan.perez@example.com,,Co,Cartagena,not-a-date,62,enterprise,Monitor,7,600.14,4200.98,pending,15/01/2026,1,ERP
C13753,Juan Perez,juan.perez@example.com,,Colombia,Cali,September 24 2026,62,Enterprise,Mouse,7,1778.25,12447.75,PENDING,15/01/2026,2,ERP
C13754,Juan GARCIA,juan.garcia@example.com,3008416444,Unknown,Bogotá D.C.,03/04/2026,40,SMB,Monitor,2,691.01,1382.02,pending,,4,ERP
C13755,Luis Garcia,luis.garcia@example.com,+57 300 642 9052,colombia,Bogotá D.C.,09/24/2026,71,enterprise,LAPTOP,9,574.8,5173.2,active,2026-01-15,2,ERP
C13756,Luis GARCIA,luis.garcia@example.com,N/A,Co,MEDELLIN,N/A,58,RETAIL,Monitor,4,1315.73,5262.92,pending,2026-01-15,4,ERP
C13757,Sofia GARCIA,sofia.garcia@example.com,3008959988,N/A,Medellín,not-a-date,24,RETAIL,Mouse,7,1075.65,7529.55,Active,2026-01-15,5,ERP
C13758, JUAN  Perez,juan.perez@example.com,+573004739055,Unknown,Bogotá,not-a-date,65,RETAIL,Mouse,10,1825.16,365032.0,Active,15/01/2026,,ERP
C13759,Diego Martinez,diego.martinez@example.com,+57 300 210 7723,colombia,Cartagena,N/A,42,Retail,laptop,9,1329.82,11968.38,pending,,,ERP
C13760,Laura Lopez,laura.lopez@example.com,N/A,Unknown,Bogota DC,not-a-date,52,enterprise,Keyboard,6,697.83,4186.98,unknown,15/01/2026,4,ERP
C13761,Laura Lopez,laura.lopez@example.com,+573004642507,N/A,Bogotá D.C.,03/04/2026,77,smb ,Desk,10,1290.52,12905.2,unknown,,4,ERP
C13762,maria lopez,maria.lopez@example.com,+573006089054,Colombia,bogota,09/24/2026,60,RETAIL,laptop,1,449.03,449.03,unknown,N/A,5,ERP
C13763,Laura lopez,laura.lopez@example.com,300-123-4581,COLOMBIA,CALI,2026-09-24,49,SMB,Monitor,2,1153.23,2306.46,active,2026-01-15,1,ERP
C13764,Maria Garcia,maria.garcia@example.com,+573004098236,Unknown,Bogota DC,N/A,19,retail,laptop,2,672.06,1344.12,ACTIVE,N/A,4,ERP
C13765,Carlos Perez,carlos.perez@example.com,300-123-4562,Co,bogota,03/04/2026,37,SMB,LAPTOP,1,268.97,268.97,pending,N/A,3,ERP
C13766,CARLOS lopez,carlos.lopez@example.com,,colombia,Barranquilla,2026-09-24,37,Retail,Chair,9,1523.88,13714.92,PENDING,N/A,5,ERP
C13767,Carlos Garcia,carlos.garcia@example.com,+573002400157,COLOMBIA,Bogota DC,2026/09/24,56,smb ,laptop,4,1356.66,5426.64,PENDING,N/A,,ERP
C13768,CARLOS lopez,not-an-email,3009560051,COLOMBIA,MEDELLIN,24/09/2026,70,Enterprise,Keyboard,2,1563.15,3126.3,Active,15/01/2026,2,ERP
C13769,Laura Sanchez,laura.sanchez@example.com,,COLOMBIA,Bogotá D.C.,2026-09-24,25,enterprise,Laptop,10,548.42,5484.2,active,,5,ERP
C13770,Carlos lopez,carlos.lopez@example.com,,COLOMBIA,Barranquilla,2026/09/24,80,SMB,laptop,6,1225.62,7353.72,ACTIVE,15/01/2026,3,ERP
C13771,Carlos Garcia,carlos.garcia@example.com,3005520081,COLOMBIA,Cali,2026/09/24,72,RETAIL,laptop,9,1468.09,13212.81,pending,,4,ERP
C13772,Sofia GARCIA,missing@,300-123-4513,Unknown,Cartagena,N/A,73,Enterprise,Desk,6,375.53,2253.18,active,N/A,2,ERP
C13773,Maria Perez,maria.perez@example.com,3007186766,COLOMBIA,Bogota DC,2026-09-24,55,Enterprise,Mouse,9,428.93,3860.37,active,15/01/2026,4,ERP
C13774,Maria Garcia,maria.garcia@example.com,,COLOMBIA,Bogota,09/24/2026,32,RETAIL,Chair,4,1351.44,5405.76,ACTIVE,2026-01-15,4,ERP
C13775, JUAN  Sanchez,juan.sanchez@example.com,+57 300 487 3358,Unknown,Bogota DC,September 24 2026,26,Retail,Mouse,1,1632.03,1632.03,inactive,,3,ERP
C13776,Carlos Martinez,?,null,N/A,,not-a-date,47,Retail,Monitor,1,484.91,484.91,Active,N/A,2,ERP
C13777,Laura GARCIA,laura.garcia@example.com,+57 300 747 6255,Unknown,Bogotá D.C.,24/09/2026,35,retail,Chair,4,115.92,463.68,inactive,15/01/2026,1,ERP
C13778,Maria Martinez,maria.martinez@example.com,300-123-4573,Colombia,Bogotá,2026-09-24,60,Retail,laptop,1,1263.06,1263.06,pending,2026-01-15,3,ERP
C13779,Juan Pérez,juan.pérez@example.com,+57 300 672 4749,COLOMBIA,Bogota DC,2026-09-24,18,Enterprise,Mouse,2,1016.93,2033.86,ACTIVE,,4,ERP
C13780,CARLOS Martinez,carlos.martinez@example.com,3002020116,COLOMBIA,CALI,09/24/2026,66,retail,laptop,4,756.35,3025.4,inactive,,5,ERP
C13781,CARLOS Lopez,carlos.lopez@example.com,+57 300 174 1940,Unknown,BOGOTA,September 24 2026,63,retail,Mouse,4,1416.24,5664.96,Active,2026-01-15,3,ERP
C13782,Diego Lopez,diego.lopez@example.com,+57 300 245 5144,colombia,Medellin,September 24 2026,70,Enterprise,Laptop,3,208.43,625.29,inactive,15/01/2026,4,ERP
C13783,Carlos Perez,carlos.perez@example.com,3007839968,colombia,Medellín,2026-09-24,72,RETAIL,Desk,-1,1001.01,1001.01,pending,2026-01-15,5,ERP
C13784, JUAN  GARCIA,juan.garcia@example.com,+573003022756,colombia,CALI,not-a-date,57,Enterprise,Desk,5,1088.16,5440.8,inactive,N/A,2,ERP
C13785,Juan lopez,juan.lopez@example.com,3006961676,Unknown,Medellin,September 24 2026,24,smb ,Laptop,9,1353.38,12180.42,inactive,15/01/2026,5,ERP
C13786,Carlos lopez,carlos.lopez@example.com,+573003755132,Co,Cali,09/24/2026,35,Retail,Desk,4,1746.14,6984.56,inactive,,,ERP
C13787,maria GARCIA,maria.garcia@example.com,N/A,Colombia,Barranquilla,2026/09/24,53,smb ,Chair,5,922.07,4610.35,inactive,,3,ERP
C13788,Diego Sanchez,diego.sanchez@example.com,N/A,N/A,Barranquilla,September 24 2026,50,smb ,Monitor,1,N/A,659.16,PENDING,15/01/2026,4,ERP
C13789,CARLOS Lopez,carlos.lopez@example.com,N/A,Co,Bogota,09/24/2026,39,SMB,Monitor,6,1509.37,9056.22,pending,2026-01-15,,ERP
C13790,Diego Perez,diego.perez@example.com,,COLOMBIA,Cartagena,24/09/2026,69,Enterprise,Monitor,10,916.31,9163.1,unknown,15/01/2026,4,ERP
C13791,Juan Pérez,missing@,+573006643173,colombia,Medellin,2026-09-24,46,retail,Chair,1,1297.27,1297.27,Active,N/A,5,ERP
C13792,Diego Martinez,diego.martinez@example.com,3007081197,Co,Bogota,24/09/2026,40,smb ,Desk,7,1048.44,7339.08,pending,2026-01-15,2,ERP
C13793,CARLOS Garcia,carlos.garcia@example.com,300-123-4514,Unknown,Barranquilla,09/24/2026,47,enterprise,Desk,5,"$1,393.95",6969.75,active,N/A,2,ERP
C13794,Carlos Lopez,carlos.lopez@example.com,+57 300 462 5098,COLOMBIA,Bogota,September 24 2026,19,RETAIL,Keyboard,8,1696.56,13572.48,pending,2026-01-15,2,ERP
C13795,maria Garcia,maria.garcia@example.com,,colombia,bogota,09/24/2026,74,Retail,Monitor,8,1569.0,12552.0,PENDING,N/A,,ERP
C13796,maria GARCIA,maria.garcia@example.com,,COLOMBIA,MEDELLIN,N/A,74,RETAIL,Chair,4,1241.12,4964.48,inactive,15/01/2026,3,ERP
C13797, JUAN  Sanchez,juan.sanchez@example.com,N/A,N/A,Bogotá,03/04/2026,55,Enterprise,Chair,6,1134.54,6807.24,unknown,15/01/2026,,ERP
C13798,Sofia Perez,sofia.perez@example.com,,COLOMBIA,MEDELLIN,2026-09-24,75,retail,laptop,2,1959.68,3919.36,Active,15/01/2026,N/A,ERP
C13799,Carlos Perez,carlos.perez@example.com,3009054979,Colombia,Bogotá,09/24/2026,44,Retail,Desk,6,1067.04,6402.24,pending,15/01/2026,4,ERP
C13800, JUAN  Pérez,juan.pérez@example.com,,colombia,Bogotá,03/04/2026,22,RETAIL,Mouse,5,866.98,4334.9,inactive,,4,ERP
C13801,Juan Garcia,juan.garcia@example.com,300-123-4547,Co,Medellín,09/24/2026,30,Retail,Monitor,6,1571.48,9428.88,unknown,2026-01-15,4,ERP
C13802,Laura Lopez,laura.lopez@example.com,+573006557772,colombia,Cartagena,2026/09/24,46,enterprise,Chair,3,786.29,2358.87,PENDING,N/A,5,ERP
C13803,CARLOS Martinez,carlos.martinez@example.com,300-123-4516,Unknown,Medellín,24/09/2026,70,SMB,Monitor,8,1096.35,8770.8,active,,4,ERP
C13804, JUAN  Martinez,juan.martinez@example.com,3006836248,N/A,BOGOTA,03/04/2026,71,enterprise,Chair,7,1291.51,9040.57,pending,15/01/2026,5,ERP
C13805,Diego Perez,diego.perez@example.com,N/A,colombia,Medellín,not-a-date,65,Enterprise,Monitor,7,1147.15,8030.05,ACTIVE,15/01/2026,1,ERP
C13806,Sofia Pérez,N/A,3005394884,Colombia,Cali,09/24/2026,43,retail,Chair,9,657.02,5913.18,pending,,5,ERP
C13807, JUAN  Garcia,juan.garcia@example.com,3006319916,Unknown,Bogota DC,03/04/2026,70,SMB,LAPTOP,3,746.0,2238.0,ACTIVE,2026-01-15,4,ERP
C13808,Ana Perez,not-an-email,+573001425523,Co,CALI,09/24/2026,75,SMB,LAPTOP,7,105.39,737.73,pending,2026-01-15,N/A,ERP
C13809,maria Sanchez,maria.sanchez@example.com,3005275662,colombia,Bogotá D.C.,24/09/2026,43,RETAIL,Monitor,10,80.07,800.7,ACTIVE,,,ERP
C13810,  Luis lopez  ,luis.lopez@example.com,+573001904496,Co,Barranquilla,24/09/2026,18,Enterprise,LAPTOP,3,1050.19,3150.57,active,2026-01-15,3,ERP
C13811, JUAN  lopez,juan.lopez@example.com,+573005169777,N/A,Medellín,24/09/2026,26,smb ,Keyboard,6,1428.16,8568.96,pending,15/01/2026,5,ERP
C13812,Ana Garcia,ANA.GARCIA@EXAMPLE.COM,+573003191648,Co,CALI,not-a-date,66,SMB,Monitor,2,996.15,1992.3,Active,,,ERP
C13813,Diego Perez,diego.perez@example.com,3002432267,Co,Bogota,24/09/2026,33,SMB,Laptop,10,838.94,8389.4,active,2026-01-15,3,ERP
C13814,maria Garcia,maria.garcia@example.com,3008558100,Unknown,Cartagena,N/A,78,enterprise,laptop,5,1259.32,6296.6,ACTIVE,15/01/2026,3,ERP
C13815,Sofia Perez,sofia.perez@example.com,+573003244182,COLOMBIA,bogota,09/24/2026,44,SMB,Laptop,3,1806.71,5420.13,unknown,15/01/2026,N/A,ERP
C13816,maria Perez,maria.perez@example.com,,COLOMBIA,Bogotá,09/24/2026,56,RETAIL,Chair,4,1952.78,7811.12,Active,N/A,2,ERP
C13817,Carlos lopez,carlos.lopez@example.com,+573004676051,Unknown,bogota,09/24/2026,18,smb ,Monitor,10,754.93,7549.3,pending,N/A,5,ERP
C13818,Laura GARCIA,not-an-email,N/A,Colombia,Bogota DC,24/09/2026,19,smb ,Monitor,7,1333.82,9336.74,active,N/A,N/A,ERP
C13819,Juan Pérez,juan.pérez@example.com,300-123-4575,colombia,Medellin,not-a-date,23,enterprise,Laptop,4,1663.81,6655.24,pending,,1,ERP
C13820,Maria GARCIA,maria.garcia@example.com,N/A,Unknown,Bogota,not-a-date,45,retail,Mouse,8,1261.53,10092.24,PENDING,,N/A,ERP
C13821,Carlos Martinez,carlos.martinez@example.com,+57 300 444 9749,Colombia,Bogotá,2026/09/24,70,Retail,Monitor,8,"$1,102.25",8818.0,pending,,4,ERP
C13822,Carlos Sanchez,carlos.sanchez@example.com,+57 300 743 2300,N/A,Medellin,24/09/2026,76,smb ,laptop,4,$163.55,654.2,active,N/A,4,ERP
C13823,Diego Sanchez,diego.sanchez@example.com,+573004469894,COLOMBIA,BOGOTA,03/04/2026,29,enterprise,Keyboard,9,305.73,2751.57,active,2026-01-15,1,ERP
C13824,  Carlos Sanchez  ,?,null,Co,,September 24 2026,62,Retail,laptop,4,207.82,831.28,pending,,,ERP
C13825,Luis Lopez,luis.lopez@example.com,3001622297,Co,Medellín,N/A,-5,retail,Keyboard,7,471.28,3298.96,PENDING,15/01/2026,3,ERP
C13826,Laura Martinez,laura.martinez@example.com,,Co,BOGOTA,24/09/2026,59,Enterprise,Chair,10,1038.08,10380.8,inactive,,1,ERP
C13827,Diego Lopez,diego.lopez@example.com,300-123-4550,COLOMBIA,MEDELLIN,not-a-date,70,enterprise,Keyboard,2,706.0,1412.0,active,2026-01-15,N/A,ERP
C13828,Maria Pérez,maria.pérez@example.com,N/A,Unknown,Barranquilla,September 24 2026,71,retail,laptop,10,770.21,7702.1,PENDING,N/A,4,ERP
C13829,Laura Pérez,missing@,N/A,Colombia,Cali,N/A,50,Enterprise,LAPTOP,6,915.83,5494.98,Active,2026-01-15,2,ERP
C13830,Maria Sanchez,maria.sanchez@example.com,+57 300 201 3909,colombia,Bogota DC,24/09/2026,35,enterprise,Chair,5,10.88,54.4,unknown,2026-01-15,4,ERP
C13831,Laura Pérez,laura.pérez@example.com,+57 300 725 4131,Co,MEDELLIN,03/04/2026,55,enterprise,Desk,7,441.4,3089.8,unknown,,N/A,ERP
C13832,Laura GARCIA,laura.garcia@example.com,,Co,bogota,September 24 2026,56,Retail,Chair,-1,"1212,0",1212.0,inactive,,,ERP
C13833,  Diego Garcia  ,diego.garcia@example.com,+573008566594,Colombia,Bogotá,September 24 2026,25,Retail,Laptop,9,1982.85,17845.65,inactive,2026-01-15,1,ERP
C13834,  Juan Martinez  ,juan.martinez@example.com,300-123-4515,N/A,bogota,09/24/2026,25,Enterprise,Chair,5,711.66,3558.3,unknown,15/01/2026,3,ERP
C13835,Juan Perez,juan.perez@example.com,,COLOMBIA,Bogotá,2026/09/24,36,retail,Laptop,1,890.21,890.21,active,15/01/2026,3,ERP
C13836,Sofia Garcia,sofia.garcia@example.com,300-123-4552,Colombia,bogota,2026/09/24,79,Enterprise,laptop,6,1526.15,9156.9,active,15/01/2026,4,ERP
C13837,Luis Pérez,luis.pérez@example.com,+573003760846,COLOMBIA,Bogotá,09/24/2026,34,retail,LAPTOP,9,631.3,5681.7,active,N/A,3,ERP
C13838,CARLOS GARCIA,carlos.garcia@example.com,,COLOMBIA,Bogotá D.C.,03/04/2026,32,Enterprise,Chair,6,887.26,5323.56,inactive,2026-01-15,3,ERP
C13839,Luis Pérez,luis.pérez@example.com,3007998973,N/A,Bogotá D.C.,September 24 2026,30,Retail,Monitor,8,1294.09,10352.72,PENDING,,1,ERP
C13840,Laura Garcia,laura.garcia@example.com,3003624020,N/A,Bogota,September 24 2026,45,retail,Chair,9,372.56,3353.04,Active,N/A,4,ERP
C13841,CARLOS Pérez,carlos.pérez@example.com,3005938300,COLOMBIA,Cali,2026-09-24,27,smb ,laptop,5,1600.34,8001.7,inactive,,,ERP
C13842,CARLOS Martinez,carlos.martinez@example.com,3003141699,Unknown,MEDELLIN,03/04/2026,45,Enterprise,Monitor,-2,945.92,945.92,PENDING,N/A,3,ERP
C13843,CARLOS Lopez,carlos.lopez@example.com,N/A,Co,MEDELLIN,not-a-date,43,smb ,Monitor,6,196.14,1176.84,active,15/01/2026,2,ERP
C13844, JUAN  Pérez,user@@example.com,+57 300 375 7243,N/A,Barranquilla,September 24 2026,43,Retail,Desk,3,12.3,36.9,Active,,2,ERP
C13845,Maria Lopez,maria.lopez@example.com,300-123-4515,Colombia,Medellín,2026/09/24,26,smb ,laptop,1,1157.16,1157.16,PENDING,15/01/2026,1,ERP
C13846,Sofia Lopez,sofia.lopez@example.com,3002512613,colombia,Bogotá D.C.,03/04/2026,47,retail,Monitor,7,1357.6,9503.2,unknown,15/01/2026,,ERP
C13847,Luis lopez,luis.lopez@example.com,N/A,Co,Bogota,09/24/2026,57,retail,Chair,2,919.51,1839.02,Active,2026-01-15,3,ERP
C13848,Sofia Pérez,sofia.pérez@example.com,3002352011,colombia,bogota,2026-09-24,21,Enterprise,Monitor,9,1040.77,9366.93,pending,,1,ERP
C13849,  maria Sanchez  ,maria.sanchez@example.com,+573006478498,Unknown,Barranquilla,2026/09/24,39,Enterprise,LAPTOP,3,1931.0,5793.0,active,2026-01-15,5,ERP
C13850, JUAN  Pérez,juan.pérez@example.com,,Co,BOGOTA,September 24 2026,62,Enterprise,Monitor,9,583.35,5250.15,pending,N/A,,ERP
C13851,Carlos lopez,carlos.lopez@example.com,300-123-4571,N/A,MEDELLIN,2026-09-24,66,Enterprise,Laptop,6,1255.61,7533.66,unknown,N/A,5,ERP
C13852,Laura Lopez,laura.lopez@example.com,,Unknown,Medellín,2026-09-24,63,retail,LAPTOP,6,76.24,457.44,pending,2026-01-15,,ERP
C13853,Sofia GARCIA,sofia.garcia@example.com,+57 300 163 1910,Colombia,Medellín,2026-09-24,40,Retail,Mouse,5,66.57,332.85,active,15/01/2026,5,ERP
C13854, JUAN  Pérez,juan.pérez@example.com,N/A,N/A,CALI,N/A,31,smb ,Chair,7,480.79,3365.53,ACTIVE,15/01/2026,3,ERP
C13855,Laura lopez,laura.lopez@example.com,N/A,Colombia,Bogotá D.C.,N/A,73,Enterprise,Laptop,10,178.39,1783.9,active,N/A,2,ERP
C13856,  Sofia Martinez  ,sofia.martinez@example.com,,Colombia,Medellín,2026/09/24,64,Enterprise,Keyboard,10,145.67,1456.7,pending,2026-01-15,3,ERP
C13857,Juan Martinez,juan.martinez@example.com,+573004750214,Colombia,MEDELLIN,2026/09/24,68,enterprise,Mouse,2,743.02,1486.04,pending,2026-01-15,N/A,ERP
C13858,Laura Pérez,laura.pérez@example.com,300-123-4597,Co,bogota,N/A,45,smb ,laptop,4,904.79,3619.16,pending,15/01/2026,3,ERP
C13859, JUAN  Garcia,juan.garcia@example.com,N/A,colombia,bogota,N/A,65,smb ,laptop,10,844.54,8445.4,pending,N/A,5,ERP
C13860,Maria Sanchez,maria.sanchez@example.com,,Unknown,BOGOTA,not-a-date,65,smb ,Laptop,1,1290.98,1290.98,Active,2026-01-15,,ERP
C13861, JUAN  GARCIA,juan.garcia@example.com,+57 300 221 4790,Colombia,Cali,09/24/2026,70,smb ,laptop,3,1333.12,3999.36,active,N/A,N/A,ERP
C13862,Juan Lopez,?,null,Unknown,,24/09/2026,78,retail,laptop,4,604.05,2416.2,active,2026-01-15,2,ERP
C13863,Juan Pérez,juan.pérez@example.com,,COLOMBIA,Barranquilla,03/04/2026,35,smb ,Laptop,1,428.45,428.45,ACTIVE,N/A,,ERP
C13864,CARLOS Pérez,carlos.pérez@example.com,300-123-4528,Unknown,Bogotá,2026/09/24,36,SMB,Chair,1,1517.52,1517.52,Active,2026-01-15,5,ERP
C13865, JUAN  Sanchez,juan.sanchez@example.com,+57 300 981 9009,colombia,Cali,September 24 2026,37,smb ,Chair,1,110.82,110.82,active,15/01/2026,5,ERP
C13866,  Ana Perez  ,ANA.PEREZ@EXAMPLE.COM,3007507801,COLOMBIA,Bogotá,N/A,72,SMB,laptop,6,81.15,486.9,inactive,N/A,1,ERP
C13867,Laura Lopez,laura.lopez@example.com,300-123-4561,COLOMBIA,CALI,2026/09/24,28,Retail,Desk,2,1191.95,2383.9,inactive,15/01/2026,,ERP
C13868,Sofia Perez,N/A,+57 300 182 4529,Co,Bogota DC,2026/09/24,27,smb ,LAPTOP,10,129.13,1291.3,ACTIVE,N/A,N/A,ERP
C13869, JUAN  Lopez,juan.lopez@example.com,300-123-4515,colombia,Bogotá D.C.,September 24 2026,73,SMB,laptop,6,298.16,1788.96,ACTIVE,N/A,3,ERP
C13870,Luis lopez,luis.lopez@example.com,+57 300 441 9528,Co,Bogota,September 24 2026,25,Retail,Chair,1,1034.06,1034.06,unknown,N/A,,ERP
C13871,Sofia Sanchez,sofia.sanchez@example.com,,colombia,Bogota,24/09/2026,61,Retail,Keyboard,7,1980.36,13862.52,PENDING,,1,ERP
C13872,Maria Garcia,maria.garcia@example.com,300-123-4562,Colombia,MEDELLIN,N/A,56,RETAIL,Laptop,9,1013.69,9123.21,ACTIVE,,2,ERP
C13873,CARLOS Garcia,carlos.garcia@example.com,300-123-4525,N/A,MEDELLIN,2026/09/24,43,enterprise,Mouse,2,425.35,850.7,ACTIVE,N/A,5,ERP
C13874,Laura Sanchez,laura.sanchez@example.com,300-123-4518,COLOMBIA,Medellin,N/A,73,SMB,Keyboard,10,223.16,2231.6,PENDING,2026-01-15,1,ERP
C13875,Juan Garcia,juan.garcia@example.com,+57 300 703 2287,COLOMBIA,Medellín,September 24 2026,54,Enterprise,Chair,8,1697.88,13583.04,active,2026-01-15,3,ERP
C13876,Laura Sanchez,laura.sanchez@example.com,+573004768308,Unknown,Barranquilla,03/04/2026,68,smb ,Chair,1,1937.76,1937.76,inactive,15/01/2026,N/A,ERP
C13877,Carlos Sanchez,carlos.sanchez@example.com,3002366633,Unknown,Cali,2026/09/24,46,smb ,Laptop,1,333.98,333.98,inactive,15/01/2026,4,ERP
C13878,maria Perez,maria.perez@example.com,+573004481662,COLOMBIA,Medellín,N/A,35,Enterprise,Laptop,8,1220.59,9764.72,inactive,2026-01-15,4,ERP
C13879,  CARLOS Perez  ,carlos.perez@example.com,+573001366196,COLOMBIA,BOGOTA,September 24 2026,30,Enterprise,Monitor,9,1880.92,16928.28,unknown,15/01/2026,,ERP
C13880,maria Sanchez,maria.sanchez@example.com,+573004926510,Co,Bogotá D.C.,not-a-date,71,smb ,Keyboard,6,1399.1,8394.6,ACTIVE,N/A,2,ERP
C13881, JUAN  Lopez,juan.lopez@example.com,N/A,colombia,Cali,N/A,20,enterprise,Desk,3,936.46,2809.38,Active,,3,ERP
C13882,Diego Martinez,diego.martinez@example.com,,colombia,Bogotá D.C.,September 24 2026,50,smb ,Laptop,1,427.82,427.82,Active,2026-01-15,N/A,ERP
C13883,Diego Perez,diego.perez@example.com,300-123-4516,Co,BOGOTA,09/24/2026,22,retail,Mouse,9,772.67,6954.03,unknown,2026-01-15,N/A,ERP
C13884,Juan Sanchez,juan.sanchez@example.com,3008079674,N/A,Medellín,N/A,44,RETAIL,Keyboard,9,1524.62,13721.58,ACTIVE,N/A,,ERP
C10001, JUAN  Lopez,juan.lopez@example.com,3004745819,Unknown,Bogotá D.C.,03/04/2026,19,Enterprise,Desk,4,567.26,2269.04,pending,2026-01-15,4,ERP
C13886,Maria Martinez,maria.martinez@example.com,3007142398,Co,Medellín,2026-09-24,45,SMB,LAPTOP,9,1452.61,13073.49,active,,4,ERP
C13887,Carlos Pérez,carlos.pérez@example.com,+573005320894,N/A,Barranquilla,09/24/2026,47,RETAIL,LAPTOP,-2,1022.51,1022.51,pending,,N/A,ERP
C13888,Luis GARCIA,luis.garcia@example.com,+57 300 505 6255,Unknown,Cartagena,N/A,65,smb ,LAPTOP,-1,838.87,838.87,Active,15/01/2026,4,ERP
C13889,Sofia Pérez,sofia.pérez@example.com,N/A,COLOMBIA,Bogotá,2026-09-24,59,Enterprise,Chair,4,1576.02,6304.08,PENDING,2026-01-15,3,ERP
C13890,Carlos Martinez,carlos.martinez@example.com,+573006698454,COLOMBIA,Barranquilla,not-a-date,75,retail,laptop,9,1639.66,14756.94,ACTIVE,15/01/2026,2,ERP
C13891,  Sofia GARCIA  ,sofia.garcia@example.com,N/A,Colombia,Bogota DC,2026/09/24,69,SMB,Monitor,6,212.68,1276.08,Active,15/01/2026,3,ERP
C13892,Juan Perez,juan.perez@example.com,+57 300 392 9616,Colombia,Medellin,2026/09/24,37,smb ,Desk,6,451.43,2708.58,pending,,1,ERP
C13893, JUAN  Martinez,juan.martinez@example.com,,N/A,BOGOTA,N/A,68,Retail,Keyboard,3,1145.71,3437.13,pending,15/01/2026,5,ERP
C13894,maria lopez,maria.lopez@example.com,+57 300 978 6999,N/A,Medellin,2026-09-24,30,enterprise,LAPTOP,3,1057.9,3173.7,active,N/A,2,ERP
C13895, JUAN  Martinez,juan.martinez@example.com,300-123-4558,Unknown,Cartagena,2026/09/24,48,Enterprise,Monitor,2,1614.38,3228.76,active,,5,ERP
C13896,maria Perez,maria.perez@example.com,+573001429520,COLOMBIA,Bogotá,2026/09/24,20,Retail,Mouse,4,N/A,4226.4,ACTIVE,,N/A,ERP
C13897, JUAN  Lopez,juan.lopez@example.com,N/A,COLOMBIA,MEDELLIN,not-a-date,68,Enterprise,Keyboard,10,126.31,1263.1,ACTIVE,15/01/2026,5,ERP
C13898,CARLOS Garcia,carlos.garcia@example.com,3008671692,colombia,BOGOTA,2026/09/24,36,RETAIL,Chair,2,1609.67,3219.34,Active,15/01/2026,3,ERP
C13899,Maria Pérez,maria.pérez@example.com,+573009052031,COLOMBIA,Cartagena,September 24 2026,24,Enterprise,Keyboard,2,1035.59,-2071.18,ACTIVE,N/A,5,ERP
C13900,Diego Garcia,diego.garcia@example.com,N/A,Unknown,Bogotá,24/09/2026,75,smb ,LAPTOP,4,1390.85,5563.4,Active,N/A,N/A,ERP
C13901,CARLOS GARCIA,carlos.garcia@example.com,300-123-4577,Colombia,bogota,not-a-date,200,smb ,Monitor,9,1150.63,10355.67,PENDING,15/01/2026,1,ERP
C13902,CARLOS lopez,carlos.lopez@example.com,N/A,Unknown,bogota,24/09/2026,19,Enterprise,Mouse,9,1336.8,12031.2,active,15/01/2026,3,ERP
C13903,Luis Lopez,luis.lopez@example.com,+573001856614,Unknown,Bogotá,24/09/2026,75,enterprise,Monitor,1,1863.76,1863.76,ACTIVE,N/A,5,ERP
C13904,Juan Pérez,JUAN.PÉREZ@EXAMPLE.COM,N/A,Colombia,MEDELLIN,N/A,-5,smb ,LAPTOP,10,1986.11,19861.1,Active,15/01/2026,3,ERP
C13905,Laura Sanchez,laura.sanchez@example.com,300-123-4515,colombia,Medellin,N/A,30,SMB,Desk,5,1488.31,7441.55,PENDING,2026-01-15,2,ERP
C13906,CARLOS GARCIA,carlos.garcia@example.com,+573009785289,Unknown,Bogotá D.C.,24/09/2026,38,RETAIL,laptop,10,35.74,357.4,active,N/A,1,ERP
C13907,Diego Sanchez,diego.sanchez@example.com,300-123-4586,colombia,Bogota DC,2026-09-24,63,Retail,laptop,7,$753.05,5271.35,ACTIVE,,N/A,ERP
C13908,Ana Sanchez,ana.sanchez@example.com,3006122016,colombia,BOGOTA,2026-09-24,70,smb ,LAPTOP,-2,930.69,930.69,inactive,2026-01-15,5,ERP
C13909,Juan Garcia,juan.garcia@example.com,300-123-4569,COLOMBIA,Medellin,2026/09/24,71,enterprise,LAPTOP,6,855.04,5130.24,active,N/A,N/A,ERP
C13910,Juan GARCIA,juan.garcia@example.com,3004331077,Unknown,BOGOTA,03/04/2026,61,Enterprise,Desk,10,313.18,3131.8,pending,15/01/2026,2,ERP
C13911,maria Pérez,user@@example.com,3008680939,Co,Bogotá,09/24/2026,53,RETAIL,laptop,6,1182.6,7095.6,Active,N/A,2,ERP
C13912,Sofia Perez,sofia.perez@example.com,+573002920750,Co,Cartagena,03/04/2026,41,SMB,Chair,8,1602.63,12821.04,PENDING,,2,ERP
C13913,Carlos Garcia,carlos.garcia@example.com,+573009228897,Unknown,Bogota DC,24/09/2026,79,smb ,Laptop,5,1021.89,5109.45,ACTIVE,N/A,N/A,ERP
C13914,Laura Sanchez,laura.sanchez@example.com,,Co,Medellin,September 24 2026,24,retail,Monitor,1,975.13,975.13,unknown,15/01/2026,2,ERP
C13915, JUAN  lopez,juan.lopez@example.com,,Colombia,Cartagena,not-a-date,58,retail,Keyboard,9,1972.08,17748.72,ACTIVE,2026-01-15,,ERP
C13916,Maria Martinez,maria.martinez@example.com,3001472877,Co,Bogota DC,2026-09-24,65,SMB,LAPTOP,8,1902.94,15223.52,active,N/A,3,ERP
C13917,maria lopez,maria.lopez@example.com,300-123-4545,colombia,Bogota,not-a-date,47,SMB,LAPTOP,8,79.7,637.6,Active,N/A,N/A,ERP
C13918,Carlos Pérez,carlos.pérez@example.com,,Co,MEDELLIN,2026-09-24,36,Retail,Mouse,8,1300.87,10406.96,active,,N/A,ERP
C13919,Maria Perez,maria.perez@example.com,300-123-4534,COLOMBIA,Barranquilla,September 24 2026,25,Retail,laptop,7,1571.92,11003.44,inactive,15/01/2026,,ERP
C13920,Juan Lopez,juan.lopez@example.com,300-123-4583,COLOMBIA,MEDELLIN,2026-09-24,33,retail,laptop,9,1102.48,9922.32,Active,15/01/2026,1,ERP
C13921,Diego Garcia,diego.garcia@example.com,300-123-4536,COLOMBIA,Bogotá,not-a-date,64,SMB,Monitor,6,1911.78,11470.68,unknown,N/A,1,ERP
C13922,maria Lopez,maria.lopez@example.com,300-123-4563,Colombia,Cali,2026-09-24,40,smb ,laptop,9,1066.36,9597.24,active,N/A,1,ERP
C13923,Diego Perez,diego.perez@example.com,+573005492756,Unknown,Bogota,2026/09/24,21,RETAIL,Keyboard,4,277.67,1110.68,PENDING,2026-01-15,4,ERP
C13924,maria Pérez,maria.pérez@example.com,300-123-4564,colombia,Bogota,September 24 2026,20,smb ,Monitor,3,469.73,1409.19,active,15/01/2026,2,ERP
C13925,Sofia Perez,sofia.perez@example.com,+573004266890,COLOMBIA,Barranquilla,24/09/2026,32,enterprise,Chair,9,1672.14,15049.26,unknown,,3,ERP
C13926,CARLOS GARCIA,carlos.garcia@example.com,+573005166877,N/A,CALI,24/09/2026,48,retail,Monitor,3,319.44,19166.4,inactive,15/01/2026,2,ERP
C13927,Laura Martinez,laura.martinez@example.com,300-123-4530,Colombia,Bogota DC,September 24 2026,60,smb ,Mouse,10,1497.36,14973.6,PENDING,2026-01-15,4,ERP
C13928,Maria Perez,maria.perez@example.com,,COLOMBIA,Barranquilla,September 24 2026,74,SMB,LAPTOP,4,1060.91,4243.64,active,2026-01-15,4,ERP
C13929,Diego Sanchez,diego.sanchez@example.com,+573008821214,COLOMBIA,Medellín,03/04/2026,29,RETAIL,Mouse,8,1042.37,8338.96,inactive,15/01/2026,3,ERP
C13930,maria Lopez,maria.lopez@example.com,,Unknown,bogota,03/04/2026,200,Retail,laptop,3,1707.43,5122.29,active,15/01/2026,5,ERP
C13931, JUAN  GARCIA,juan.garcia@example.com,+573003925747,N/A,Cartagena,03/04/2026,47,Enterprise,Chair,4,661.22,2644.88,PENDING,,5,ERP
C13932, JUAN  lopez,juan.lopez@example.com,+573004428950,Co,bogota,2026-09-24,62,smb ,Mouse,7,1207.95,8455.65,PENDING,,1,ERP
C13933,CARLOS GARCIA,carlos.garcia@example.com,+573005182669,Co,Bogota,not-a-date,72,RETAIL,Laptop,6,399.28,2395.68,ACTIVE,2026-01-15,N/A,ERP
C13934,Juan Martinez,juan.martinez@example.com,+573007721594,Unknown,CALI,September 24 2026,60,SMB,Laptop,1,1143.31,1143.31,active,15/01/2026,4,ERP
C13935,Sofia Pérez,sofia.pérez@example.com,3002154795,colombia,BOGOTA,not-a-date,54,Enterprise,Chair,3,1330.23,3990.69,active,,3,ERP
C13936,Ana Sanchez,ana.sanchez@example.com,3006421468,N/A,Bogota DC,2026/09/24,28,enterprise,LAPTOP,2,742.03,1484.06,pending,N/A,N/A,ERP
C13937,Maria Pérez,maria.pérez@example.com,3006342196,COLOMBIA,Medellin,September 24 2026,42,Retail,LAPTOP,4,482.08,1928.32,pending,N/A,1,ERP
C13938,Sofia Sanchez,sofia.sanchez@example.com,,COLOMBIA,BOGOTA,September 24 2026,39,Enterprise,Keyboard,1,212.6,212.6,pending,,,ERP
C13939,Carlos GARCIA,carlos.garcia@example.com,+57 300 917 7719,COLOMBIA,Barranquilla,N/A,50,retail,laptop,7,1536.01,10752.07,PENDING,2026-01-15,2,ERP
C13940,Luis Perez,luis.perez@example.com,+573003563055,colombia,Cartagena,2026-09-24,23,RETAIL,Laptop,2,167.44,334.88,inactive,15/01/2026,3,ERP
C13941,Carlos Perez,carlos.perez@example.com,3004268071,colombia,MEDELLIN,2026/09/24,19,SMB,laptop,3,443.46,1330.38,active,N/A,1,ERP
C13942,Ana GARCIA,ana.garcia@example.com,300-123-4549,Co,BOGOTA,not-a-date,70,RETAIL,Laptop,7,1224.89,8574.23,PENDING,N/A,2,ERP
C13943,Diego Garcia,diego.garcia@example.com,,Colombia,MEDELLIN,2026-09-24,67,RETAIL,Chair,9,640.45,5764.05,unknown,2026-01-15,3,ERP
C13944,Juan Martinez,juan.martinez@example.com,300-123-4532,Co,MEDELLIN,2026/09/24,69,SMB,Keyboard,6,1096.8,6580.8,unknown,,4,ERP
C13945,Ana Martinez,ana.martinez@example.com,N/A,colombia,Bogotá,03/04/2026,36,retail,Laptop,1,738.0,738.0,Active,N/A,3,ERP
C13946,Carlos Sanchez,carlos.sanchez@example.com,3001163893,N/A,Cartagena,September 24 2026,50,Retail,laptop,3,346.61,1039.83,Active,15/01/2026,2,ERP
C13947,Laura lopez,laura.lopez@example.com,N/A,COLOMBIA,Bogotá D.C.,2026/09/24,57,retail,Desk,5,1657.7,8288.5,PENDING,N/A,2,ERP
C13948,Juan Pérez,juan.pérez@example.com,N/A,Co,Bogota,N/A,69,RETAIL,laptop,9,1148.91,10340.19,PENDING,,2,ERP
C13949,CARLOS lopez,carlos.lopez@example.com,3003422498,COLOMBIA,Medellín,03/04/2026,40,Enterprise,Laptop,6,1216.57,7299.42,active,,4,ERP
C13950, JUAN  Lopez,juan.lopez@example.com,+57 300 275 7921,colombia,Cartagena,24/09/2026,40,retail,laptop,2,670.84,1341.68,ACTIVE,,N/A,ERP
C13951,Juan Sanchez,juan.sanchez@example.com,+57 300 411 9506,Colombia,Cali,03/04/2026,29,retail,Monitor,9,1167.41,10506.69,inactive,15/01/2026,3,ERP
C13952,Luis Garcia,luis.garcia@example.com,,Unknown,Medellín,24/09/2026,37,smb ,LAPTOP,6,118.41,710.46,pending,2026-01-15,N/A,ERP
C13953, JUAN  Sanchez,juan.sanchez@example.com,+573007289381,colombia,Bogotá,2026/09/24,25,SMB,Laptop,10,850.47,8504.7,ACTIVE,2026-01-15,N/A,ERP
C13954,maria Pérez,maria.pérez@example.com,+57 300 470 1202,Co,Bogotá D.C.,2026/09/24,34,Enterprise,LAPTOP,7,290.71,2034.97,ACTIVE,N/A,5,ERP
C13955,Laura GARCIA,laura.garcia@example.com,3009875639,Colombia,Bogota,September 24 2026,66,Retail,Mouse,7,"$1,797.00",12579.0,active,,,ERP
C13956,Sofia Martinez,sofia.martinez@example.com,3001562213,Colombia,BOGOTA,2026/09/24,68,retail,Mouse,4,1012.98,4051.92,active,N/A,1,ERP
C13957,Ana lopez,ana.lopez@example.com,,COLOMBIA,Cartagena,2026/09/24,33,retail,LAPTOP,2,866.16,1732.32,ACTIVE,2026-01-15,5,ERP
C13958, JUAN  Martinez,?,null,COLOMBIA,,2026-09-24,23,RETAIL,Mouse,-1,1229.31,1229.31,ACTIVE,,,ERP
C13959,Laura Pérez,laura.pérez@example.com,+57 300 434 2173,N/A,Bogotá,09/24/2026,31,smb ,LAPTOP,3,977.36,2932.08,PENDING,,2,ERP
C13960,Luis GARCIA,?,null,Colombia,,03/04/2026,36,Enterprise,Desk,7,1705.68,11939.76,inactive,2026-01-15,,ERP
C13961,Ana Pérez,ana.pérez@example.com,,Colombia,Bogota,03/04/2026,56,Enterprise,LAPTOP,8,371.55,2972.4,unknown,2026-01-15,,ERP
C13962,Luis Martinez,luis.martinez@example.com,+57 300 979 7812,Co,Medellín,03/04/2026,33,SMB,Mouse,8,843.23,6745.84,pending,N/A,,ERP
C13963,CARLOS Pérez,carlos.pérez@example.com,+573007719177,COLOMBIA,Medellín,not-a-date,70,SMB,Laptop,1,1204.37,1204.37,active,N/A,2,ERP
C13964,Luis GARCIA,luis.garcia@example.com,+573009494282,N/A,Medellin,N/A,22,Retail,LAPTOP,10,308.08,3080.8,inactive,,N/A,ERP
C13965, JUAN  Pérez,juan.pérez@example.com,3001049569,COLOMBIA,Bogota DC,not-a-date,69,enterprise,LAPTOP,7,873.7,6115.9,Active,N/A,4,ERP
C13966,Luis lopez,luis.lopez@example.com,,Unknown,Cartagena,September 24 2026,77,retail,laptop,6,639.87,3839.22,PENDING,2026-01-15,N/A,ERP
C13967,Luis Lopez,luis.lopez@example.com,3002629625,N/A,Bogota,24/09/2026,33,RETAIL,Monitor,9,1304.44,11739.96,ACTIVE,N/A,5,ERP
C13968,Laura Sanchez,laura.sanchez@example.com,N/A,Co,Bogota DC,24/09/2026,24,smb ,Keyboard,10,812.01,8120.1,PENDING,15/01/2026,2,ERP
C13969,Juan lopez,juan.lopez@example.com,,colombia,Medellin,N/A,24,Enterprise,laptop,8,1189.93,9519.44,PENDING,15/01/2026,1,ERP
C13970,Laura GARCIA,laura.garcia@example.com,N/A,N/A,Medellin,24/09/2026,51,RETAIL,Mouse,7,216.87,1518.09,PENDING,N/A,3,ERP
C13971,Diego Garcia,diego.garcia@example.com,,colombia,Medellin,24/09/2026,26,Enterprise,Mouse,10,1275.8,12758.0,active,,N/A,ERP
C13972,Carlos Martinez,carlos.martinez@example.com,+573008869574,colombia,Bogota,2026-09-24,58,SMB,Chair,7,298.36,2088.52,PENDING,,2,ERP
C13973,Maria lopez,maria.lopez@example.com,3008554532,Colombia,Bogotá,2026-09-24,56,smb ,Mouse,1,14.75,14.75,Active,2026-01-15,1,ERP
C13974,Ana Sanchez,user@@example.com,,Colombia,Bogota DC,03/04/2026,64,smb ,Chair,4,1219.77,4879.08,Active,N/A,4,ERP
C13975,maria Pérez,maria.pérez@example.com,300-123-4547,colombia,Bogota DC,03/04/2026,44,Enterprise,Laptop,1,194.3,194.3,inactive,2026-01-15,2,ERP
C13976,CARLOS Lopez,carlos.lopez@example.com,300-123-4576,N/A,Medellín,2026-09-24,26,SMB,Mouse,7,1971.96,13803.72,active,2026-01-15,N/A,ERP
C13977,Juan GARCIA,juan.garcia@example.com,3007779970,N/A,Medellin,24/09/2026,54,retail,Chair,2,154.02,308.04,PENDING,2026-01-15,3,ERP
C13978,Laura Lopez,laura.lopez@example.com,300-123-4543,colombia,Medellin,not-a-date,64,RETAIL,Mouse,9,617.2,5554.8,pending,N/A,N/A,ERP
C13979,Diego Sanchez,diego.sanchez@example.com,3002235152,colombia,Bogota,not-a-date,24,SMB,laptop,9,"885,34",7968.06,unknown,15/01/2026,N/A,ERP
C13980,CARLOS Martinez,carlos.martinez@example.com,300-123-4560,Colombia,Barranquilla,2026/09/24,41,RETAIL,Mouse,7,502.91,3520.37,inactive,2026-01-15,4,ERP
C13981,CARLOS Sanchez,carlos.sanchez@example.com,300-123-4590,Colombia,Cali,September 24 2026,43,RETAIL,Desk,5,102.54,512.7,unknown,15/01/2026,N/A,ERP
C13982,Carlos Martinez,carlos.martinez@example.com,300-123-4515,Colombia,bogota,not-a-date,59,RETAIL,Mouse,7,614.49,4301.43,pending,15/01/2026,1,ERP
C13983,CARLOS Garcia,carlos.garcia@example.com,,Unknown,Cali,09/24/2026,62,RETAIL,Monitor,4,1223.02,4892.08,inactive,,2,ERP
C13984,maria lopez,maria.lopez@example.com,,Unknown,Bogota,September 24 2026,19,enterprise,Desk,8,279.36,2234.88,active,15/01/2026,2,ERP
C13985,Laura Martinez,?,null,COLOMBIA,,24/09/2026,79,smb ,Laptop,5,1330.96,6654.8,pending,15/01/2026,3,ERP
C13986, JUAN  Martinez,juan.martinez@example.com,N/A,COLOMBIA,Bogota,not-a-date,73,RETAIL,LAPTOP,10,1997.41,19974.1,unknown,15/01/2026,N/A,ERP
C13987,maria Perez,maria.perez@example.com,300-123-4591,N/A,Bogota DC,24/09/2026,68,SMB,Monitor,3,430.86,1292.58,Active,N/A,N/A,ERP
C13988,Luis Perez,luis.perez@example.com,N/A,COLOMBIA,MEDELLIN,2026/09/24,56,Enterprise,Monitor,1,914.04,914.04,PENDING,15/01/2026,1,ERP
C13989,Juan Lopez,juan.lopez@example.com,+57 300 153 7745,Co,Medellín,September 24 2026,36,retail,Laptop,2,1656.06,3312.12,pending,N/A,5,ERP
C13990,Laura Garcia,laura.garcia@example.com,+573008256820,COLOMBIA,bogota,03/04/2026,60,SMB,Desk,4,1097.81,4391.24,PENDING,15/01/2026,,ERP
C13991, JUAN  Garcia,juan.garcia@example.com,300-123-4513,Co,bogota,2026-09-24,71,Enterprise,Keyboard,8,1919.13,15353.04,ACTIVE,15/01/2026,2,ERP
C13992,Ana Lopez,ana.lopez@example.com,+573006990719,N/A,bogota,September 24 2026,61,retail,Chair,3,1990.68,5972.04,active,2026-01-15,2,ERP
C13993,Maria GARCIA,maria.garcia@example.com,3006791410,Unknown,MEDELLIN,N/A,70,enterprise,Desk,3,1510.01,4530.03,ACTIVE,2026-01-15,5,ERP
C13994,Luis Sanchez,luis.sanchez@example.com,+57 300 223 9453,Co,Barranquilla,N/A,59,enterprise,Mouse,8,203.08,1624.64,Active,N/A,4,ERP
C13995,Laura Perez,laura.perez@example.com,N/A,Colombia,Cartagena,2026-09-24,75,enterprise,Monitor,6,1600.97,9605.82,pending,15/01/2026,2,ERP
C13996, JUAN  lopez,juan.lopez@example.com,+57 300 597 8057,Colombia,MEDELLIN,2026-09-24,30,enterprise,Desk,3,494.59,1483.77,PENDING,2026-01-15,1,ERP
C13997,Ana Sanchez,ana.sanchez@example.com,,N/A,MEDELLIN,03/04/2026,32,SMB,Mouse,6,655.9,3935.4,pending,,,ERP
C13998,maria Perez,maria.perez@example.com,300-123-4572,Colombia,Barranquilla,N/A,41,Retail,Chair,1,32.33,32.33,PENDING,N/A,2,ERP
C13999,maria Lopez,maria.lopez@example.com,3001928442,Unknown,Bogota DC,2026/09/24,59,Retail,Desk,4,1608.73,6434.92,PENDING,15/01/2026,4,ERP
C14000,Sofia GARCIA,sofia.garcia@example.com,,colombia,Bogotá D.C.,2026-09-24,25,RETAIL,Desk,7,527.0,3689.0,unknown,N/A,5,ERP
C14001,Sofia Garcia,sofia.garcia@example.com,+57 300 394 6937,N/A,Cartagena,09/24/2026,42,RETAIL,laptop,4,1982.13,7928.52,pending,,N/A,ERP
C14002,Laura GARCIA,laura.garcia@example.com,+573007965199,COLOMBIA,bogota,not-a-date,18,enterprise,Mouse,-2,1499.68,1499.68,Active,15/01/2026,2,ERP
C14003,Ana Martinez,ana.martinez@example.com,N/A,Unknown,Medellin,2026/09/24,23,smb ,LAPTOP,3,1701.22,5103.66,Active,2026-01-15,N/A,ERP
C14004,Juan Garcia,juan.garcia@example.com,+57 300 656 3806,Colombia,Bogotá D.C.,03/04/2026,26,smb ,Chair,8,1823.45,14587.6,Active,,5,ERP
C14005,Laura Perez,laura.perez@example.com,N/A,Unknown,Cartagena,N/A,43,Retail,laptop,2,309.42,618.84,Active,,1,ERP
C14006, JUAN  Martinez,juan.martinez@example.com,3003582391,Colombia,BOGOTA,24/09/2026,53,Enterprise,Keyboard,7,612.19,4285.33,Active,2026-01-15,3,ERP
C14007, JUAN  lopez,juan.lopez@example.com,,Colombia,Medellin,2026/09/24,46,Enterprise,Desk,2,641.98,1283.96,active,15/01/2026,2,ERP
C14008,Luis Sanchez,luis.sanchez@example.com,,Unknown,bogota,September 24 2026,67,SMB,Keyboard,9,N/A,7713.99,Active,15/01/2026,N/A,ERP
C14009,CARLOS Garcia,carlos.garcia@example.com,3003654459,colombia,Bogota DC,03/04/2026,50,Enterprise,Keyboard,8,1461.74,11693.92,Active,2026-01-15,2,ERP
C14010,maria Pérez,,3009877406,colombia,Bogotá,not-a-date,18,smb ,Mouse,1,218.16,218.16,inactive,,4,ERP
C14011,Luis GARCIA,luis.garcia@example.com,+573005914460,Colombia,Bogotá D.C.,not-a-date,42,enterprise,Laptop,1,1604.53,1604.53,Active,,5,ERP
C14012,Ana Sanchez,ana.sanchez@example.com,+573001508672,colombia,bogota,not-a-date,65,Retail,Laptop,7,163.13,1141.91,Active,2026-01-15,N/A,ERP
C14013,Carlos GARCIA,missing@,N/A,Co,Medellin,09/24/2026,59,Enterprise,Monitor,7,351.29,2459.03,ACTIVE,15/01/2026,3,ERP
C14014,Ana Martinez,ana.martinez@example.com,,colombia,Bogotá,24/09/2026,33,smb ,Keyboard,7,1249.12,8743.84,unknown,N/A,4,ERP
C14015,maria Pérez,maria.pérez@example.com,N/A,Colombia,Bogotá,2026/09/24,41,smb ,Keyboard,5,317.63,1588.15,PENDING,15/01/2026,3,ERP
C14016, JUAN  Pérez,juan.pérez@example.com,,COLOMBIA,Bogota,24/09/2026,24,Enterprise,LAPTOP,10,1655.47,16554.7,pending,2026-01-15,3,ERP
C14017, JUAN  Martinez,juan.martinez@example.com,300-123-4597,Unknown,CALI,2026/09/24,33,Enterprise,laptop,4,1149.01,4596.04,pending,2026-01-15,5,ERP
C14018,Luis Martinez,luis.martinez@example.com,+573004327641,N/A,BOGOTA,N/A,78,Retail,laptop,1,250.77,250.77,PENDING,,3,ERP
C14019,Maria Martinez,maria.martinez@example.com,N/A,Co,Medellin,24/09/2026,66,Retail,LAPTOP,4,521.5,2086.0,ACTIVE,N/A,1,ERP
C14020,Diego Lopez,diego.lopez@example.com,300-123-4544,Colombia,MEDELLIN,09/24/2026,60,SMB,Keyboard,8,1767.86,14142.88,inactive,N/A,5,ERP
C14021,Sofia Sanchez,sofia.sanchez@example.com,,colombia,CALI,2026-09-24,30,SMB,laptop,2,143.78,287.56,ACTIVE,N/A,4,ERP
C14022,Carlos lopez,carlos.lopez@example.com,N/A,Colombia,Bogotá,2026-09-24,61,smb ,Monitor,10,516.74,5167.4,active,15/01/2026,4,ERP
C14023,CARLOS lopez,carlos.lopez@example.com,3008529854,COLOMBIA,Medellin,09/24/2026,58,RETAIL,Keyboard,7,200.63,1404.41,ACTIVE,2026-01-15,4,ERP
C14024,Carlos lopez,carlos.lopez@example.com,N/A,Colombia,Medellín,03/04/2026,54,retail,Keyboard,5,1556.89,7784.45,pending,15/01/2026,N/A,ERP
C14025,Diego Martinez,diego.martinez@example.com,N/A,N/A,Bogota,not-a-date,23,retail,Chair,1,866.2,866.2,pending,N/A,3,ERP
C14026,Juan GARCIA,juan.garcia@example.com,,COLOMBIA,Bogotá,N/A,22,Enterprise,Laptop,1,1510.64,1510.64,unknown,15/01/2026,N/A,ERP
C14027,maria GARCIA,maria.garcia@example.com,+573004509682,Unknown,Bogotá,N/A,33,enterprise,Desk,7,1894.95,13264.65,pending,2026-01-15,1,ERP
C14028,Laura lopez,laura.lopez@example.com,300-123-4536,COLOMBIA,Barranquilla,03/04/2026,30,retail,LAPTOP,4,1759.51,7038.04,ACTIVE,N/A,1,ERP
C14029, JUAN  GARCIA,juan.garcia@example.com,N/A,N/A,bogota,03/04/2026,79,Retail,Mouse,3,13.96,41.88,inactive,2026-01-15,1,ERP
C14030, JUAN  Perez,JUAN.PEREZ@EXAMPLE.COM,,Unknown,Barranquilla,September 24 2026,26,RETAIL,LAPTOP,5,1733.44,8667.2,inactive,N/A,2,ERP
C14031,Sofia Perez,sofia.perez@example.com,300-123-4571,Unknown,Bogota DC,2026-09-24,24,RETAIL,Keyboard,9,1045.96,9413.64,ACTIVE,,N/A,ERP
C14032,Diego Martinez,diego.martinez@example.com,N/A,Colombia,Medellin,09/24/2026,53,Enterprise,Laptop,7,"200,74",1405.18,Active,N/A,N/A,ERP
C14033,Diego Perez,diego.perez@example.com,3004838986,Co,Cartagena,2026/09/24,48,Enterprise,Keyboard,3,592.59,1777.77,ACTIVE,,5,ERP
C14034,Carlos GARCIA,carlos.garcia@example.com,+57 300 931 8610,COLOMBIA,bogota,not-a-date,54,retail,Monitor,3,447.24,1341.72,ACTIVE,2026-01-15,,ERP
C14035,Sofia Garcia,sofia.garcia@example.com,+57 300 609 6152,N/A,Cartagena,2026-09-24,45,Retail,Chair,9,557.13,5014.17,unknown,2026-01-15,2,ERP
C14036,Maria Lopez,maria.lopez@example.com,300-123-4579,Co,Medellin,03/04/2026,53,Enterprise,Keyboard,2,1413.27,2826.54,ACTIVE,15/01/2026,4,ERP
C10001,Juan Lopez,juan.lopez@example.com,+57 300 774 2955,N/A,BOGOTA,03/04/2026,34,RETAIL,Mouse,5,974.56,4872.8,unknown,,N/A,ERP
C14038, JUAN  Sanchez,juan.sanchez@example.com,3004574301,Unknown,Barranquilla,not-a-date,51,enterprise,Keyboard,10,123.93,1239.3,Active,,3,ERP
C14039,Diego Pérez,diego.pérez@example.com,+573005999436,N/A,Bogota DC,N/A,56,retail,Desk,5,1991.34,9956.7,Active,2026-01-15,2,ERP
C14040,Juan Perez,juan.perez@example.com,300-123-4591,Co,Medellín,24/09/2026,23,retail,Chair,4,805.66,3222.64,ACTIVE,15/01/2026,1,ERP
C14041,Laura Martinez,laura.martinez@example.com,+57 300 358 1455,Colombia,Cali,09/24/2026,18,Retail,Chair,4,878.06,3512.24,active,15/01/2026,2,ERP
C14042,Juan Pérez,juan.pérez@example.com,,N/A,Barranquilla,2026/09/24,72,enterprise,Chair,7,737.79,5164.53,unknown,2026-01-15,3,ERP
C14043,Laura Lopez,laura.lopez@example.com,300-123-4559,N/A,Bogotá D.C.,03/04/2026,38,SMB,Laptop,10,1980.73,19807.3,ACTIVE,N/A,4,ERP
C14044,Diego GARCIA,DIEGO.GARCIA@EXAMPLE.COM,+573003348870,COLOMBIA,Medellín,2026-09-24,75,Enterprise,Chair,7,1193.07,8351.49,inactive,,1,ERP
C14045,Ana Perez,ana.perez@example.com,300-123-4559,Unknown,CALI,2026-09-24,49,retail,Laptop,9,296.14,2665.26,PENDING,,3,ERP
C14046,Sofia Sanchez,sofia.sanchez@example.com,N/A,COLOMBIA,bogota,September 24 2026,20,RETAIL,Monitor,3,200.72,602.16,unknown,N/A,N/A,ERP
C14047,maria Pérez,maria.pérez@example.com,+573003108178,colombia,Bogotá,not-a-date,37,retail,Monitor,10,N/A,5203.7,ACTIVE,N/A,2,ERP
C14048,Laura Martinez,laura.martinez@example.com,,Unknown,CALI,2026/09/24,21,Enterprise,Desk,2,1373.41,2746.82,pending,2026-01-15,,ERP
C14049,Diego Martinez,diego.martinez@example.com,N/A,N/A,Barranquilla,N/A,47,retail,Monitor,9,609.51,5485.59,PENDING,15/01/2026,1,ERP
C14050,Maria Pérez,maria.pérez@example.com,N/A,Co,Medellin,09/24/2026,28,RETAIL,LAPTOP,9,639.82,5758.38,PENDING,15/01/2026,N/A,ERP
C14051,CARLOS Martinez,carlos.martinez@example.com,3005501392,N/A,Cartagena,September 24 2026,29,smb ,Monitor,6,1208.57,7251.42,PENDING,,1,ERP
C14052,Carlos Lopez,carlos.lopez@example.com,300-123-4544,Unknown,MEDELLIN,2026-09-24,200,Enterprise,Chair,7,1959.17,13714.19,ACTIVE,N/A,4,ERP
C14053,Maria Sanchez,maria.sanchez@example.com,300-123-4585,colombia,Cartagena,N/A,-5,SMB,Chair,3,1358.27,4074.81,Active,2026-01-15,4,ERP
C14054,CARLOS lopez,carlos.lopez@example.com,+573001520254,Colombia,Bogota,24/09/2026,19,retail,Desk,1,1586.01,1586.01,PENDING,,4,ERP
C14055,maria Pérez,maria.pérez@example.com,+57 300 543 2486,N/A,Medellín,09/24/2026,48,enterprise,Monitor,3,493.42,1480.26,pending,2026-01-15,4,ERP
C14056,Juan Martinez,juan.martinez@example.com,300-123-4587,colombia,Bogotá D.C.,09/24/2026,62,retail,laptop,2,574.86,1149.72,unknown,15/01/2026,3,ERP
C14057,Luis Martinez, user@EXAMPLE.COM ,,Co,Bogota,09/24/2026,75,RETAIL,LAPTOP,10,216.41,2164.1,active,15/01/2026,4,ERP
C14058,Carlos Pérez,carlos.pérez@example.com,3005272563,Colombia,CALI,N/A,46,retail,Monitor,4,1570.93,6283.72,Active,,5,ERP
C14059,CARLOS Perez,carlos.perez@example.com,300-123-4586,Colombia,Bogotá,03/04/2026,27,enterprise,Desk,-2,1855.44,1855.44,PENDING,,,ERP
C14060,Luis Perez,luis.perez@example.com,3002997300,N/A,Bogota,September 24 2026,57,SMB,Desk,2,1252.13,2504.26,active,N/A,N/A,ERP
C14061,Maria Lopez,maria.lopez@example.com,300-123-4563,Colombia,Bogotá D.C.,2026-09-24,999,smb ,Keyboard,2,870.21,1740.42,Active,N/A,1,ERP
C14062, JUAN  Pérez,juan.pérez@example.com,+573003446868,COLOMBIA,Bogotá D.C.,2026-09-24,66,retail,Monitor,4,852.9,3411.6,ACTIVE,,2,ERP
C14063,Ana Sanchez,ana.sanchez@example.com,,colombia,MEDELLIN,2026-09-24,43,enterprise,Monitor,1,1323.25,1323.25,active,,N/A,ERP
C14064,CARLOS Garcia,carlos.garcia@example.com,+57 300 787 6438,Colombia,Bogotá,2026-09-24,62,SMB,Monitor,2,1628.83,3257.66,pending,N/A,N/A,ERP
C14065,Carlos Lopez,carlos.lopez@example.com,N/A,N/A,Barranquilla,09/24/2026,53,smb ,Chair,8,242.53,1940.24,Active,N/A,3,ERP
C14066,Sofia Garcia,sofia.garcia@example.com,N/A,colombia,Bogotá,03/04/2026,77,retail,LAPTOP,1,1569.4,1569.4,active,N/A,,ERP
C14067,Sofia Pérez,sofia.pérez@example.com,+573001474085,COLOMBIA,bogota,not-a-date,61,SMB,LAPTOP,5,975.25,4876.25,PENDING,2026-01-15,5,ERP
C14068,Carlos lopez,carlos.lopez@example.com,,colombia,Medellin,September 24 2026,70,RETAIL,Monitor,9,$201.66,1814.94,active,15/01/2026,N/A,ERP
C14069,Maria GARCIA,maria.garcia@example.com,,Colombia,Barranquilla,2026-09-24,60,retail,Monitor,10,1665.06,16650.6,inactive,15/01/2026,2,ERP
C14070,CARLOS Lopez,carlos.lopez@example.com,,N/A,BOGOTA,24/09/2026,19,Retail,Monitor,10,$943.28,9432.8,inactive,15/01/2026,N/A,ERP
C14071,Maria Pérez,maria.pérez@example.com,+573009041002,N/A,BOGOTA,not-a-date,23,enterprise,Monitor,4,1952.77,7811.08,inactive,15/01/2026,2,ERP
C14072,Maria Lopez,maria.lopez@example.com,3001628456,Unknown,BOGOTA,03/04/2026,54,smb ,Desk,1,350.06,350.06,Active,2026-01-15,,ERP
C14073,Juan Perez,juan.perez@example.com,,colombia,Cali,24/09/2026,79,smb ,Desk,-2,1732.62,1732.62,ACTIVE,2026-01-15,4,ERP
C14074,Carlos Pérez,carlos.pérez@example.com,,N/A,CALI,2026-09-24,20,Retail,Chair,3,847.64,2542.92,PENDING,,3,ERP
C14075, JUAN  Martinez,juan.martinez@example.com,,Co,Bogota,03/04/2026,50,Enterprise,laptop,9,1291.25,11621.25,Active,15/01/2026,2,ERP
C14076,Diego Perez,diego.perez@example.com,300-123-4580,Unknown,Medellín,2026/09/24,35,smb ,Mouse,6,1027.54,6165.24,Active,15/01/2026,2,ERP
C14077,Juan lopez,juan.lopez@example.com,+573006199760,colombia,Bogotá,2026/09/24,47,retail,Keyboard,7,309.31,2165.17,Active,2026-01-15,5,ERP
C14078,Ana Pérez,ana.pérez@example.com,300-123-4594,colombia,Bogota DC,24/09/2026,18,SMB,Desk,2,108.57,217.14,pending,15/01/2026,1,ERP
C14079,Juan Perez,juan.perez@example.com,3007227577,COLOMBIA,BOGOTA,03/04/2026,20,SMB,laptop,1,1904.33,1904.33,inactive,2026-01-15,3,ERP
C14080, JUAN  Pérez,juan.pérez@example.com,+573006885634,Co,BOGOTA,03/04/2026,78,enterprise,Chair,7,1343.61,9405.27,Active,,4,ERP
C14081,maria Pérez,maria.pérez@example.com,300-123-4595,N/A,Bogotá D.C.,September 24 2026,65,Retail,laptop,9,N/A,8102.07,inactive,,4,ERP
C14082,CARLOS Sanchez,carlos.sanchez@example.com,+57 300 225 4937,N/A,Medellín,09/24/2026,47,Retail,LAPTOP,10,"$1,598.19",15981.9,ACTIVE,15/01/2026,N/A,ERP
C14083,Diego Lopez,diego.lopez@example.com,,Unknown,Barranquilla,not-a-date,21,Enterprise,laptop,9,"699,04",6291.36,Active,N/A,1,ERP
C14084,Sofia Perez,sofia.perez@example.com,3009102853,Colombia,Bogota DC,September 24 2026,19,Enterprise,Desk,5,776.45,3882.25,active,2026-01-15,N/A,ERP
C14085,Laura Garcia,laura.garcia@example.com,,Unknown,CALI,not-a-date,42,Enterprise,laptop,5,N/A,8710.4,PENDING,2026-01-15,,ERP
C14086,Ana Sanchez,ana.sanchez@example.com,N/A,colombia,Medellín,03/04/2026,70,enterprise,Chair,7,934.76,6543.32,PENDING,,2,ERP
C14087,Diego Pérez,diego.pérez@example.com,+57 300 225 8841,Unknown,Medellin,09/24/2026,22,retail,Chair,3,443.84,1331.52,Active,N/A,5,ERP
C14088,Juan GARCIA,juan.garcia@example.com,3001241232,Unknown,Bogota,not-a-date,48,Enterprise,Keyboard,5,1287.61,6438.05,active,N/A,4,ERP
C14089,Carlos lopez,CARLOS.LOPEZ@EXAMPLE.COM,N/A,Unknown,Medellín,2026/09/24,53,smb ,LAPTOP,4,1422.62,5690.48,Active,15/01/2026,,ERP
C14090,Ana Garcia,ana.garcia@example.com,,Unknown,Bogota DC,2026-09-24,39,retail,Chair,3,523.19,1569.57,PENDING,N/A,3,ERP
C14091,Juan Martinez,juan.martinez@example.com,300-123-4535,COLOMBIA,MEDELLIN,2026/09/24,58,Retail,LAPTOP,2,1671.86,3343.72,active,15/01/2026,1,ERP
C14092, JUAN  Pérez,juan.pérez@example.com,N/A,Co,Bogota DC,24/09/2026,54,Enterprise,Keyboard,-1,94.73,94.73,active,,1,ERP
C14093,Sofia Perez,sofia.perez@example.com,,Co,CALI,2026/09/24,18,enterprise,Keyboard,8,1496.59,11972.72,inactive,,4,ERP
C14094,Laura Pérez,,300-123-4542,Co,Bogotá,24/09/2026,18,enterprise,LAPTOP,5,N/A,4971.2,active,2026-01-15,5,ERP
C14095,CARLOS Sanchez,carlos.sanchez@example.com,300-123-4579,Colombia,bogota,2026/09/24,61,retail,Mouse,8,1073.83,8590.64,pending,,1,ERP
C14096, JUAN  Lopez,juan.lopez@example.com,+573001567486,Co,MEDELLIN,24/09/2026,33,smb ,Monitor,3,370.05,1110.15,active,,3,ERP
C14097,Ana lopez,ana.lopez@example.com,+573008476599,COLOMBIA,Barranquilla,N/A,34,retail,Keyboard,10,$319.98,3199.8,ACTIVE,2026-01-15,2,ERP
C14098,CARLOS Garcia,carlos.garcia@example.com,,N/A,MEDELLIN,24/09/2026,34,Enterprise,Laptop,2,1570.01,3140.02,ACTIVE,2026-01-15,3,ERP
C14099,CARLOS Garcia,carlos.garcia@example.com,N/A,Colombia,Barranquilla,September 24 2026,22,RETAIL,Desk,5,1394.64,6973.2,PENDING,,3,ERP
C14100,Ana Martinez,ana.martinez@example.com,,colombia,Cali,2026-09-24,65,RETAIL,Mouse,2,1577.64,3155.28,active,15/01/2026,N/A,ERP
C14101,  Carlos Lopez  ,carlos.lopez@example.com,,Unknown,CALI,September 24 2026,32,RETAIL,laptop,5,706.86,3534.3,PENDING,2026-01-15,5,ERP
C14102,Juan lopez,juan.lopez@example.com,N/A,Colombia,BOGOTA,09/24/2026,51,enterprise,Chair,5,990.95,4954.75,active,N/A,4,ERP
C14103,Sofia Pérez,sofia.pérez@example.com,,colombia,Bogota,2026/09/24,20,smb ,Monitor,7,212.81,1489.67,pending,N/A,,ERP
C14104,Luis lopez,luis.lopez@example.com,,Co,CALI,03/04/2026,78,smb ,Mouse,5,1115.16,5575.8,ACTIVE,2026-01-15,2,ERP
C14105,Sofia Martinez,sofia.martinez@example.com,300-123-4586,Co,bogota,09/24/2026,53,smb ,Keyboard,2,1522.63,3045.26,inactive,N/A,N/A,ERP
C14106,Laura lopez,laura.lopez@example.com,+57 300 834 7679,Colombia,Medellin,2026/09/24,49,SMB,Chair,2,856.57,1713.14,active,15/01/2026,N/A,ERP
C14107,Laura GARCIA,laura.garcia@example.com,N/A,Unknown,MEDELLIN,03/04/2026,30,smb ,Mouse,7,777.13,5439.91,PENDING,N/A,4,ERP
C14108,Maria Perez,maria.perez@example.com,300-123-4573,colombia,Barranquilla,09/24/2026,58,Retail,Mouse,4,N/A,3747.32,unknown,2026-01-15,,ERP
C14109,Sofia lopez,user@@example.com,300-123-4543,Co,Medellín,not-a-date,51,smb ,Mouse,10,112.88,1128.8,Active,N/A,N/A,ERP
C14110,Luis Pérez,luis.pérez@example.com,,Unknown,Bogota DC,03/04/2026,28,Enterprise,Keyboard,7,1635.79,229010.6,Active,15/01/2026,4,ERP
C14111,CARLOS Lopez,carlos.lopez@example.com,300-123-4545,colombia,Bogotá D.C.,24/09/2026,42,Retail,LAPTOP,6,12.32,73.92,ACTIVE,N/A,3,ERP
C14112,Ana Perez,ana.perez@example.com,3003650921,N/A,Bogota DC,24/09/2026,999,Retail,LAPTOP,6,616.62,3699.72,pending,15/01/2026,2,ERP
C14113,Ana lopez,ana.lopez@example.com,3001576098,Colombia,MEDELLIN,09/24/2026,29,Retail,laptop,3,929.34,2788.02,unknown,N/A,3,ERP
C14114,Laura Sanchez,laura.sanchez@example.com,N/A,Colombia,Medellín,N/A,53,Enterprise,Mouse,-2,156.06,156.06,active,2026-01-15,3,ERP
C14115,Juan Lopez,juan.lopez@example.com,300-123-4537,Unknown,Bogotá D.C.,not-a-date,28,retail,Laptop,10,717.31,7173.1,ACTIVE,15/01/2026,N/A,ERP
C14116,Laura GARCIA,not-an-email,+57 300 906 2213,Colombia,bogota,24/09/2026,77,Enterprise,Mouse,10,271.8,2718.0,pending,2026-01-15,4,ERP
C14117, JUAN  GARCIA,juan.garcia@example.com,+573007164908,colombia,Barranquilla,2026-09-24,69,smb ,Desk,-1,106.1,106.1,Active,,5,ERP
C14118,Laura Sanchez,laura.sanchez@example.com,3003545973,Co,MEDELLIN,24/09/2026,36,smb ,LAPTOP,4,N/A,5566.84,unknown,15/01/2026,1,ERP
C14119,Ana Martinez,ana.martinez@example.com,3004754364,COLOMBIA,bogota,N/A,30,retail,Desk,9,N/A,8745.57,pending,15/01/2026,2,ERP
C14120,Luis GARCIA,luis.garcia@example.com,300-123-4566,Co,Cali,September 24 2026,39,Enterprise,Laptop,9,908.11,8172.99,Active,N/A,2,ERP
C14121, JUAN  Sanchez,juan.sanchez@example.com,N/A,COLOMBIA,Medellin,2026-09-24,62,Retail,LAPTOP,4,785.63,3142.52,PENDING,N/A,1,ERP
C14122,Juan lopez,juan.lopez@example.com,,COLOMBIA,CALI,2026/09/24,25,retail,LAPTOP,2,1563.72,3127.44,unknown,,5,ERP
C14123,Laura Lopez,laura.lopez@example.com,3006954603,colombia,Cartagena,not-a-date,80,Retail,Keyboard,7,261.77,1832.39,pending,,5,ERP
C14124,Ana Sanchez,ana.sanchez@example.com,300-123-4573,COLOMBIA,Cartagena,2026/09/24,38,retail,Laptop,4,447.89,1791.56,pending,N/A,3,ERP
C14125,Carlos lopez,carlos.lopez@example.com,3002039863,COLOMBIA,Bogota DC,N/A,34,smb ,Monitor,4,1833.86,7335.44,ACTIVE,N/A,1,ERP
C14126,Luis Garcia,luis.garcia@example.com,300-123-4516,Unknown,bogota,2026/09/24,20,retail,laptop,8,1898.45,15187.6,pending,15/01/2026,2,ERP
C14127,Juan Pérez,juan.pérez@example.com,,Unknown,Cartagena,2026/09/24,76,SMB,Desk,1,1765.02,1765.02,pending,,4,ERP
C14128, JUAN  Lopez,juan.lopez@example.com,+57 300 259 5845,Unknown,Bogota DC,September 24 2026,61,RETAIL,Mouse,10,1282.56,12825.6,ACTIVE,15/01/2026,2,ERP
C14129,Ana GARCIA,ana.garcia@example.com,3006440927,COLOMBIA,Cali,03/04/2026,64,Retail,Keyboard,8,1226.04,9808.32,active,N/A,N/A,ERP
C14130, JUAN  Sanchez,juan.sanchez@example.com,+57 300 842 7538,Co,Bogotá,2026/09/24,30,Enterprise,Laptop,8,493.01,3944.08,active,,4,ERP
C14131,Luis Pérez,luis.pérez@example.com,N/A,Unknown,Bogotá D.C.,2026/09/24,-5,RETAIL,Monitor,4,1497.35,5989.4,active,N/A,1,ERP
C14132,Luis Perez,luis.perez@example.com,+57 300 808 7801,Co,Bogotá D.C.,09/24/2026,18,RETAIL,Laptop,10,536.82,5368.2,pending,15/01/2026,N/A,ERP
C14133,  Luis Garcia  ,luis.garcia@example.com,,Co,MEDELLIN,2026/09/24,999,RETAIL,laptop,5,1762.37,8811.85,pending,,2,ERP
C14134,Carlos GARCIA,carlos.garcia@example.com,N/A,N/A,Cali,N/A,66,Enterprise,Laptop,4,1532.38,6129.52,pending,,4,ERP
C14135,Ana Lopez,ana.lopez@example.com,N/A,colombia,bogota,24/09/2026,49,retail,Mouse,4,1001.32,4005.28,active,,3,ERP
C14136, JUAN  GARCIA,juan.garcia@example.com,300-123-4536,colombia,CALI,not-a-date,58,RETAIL,Laptop,4,1505.18,6020.72,PENDING,15/01/2026,N/A,ERP
C14137,Carlos Garcia,carlos.garcia@example.com,3008563690,Unknown,Bogotá D.C.,09/24/2026,35,retail,LAPTOP,3,1068.98,3206.94,Active,15/01/2026,N/A,ERP
C10001,Laura Garcia,laura.garcia@example.com,+57 300 231 4399,COLOMBIA,MEDELLIN,2026/09/24,36,retail,Desk,9,1101.2,9910.8,PENDING,2026-01-15,5,ERP
C14139,maria Garcia,maria.garcia@example.com,3001968828,Colombia,Medellin,2026/09/24,-5,Enterprise,LAPTOP,1,736.6,736.6,inactive,,5,ERP
C14140, JUAN  Martinez,juan.martinez@example.com,+57 300 639 1150,N/A,Medellín,not-a-date,54,enterprise,laptop,7,730.05,5110.35,Active,N/A,2,ERP
C14141,  maria Perez  ,maria.perez@example.com,+57 300 266 9477,Co,Medellin,N/A,74,retail,laptop,1,1292.14,1292.14,inactive,,1,ERP
C14142,CARLOS GARCIA,carlos.garcia@example.com,+57 300 481 5075,Colombia,Medellin,03/04/2026,62,Retail,Monitor,6,803.2,4819.2,inactive,15/01/2026,5,ERP
C14143,maria Martinez,maria.martinez@example.com,,Co,BOGOTA,not-a-date,52,Enterprise,Desk,5,982.06,4910.3,active,2026-01-15,,ERP
C14144,Maria Lopez,maria.lopez@example.com,,N/A,Bogotá,September 24 2026,33,RETAIL,Keyboard,1,235.33,235.33,PENDING,,2,ERP
C14145,Maria Sanchez,maria.sanchez@example.com,,N/A,Bogota DC,N/A,64,RETAIL,Mouse,5,847.05,4235.25,PENDING,,4,ERP
C14146,Carlos Pérez,carlos.pérez@example.com,,Co,Bogota DC,September 24 2026,23,RETAIL,Laptop,2,1816.13,3632.26,PENDING,,N/A,ERP
C14147,CARLOS Perez,carlos.perez@example.com,300-123-4533,Unknown,Bogota,2026-09-24,72,smb ,Monitor,2,1476.58,2953.16,pending,2026-01-15,,ERP
C14148,Luis Garcia,luis.garcia@example.com,+573006318517,Co,BOGOTA,2026/09/24,79,Retail,Chair,7,99.78,-698.46,inactive,15/01/2026,4,ERP
C14149,maria lopez,maria.lopez@example.com,+57 300 793 6077,Colombia,CALI,09/24/2026,62,Enterprise,Keyboard,3,1429.49,4288.47,ACTIVE,2026-01-15,3,ERP
C14150,Diego GARCIA,diego.garcia@example.com,3004347211,COLOMBIA,BOGOTA,N/A,31,SMB,Chair,10,1138.75,11387.5,unknown,N/A,1,ERP
C14151,Diego Sanchez,diego.sanchez@example.com,N/A,colombia,Cali,24/09/2026,43,enterprise,Desk,9,1697.74,15279.66,inactive,15/01/2026,2,ERP
C14152,Laura Perez,laura.perez@example.com,+573007375189,Co,bogota,24/09/2026,21,SMB,Mouse,2,971.69,1943.38,unknown,2026-01-15,4,ERP
C14153,Juan Perez,juan.perez@example.com,+57 300 211 8011,COLOMBIA,Bogota,09/24/2026,34,RETAIL,Laptop,4,938.58,3754.32,inactive,,5,ERP
C14154, JUAN  Lopez,juan.lopez@example.com,+573005131603,Colombia,BOGOTA,09/24/2026,60,smb ,Desk,8,841.6,-6732.8,active,2026-01-15,,ERP
C14155,  Carlos lopez  ,carlos.lopez@example.com,N/A,colombia,Barranquilla,N/A,80,RETAIL,Monitor,4,1655.04,6620.16,ACTIVE,2026-01-15,2,ERP
C14156,Carlos Pérez,carlos.pérez@example.com,+573001687723,Co,Bogotá D.C.,2026-09-24,35,Retail,Desk,5,379.2,1896.0,pending,N/A,,ERP
C14157,Ana Lopez,ana.lopez@example.com,+57 300 393 5929,Unknown,MEDELLIN,24/09/2026,50,Enterprise,laptop,2,"1022,79",2045.58,active,N/A,4,ERP
C14158,maria Pérez,maria.pérez@example.com,N/A,colombia,Bogota,24/09/2026,55,SMB,Chair,7,1245.87,8721.09,active,2026-01-15,2,ERP
C14159,Maria Lopez,maria.lopez@example.com,300-123-4583,colombia,Bogotá,2026/09/24,45,Retail,Laptop,1,1839.56,1839.56,Active,N/A,,ERP
C14160,maria Perez,maria.perez@example.com,N/A,Unknown,MEDELLIN,24/09/2026,77,Enterprise,laptop,9,1820.94,16388.46,active,,1,ERP
C14161,Ana Lopez,ana.lopez@example.com,300-123-4514,colombia,Cartagena,not-a-date,28,smb ,Chair,3,571.93,1715.79,PENDING,2026-01-15,N/A,ERP
C14162,Carlos Sanchez,carlos.sanchez@example.com,N/A,N/A,Bogota DC,September 24 2026,38,RETAIL,laptop,1,1527.36,1527.36,Active,2026-01-15,5,ERP
C14163,Ana Pérez,ana.pérez@example.com,+573004198321,COLOMBIA,Bogotá D.C.,2026-09-24,72,smb ,Monitor,2,1761.96,3523.92,PENDING,N/A,2,ERP
C14164,Laura GARCIA,laura.garcia@example.com,3008948026,Colombia,Medellin,September 24 2026,18,RETAIL,Laptop,6,846.65,5079.9,Active,,2,ERP
C14165,Luis lopez,luis.lopez@example.com,300-123-4514,Colombia,CALI,N/A,22,SMB,Keyboard,7,1727.96,12095.72,pending,,4,ERP
C14166,Ana Garcia,ana.garcia@example.com,+573002977046,Colombia,Bogotá,24/09/2026,46,Retail,Chair,6,1598.34,9590.04,ACTIVE,,5,ERP
C14167,Ana Pérez,ana.pérez@example.com,300-123-4582,COLOMBIA,Cali,09/24/2026,68,RETAIL,Desk,9,741.03,6669.27,active,N/A,N/A,ERP
C14168,maria Martinez,maria.martinez@example.com,,Co,Barranquilla,2026-09-24,45,SMB,Laptop,10,1563.13,15631.3,unknown,N/A,3,ERP
C14169,Carlos lopez,carlos.lopez@example.com,N/A,Colombia,CALI,September 24 2026,22,Enterprise,Monitor,4,777.05,3108.2,ACTIVE,2026-01-15,4,ERP
C14170,Diego Pérez, user@EXAMPLE.COM ,+57 300 823 2428,colombia,Bogotá D.C.,24/09/2026,32,enterprise,Monitor,3,1635.4,98124.0,unknown,15/01/2026,N/A,ERP
C14171,Ana GARCIA,ana.garcia@example.com,300-123-4564,COLOMBIA,Cartagena,24/09/2026,36,Retail,Mouse,8,1138.54,9108.32,inactive,15/01/2026,1,ERP
C14172,Juan Garcia,juan.garcia@example.com,+573009022420,Co,Medellín,September 24 2026,44,RETAIL,Desk,9,88.67,798.03,Active,,5,ERP
C14173, JUAN  Pérez,,3002332415,Colombia,Barranquilla,24/09/2026,23,Retail,Keyboard,3,1570.47,4711.41,PENDING,N/A,4,ERP
C14174, JUAN  lopez,juan.lopez@example.com,300-123-4510,Co,Bogota DC,not-a-date,45,smb ,Monitor,8,648.81,5190.48,active,,3,ERP
C14175,Diego Perez,diego.perez@example.com,N/A,COLOMBIA,Bogotá,09/24/2026,-5,Retail,LAPTOP,-1,967.18,967.18,PENDING,15/01/2026,N/A,ERP
C14176,Carlos Lopez,carlos.lopez@example.com,+573002985034,Co,Medellín,24/09/2026,61,enterprise,LAPTOP,3,925.48,2776.44,Active,,,ERP
C14177,Sofia Pérez,sofia.pérez@example.com,+573003336203,Colombia,CALI,N/A,23,RETAIL,Monitor,10,N/A,4539.3,Active,N/A,N/A,ERP
C14178, JUAN  Pérez,juan.pérez@example.com,,N/A,Medellin,03/04/2026,55,RETAIL,LAPTOP,7,1875.53,13128.71,Active,N/A,2,ERP
C14179,Maria Sanchez,maria.sanchez@example.com,+573004004808,N/A,Medellin,09/24/2026,51,smb ,Keyboard,4,1429.47,5717.88,pending,15/01/2026,3,ERP
C14180,Diego Garcia,diego.garcia@example.com,,Co,Bogota,2026-09-24,42,retail,Desk,3,1566.78,4700.34,ACTIVE,,5,ERP
C14181,Luis Pérez,luis.pérez@example.com,3009373131,colombia,Bogota,N/A,20,Enterprise,Keyboard,9,1347.44,12126.96,ACTIVE,15/01/2026,3,ERP
C14182,CARLOS Martinez,carlos.martinez@example.com,300-123-4513,Unknown,Medellín,24/09/2026,30,smb ,Desk,8,1325.19,10601.52,ACTIVE,,2,ERP
C14183,CARLOS Pérez,carlos.pérez@example.com,+573007020752,COLOMBIA,BOGOTA,03/04/2026,78,Enterprise,laptop,1,771.99,771.99,unknown,15/01/2026,,ERP
C14184,Juan Martinez,juan.martinez@example.com,+573005321621,Co,Bogotá D.C.,September 24 2026,79,Retail,Laptop,10,290.22,2902.2,unknown,2026-01-15,,ERP
C14185,Laura GARCIA,laura.garcia@example.com,+57 300 397 8338,Co,CALI,N/A,-5,Retail,Keyboard,8,1200.08,9600.64,inactive,N/A,1,ERP
C14186,Laura lopez,laura.lopez@example.com,3003431669,Co,Cartagena,24/09/2026,47,RETAIL,Keyboard,10,1395.92,13959.2,Active,2026-01-15,1,ERP
C14187,Ana Lopez,?,null,COLOMBIA,,not-a-date,25,SMB,Chair,7,611.07,4277.49,unknown,2026-01-15,N/A,ERP
C14188,Carlos Sanchez,carlos.sanchez@example.com,+573003776655,colombia,Bogotá D.C.,not-a-date,51,retail,Desk,2,1553.91,3107.82,active,,N/A,ERP
C14189,Luis Perez,luis.perez@example.com,+57 300 824 7668,N/A,Bogotá D.C.,2026-09-24,79,Retail,laptop,10,1170.35,11703.5,ACTIVE,2026-01-15,2,ERP
C14190,Sofia Perez,sofia.perez@example.com,+573005443213,N/A,Medellin,2026/09/24,62,Enterprise,LAPTOP,4,1346.6,5386.4,unknown,N/A,N/A,ERP
C14191,Diego Garcia,diego.garcia@example.com,,COLOMBIA,Barranquilla,24/09/2026,22,SMB,Laptop,5,830.58,4152.9,active,2026-01-15,5,ERP
C14192,Juan Sanchez,juan.sanchez@example.com,N/A,colombia,BOGOTA,03/04/2026,55,retail,Desk,8,939.0,7512.0,Active,15/01/2026,2,ERP
C14193,Laura Garcia,laura.garcia@example.com,300-123-4564,colombia,Bogota,09/24/2026,41,smb ,Keyboard,3,578.27,1734.81,pending,N/A,N/A,ERP
C14194,CARLOS GARCIA,carlos.garcia@example.com,3005726580,Unknown,MEDELLIN,09/24/2026,70,SMB,laptop,1,"1752,39",1752.39,unknown,N/A,3,ERP
C14195,maria Perez,maria.perez@example.com,+573003897850,COLOMBIA,Bogotá,September 24 2026,28,smb ,Laptop,9,927.93,8351.37,pending,2026-01-15,N/A,ERP
C14196, JUAN  lopez,juan.lopez@example.com,3009534355,Colombia,MEDELLIN,24/09/2026,34,retail,Desk,6,601.71,3610.26,pending,,4,ERP
C14197,Juan Perez,juan.perez@example.com,,Co,CALI,2026-09-24,48,SMB,LAPTOP,6,1643.45,9860.7,Active,,1,ERP
C14198,CARLOS Sanchez,carlos.sanchez@example.com,+573003542218,Unknown,Medellín,09/24/2026,23,SMB,laptop,7,601.0,4207.0,inactive,,,ERP
C14199,CARLOS Martinez,carlos.martinez@example.com,300-123-4533,Co,Medellin,2026/09/24,73,RETAIL,laptop,6,N/A,5400.72,active,15/01/2026,2,ERP
C14200,CARLOS Lopez,carlos.lopez@example.com,300-123-4513,COLOMBIA,Medellin,24/09/2026,26,enterprise,Monitor,3,1916.04,5748.12,unknown,N/A,3,ERP
C14201,Sofia lopez,sofia.lopez@example.com,3007689557,colombia,Barranquilla,N/A,79,Retail,Desk,8,1704.59,13636.72,active,15/01/2026,3,ERP
C14202,Ana Sanchez,,N/A,colombia,Bogotá,2026/09/24,72,smb ,Laptop,1,1664.71,1664.71,unknown,2026-01-15,,ERP
C14203,Ana Garcia,ana.garcia@example.com,3007331466,COLOMBIA,Bogotá D.C.,N/A,67,smb ,Mouse,1,103.79,103.79,pending,,N/A,ERP
C14204,CARLOS Garcia,carlos.garcia@example.com,300-123-4524,Co,Medellin,2026/09/24,71,Retail,laptop,6,23.35,140.1,ACTIVE,2026-01-15,N/A,ERP
C14205,Juan Perez,juan.perez@example.com,N/A,Unknown,Bogotá,2026/09/24,44,Enterprise,Mouse,5,424.15,2120.75,active,15/01/2026,2,ERP
C14206,Carlos Martinez,carlos.martinez@example.com,N/A,colombia,Cali,03/04/2026,76,retail,laptop,3,1869.7,5609.1,unknown,,2,ERP
C14207,CARLOS Martinez,carlos.martinez@example.com,N/A,Co,Cali,N/A,70,SMB,LAPTOP,9,"979,32",8813.88,Active,N/A,,ERP
C14208,Laura GARCIA,laura.garcia@example.com,+573006130384,N/A,bogota,September 24 2026,78,retail,Chair,4,"$1,785.89",7143.56,pending,2026-01-15,2,ERP
C14209,Sofia Garcia,sofia.garcia@example.com,3003668651,Unknown,BOGOTA,2026-09-24,37,enterprise,Chair,2,1410.47,2820.94,pending,,N/A,ERP
C14210,Juan GARCIA,juan.garcia@example.com,,Colombia,Barranquilla,09/24/2026,48,RETAIL,LAPTOP,6,1843.14,11058.84,ACTIVE,,1,ERP
C14211,maria Sanchez,maria.sanchez@example.com,3007417288,Co,Medellin,09/24/2026,72,Retail,Mouse,4,1195.3,4781.2,inactive,N/A,2,ERP
C14212,Carlos Lopez,CARLOS.LOPEZ@EXAMPLE.COM,300-123-4565,COLOMBIA,Barranquilla,24/09/2026,40,Enterprise,Monitor,-2,1439.41,1439.41,ACTIVE,N/A,3,ERP
C14213,maria GARCIA,maria.garcia@example.com,+57 300 449 3720,Co,Medellin,03/04/2026,37,RETAIL,Keyboard,9,162.06,1458.54,unknown,N/A,N/A,ERP
C14214,Sofia lopez,sofia.lopez@example.com,N/A,colombia,Bogotá D.C.,September 24 2026,20,smb ,LAPTOP,9,560.96,5048.64,pending,15/01/2026,3,ERP
C14215,maria lopez,maria.lopez@example.com,+57 300 506 2052,Co,Cali,24/09/2026,47,SMB,Monitor,6,1234.55,7407.3,inactive,N/A,,ERP
C14216,Maria Pérez,maria.pérez@example.com,3009711819,Unknown,Bogota,03/04/2026,63,RETAIL,Mouse,7,1755.71,12289.97,unknown,15/01/2026,2,ERP
C14217,Luis Martinez,luis.martinez@example.com,N/A,Unknown,Bogota,03/04/2026,52,SMB,Desk,-1,$110.08,110.08,PENDING,15/01/2026,2,ERP
C14218,Laura Martinez,laura.martinez@example.com,N/A,Colombia,Barranquilla,September 24 2026,51,smb ,LAPTOP,2,1692.04,3384.08,pending,,2,ERP
C14219,Laura Perez,laura.perez@example.com,N/A,colombia,Bogota DC,September 24 2026,77,enterprise,Keyboard,9,1531.0,13779.0,pending,,3,ERP
C14220,Maria Lopez,maria.lopez@example.com,300-123-4532,Colombia,BOGOTA,September 24 2026,77,enterprise,Mouse,10,112.58,1125.8,unknown,,5,ERP
C14221,Diego lopez,diego.lopez@example.com,300-123-4534,Colombia,bogota,03/04/2026,32,Enterprise,Chair,3,1278.5,3835.5,active,,4,ERP
C14222,maria Perez,maria.perez@example.com,+57 300 141 8551,COLOMBIA,Bogota,09/24/2026,43,Retail,Mouse,5,1171.07,5855.35,pending,,5,ERP
C14223,Maria Pérez,maria.pérez@example.com,+57 300 981 6062,N/A,Cartagena,09/24/2026,69,RETAIL,Chair,4,225.77,903.08,pending,,1,ERP
C14224,  Diego Lopez  ,?,null,colombia,,24/09/2026,68,Retail,Desk,5,1214.08,6070.4,Active,15/01/2026,3,ERP
C14225,maria Pérez,maria.pérez@example.com,,Co,Medellin,2026/09/24,75,RETAIL,Keyboard,2,165.31,330.62,PENDING,2026-01-15,N/A,ERP
C14226,maria Sanchez,maria.sanchez@example.com,300-123-4522,COLOMBIA,Medellín,not-a-date,39,smb ,Keyboard,7,1863.56,13044.92,Active,2026-01-15,4,ERP
C14227,maria Sanchez,maria.sanchez@example.com,,colombia,Bogota DC,N/A,43,retail,LAPTOP,5,657.68,3288.4,PENDING,,,ERP
C14228,maria Garcia,maria.garcia@example.com,3009815193,N/A,MEDELLIN,2026/09/24,71,retail,Desk,8,41.58,332.64,ACTIVE,15/01/2026,1,ERP
C14229,Carlos Pérez,carlos.pérez@example.com,+57 300 878 9721,Unknown,MEDELLIN,N/A,70,SMB,Mouse,4,725.91,2903.64,Active,,3,ERP
C14230,Maria GARCIA,maria.garcia@example.com,3008179747,Colombia,Barranquilla,24/09/2026,68,retail,LAPTOP,9,825.76,7431.84,active,,5,ERP
C14231,CARLOS Lopez,carlos.lopez@example.com,3009196386,COLOMBIA,CALI,2026-09-24,48,SMB,Chair,8,327.76,2622.08,pending,,1,ERP
C14232, JUAN  Garcia,juan.garcia@example.com,300-123-4566,Unknown,bogota,September 24 2026,62,RETAIL,Monitor,2,85.64,171.28,active,2026-01-15,1,ERP
C14233,Luis GARCIA,luis.garcia@example.com,,Co,Cali,24/09/2026,24,RETAIL,Mouse,3,903.25,2709.75,unknown,,3,ERP
C14234,Ana Lopez,ana.lopez@example.com,+57 300 498 5249,Unknown,BOGOTA,not-a-date,73,Retail,Mouse,6,877.52,5265.12,inactive,N/A,4,ERP
C14235,CARLOS Sanchez,carlos.sanchez@example.com,,COLOMBIA,Bogota DC,N/A,77,retail,LAPTOP,7,485.29,3397.03,ACTIVE,2026-01-15,1,ERP
C14236,Luis Garcia,LUIS.GARCIA@EXAMPLE.COM,+57 300 684 1352,COLOMBIA,Bogota,not-a-date,36,enterprise,Mouse,5,528.28,2641.4,PENDING,15/01/2026,4,ERP
C14237,CARLOS Perez,carlos.perez@example.com,,Co,Cali,2026-09-24,70,Enterprise,Desk,4,1704.76,6819.04,Active,,5,ERP
C14238,Juan Perez,juan.perez@example.com,3003602913,COLOMBIA,bogota,N/A,55,Enterprise,Chair,4,813.7,3254.8,pending,2026-01-15,2,ERP
C10001,Laura Martinez,laura.martinez@example.com,3007765033,N/A,BOGOTA,09/24/2026,38,retail,Desk,6,655.66,3933.96,inactive,N/A,3,ERP
C14240,CARLOS lopez,carlos.lopez@example.com,N/A,COLOMBIA,Cali,09/24/2026,62,RETAIL,Laptop,4,"787,26",3149.04,unknown,2026-01-15,4,ERP
C14241,Maria GARCIA,maria.garcia@example.com,3005855331,Unknown,Bogota DC,2026/09/24,54,retail,Keyboard,8,1825.15,14601.2,pending,15/01/2026,4,ERP
C14242,Laura Lopez,laura.lopez@example.com,+57 300 713 2649,N/A,CALI,03/04/2026,39,enterprise,Chair,4,43.77,175.08,pending,15/01/2026,2,ERP
C14243,Sofia Garcia,SOFIA.GARCIA@EXAMPLE.COM,300-123-4556,COLOMBIA,CALI,September 24 2026,33,Enterprise,Keyboard,6,1083.97,6503.82,PENDING,N/A,,ERP
C14244,Carlos Lopez,carlos.lopez@example.com,300-123-4535,N/A,Cali,2026/09/24,53,Enterprise,Chair,4,550.25,-2201.0,pending,15/01/2026,3,ERP
C14245,CARLOS Sanchez,CARLOS.SANCHEZ@EXAMPLE.COM,,Co,Barranquilla,2026/09/24,29,Enterprise,LAPTOP,7,1233.39,8633.73,ACTIVE,N/A,2,ERP
C14246, JUAN  Lopez,juan.lopez@example.com,3006078614,Colombia,Bogota DC,N/A,999,retail,Monitor,4,603.22,2412.88,inactive,N/A,4,ERP
C14247,Carlos Pérez,carlos.pérez@example.com,300-123-4562,Colombia,MEDELLIN,September 24 2026,30,retail,Keyboard,1,904.51,904.51,PENDING,2026-01-15,3,ERP
C14248,Juan Martinez,juan.martinez@example.com,+57 300 198 1833,colombia,BOGOTA,N/A,29,SMB,Monitor,6,119.8,718.8,PENDING,15/01/2026,2,ERP
C14249,Juan Martinez,juan.martinez@example.com,N/A,Unknown,Barranquilla,09/24/2026,78,SMB,Mouse,7,270.24,1891.68,PENDING,N/A,2,ERP
C14250, JUAN  Martinez,juan.martinez@example.com,,N/A,Medellin,N/A,44,Retail,laptop,6,753.64,4521.84,Active,,1,ERP
C14251,Maria Sanchez,maria.sanchez@example.com,N/A,COLOMBIA,Cali,2026-09-24,77,retail,Desk,4,"799,14",3196.56,pending,,2,ERP
C14252,Juan Garcia,juan.garcia@example.com,+57 300 800 2660,Unknown,Medellin,03/04/2026,45,smb ,Desk,10,612.93,6129.3,ACTIVE,,N/A,ERP
C14253, JUAN  Sanchez,juan.sanchez@example.com,N/A,Unknown,Bogota DC,2026/09/24,49,retail,Desk,1,1508.28,1508.28,inactive,N/A,,ERP
C14254,  Maria Martinez  ,maria.martinez@example.com,,N/A,Barranquilla,09/24/2026,65,Retail,Monitor,6,257.06,1542.36,active,15/01/2026,N/A,ERP
C14255,Ana Martinez,ana.martinez@example.com,300-123-4565,Colombia,Cartagena,not-a-date,79,smb ,Desk,9,1450.67,13056.03,unknown,15/01/2026,N/A,ERP
C14256,Laura Garcia,laura.garcia@example.com,+573005769134,COLOMBIA,BOGOTA,09/24/2026,71,smb ,Keyboard,7,1726.23,12083.61,ACTIVE,N/A,4,ERP
C14257,Sofia GARCIA,sofia.garcia@example.com,300-123-4567,colombia,Bogotá D.C.,September 24 2026,73,smb ,Laptop,10,1760.89,17608.9,unknown,,1,ERP
C14258,Juan Garcia,missing@,,Unknown,Cali,September 24 2026,66,RETAIL,Mouse,4,373.24,1492.96,ACTIVE,15/01/2026,1,ERP
C14259,Juan Martinez,juan.martinez@example.com,,Colombia,bogota,September 24 2026,77,retail,Laptop,2,N/A,1361.52,active,2026-01-15,N/A,ERP
C14260,Laura lopez,laura.lopez@example.com,+57 300 917 8103,Co,Cali,2026-09-24,66,enterprise,Monitor,5,1616.25,8081.25,inactive,15/01/2026,N/A,ERP
C14261,Sofia Martinez,SOFIA.MARTINEZ@EXAMPLE.COM,+57 300 756 3931,Co,bogota,24/09/2026,26,enterprise,LAPTOP,1,466.33,9326.6,inactive,,5,ERP
C14262,CARLOS Martinez,carlos.martinez@example.com,+57 300 652 2529,N/A,Bogota,03/04/2026,47,Retail,Desk,7,1437.02,10059.14,inactive,2026-01-15,N/A,ERP
C14263,maria Lopez,maria.lopez@example.com,N/A,colombia,Bogota,2026/09/24,999,SMB,Chair,1,1020.62,1020.62,ACTIVE,,4,ERP
C14264,maria GARCIA,maria.garcia@example.com,N/A,Colombia,Medellin,09/24/2026,79,SMB,Desk,3,721.37,2164.11,Active,15/01/2026,2,ERP
C14265,Ana Sanchez,ana.sanchez@example.com,300-123-4534,Co,Medellin,not-a-date,75,SMB,laptop,8,1144.7,9157.6,unknown,,2,ERP
C14266,Diego Garcia,diego.garcia@example.com,,Unknown,Barranquilla,24/09/2026,78,smb ,Mouse,7,1713.99,11997.93,active,15/01/2026,3,ERP
C14267,Ana Garcia,?,null,N/A,,not-a-date,77,Retail,Desk,2,1561.72,3123.44,unknown,,3,ERP
C14268,Carlos Sanchez,carlos.sanchez@example.com,,colombia,Bogotá D.C.,not-a-date,66,SMB,Monitor,1,1530.8,1530.8,pending,N/A,,ERP
C14269,Laura Pérez,laura.pérez@example.com,+57 300 959 4940,N/A,Cali,2026-09-24,23,smb ,Keyboard,7,1650.35,11552.45,pending,,,ERP
C14270,Ana Pérez,ana.pérez@example.com,300-123-4565,N/A,Cartagena,not-a-date,23,RETAIL,Desk,2,559.18,1118.36,unknown,15/01/2026,5,ERP
C14271,Carlos Garcia,carlos.garcia@example.com,N/A,COLOMBIA,Bogotá,03/04/2026,78,enterprise,LAPTOP,10,1193.91,11939.1,Active,,,ERP
C14272,maria Garcia,maria.garcia@example.com,N/A,colombia,bogota,not-a-date,71,Enterprise,laptop,8,664.85,5318.8,active,15/01/2026,1,ERP
C14273,Carlos lopez,carlos.lopez@example.com,,N/A,Medellín,03/04/2026,25,Retail,Chair,2,183.76,367.52,PENDING,15/01/2026,N/A,ERP
C14274,Maria lopez,maria.lopez@example.com,3009651572,colombia,Bogotá,2026-09-24,59,enterprise,Desk,9,982.18,8839.62,active,,4,ERP
C14275,Sofia lopez,sofia.lopez@example.com,300-123-4558,Co,bogota,03/04/2026,32,smb ,Keyboard,7,1716.34,12014.38,active,N/A,1,ERP
C14276, JUAN  Garcia,juan.garcia@example.com,N/A,N/A,Barranquilla,September 24 2026,67,enterprise,LAPTOP,2,1867.03,3734.06,unknown,N/A,1,ERP
C14277,Laura GARCIA,laura.garcia@example.com,3007841405,COLOMBIA,Bogotá D.C.,09/24/2026,69,enterprise,Chair,6,1120.83,6724.98,unknown,15/01/2026,2,ERP
C14278,Carlos lopez,carlos.lopez@example.com,300-123-4554,COLOMBIA,BOGOTA,not-a-date,19,Retail,LAPTOP,2,159.56,319.12,active,,5,ERP
C14279,CARLOS Pérez,carlos.pérez@example.com,+57 300 858 7616,Unknown,Cartagena,N/A,21,Retail,Monitor,1,1082.4,1082.4,inactive,15/01/2026,5,ERP
C14280,CARLOS Garcia,carlos.garcia@example.com,3001024595,Co,Bogotá D.C.,N/A,75,Enterprise,Laptop,9,825.14,7426.26,pending,2026-01-15,4,ERP
C14281,Luis Lopez,luis.lopez@example.com,+57 300 997 6917,Unknown,Medellin,24/09/2026,30,Enterprise,Mouse,4,134.32,537.28,Active,N/A,1,ERP
C14282,  Juan GARCIA  ,juan.garcia@example.com,N/A,Co,BOGOTA,24/09/2026,59,enterprise,Mouse,9,1040.51,9364.59,unknown,N/A,N/A,ERP
C14283, JUAN  GARCIA,juan.garcia@example.com,N/A,Colombia,BOGOTA,24/09/2026,21,Enterprise,Monitor,9,368.99,3320.91,inactive,,1,ERP
C14284,Sofia Sanchez,sofia.sanchez@example.com,N/A,COLOMBIA,Cali,not-a-date,30,Retail,Desk,2,1176.22,2352.44,Active,2026-01-15,4,ERP
C14285,Diego lopez,diego.lopez@example.com,300-123-4558,Unknown,CALI,2026-09-24,65,retail,Keyboard,9,778.48,7006.32,active,15/01/2026,N/A,ERP
C14286,CARLOS Lopez,carlos.lopez@example.com,3004195434,Co,Bogota DC,N/A,75,retail,laptop,7,218.1,1526.7,PENDING,15/01/2026,2,ERP
C14287,Diego Pérez,diego.pérez@example.com,+573005994453,Colombia,Bogota DC,03/04/2026,45,smb ,Keyboard,9,1416.79,12751.11,unknown,,2,ERP
C14288,Sofia Garcia,sofia.garcia@example.com,3009455054,Co,Medellin,2026-09-24,36,retail,LAPTOP,7,1700.0,11900.0,inactive,2026-01-15,4,ERP
C14289,Maria Lopez,maria.lopez@example.com,+57 300 149 9009,COLOMBIA,Bogotá D.C.,2026/09/24,21,Retail,laptop,10,1727.12,17271.2,PENDING,N/A,2,ERP
C14290,Sofia Garcia,sofia.garcia@example.com,300-123-4592,colombia,BOGOTA,not-a-date,41,RETAIL,Mouse,3,294.56,883.68,pending,N/A,2,ERP
C14291,CARLOS Lopez,CARLOS.LOPEZ@EXAMPLE.COM,300-123-4513,N/A,bogota,03/04/2026,28,Enterprise,Laptop,2,1041.76,2083.52,Active,N/A,1,ERP
C14292,maria Sanchez,maria.sanchez@example.com,3004304779,colombia,Barranquilla,03/04/2026,64,Retail,Chair,7,65.74,460.18,PENDING,15/01/2026,1,ERP
C14293,Ana Sanchez,ana.sanchez@example.com,3008678754,Unknown,Medellín,24/09/2026,54,RETAIL,Desk,5,74.05,370.25,pending,N/A,N/A,ERP
C14294,Diego GARCIA,diego.garcia@example.com,+573007721558,colombia,Cali,03/04/2026,41,Retail,Monitor,10,560.24,5602.4,unknown,2026-01-15,5,ERP
C14295,CARLOS lopez,carlos.lopez@example.com,+573004089080,COLOMBIA,Medellín,September 24 2026,29,smb ,Laptop,9,1156.97,10412.73,PENDING,N/A,5,ERP
C14296,CARLOS lopez,carlos.lopez@example.com,N/A,colombia,Bogotá D.C.,24/09/2026,31,retail,Mouse,5,1905.72,9528.6,Active,N/A,3,ERP
C14297,Juan GARCIA,juan.garcia@example.com,N/A,Co,Bogotá,09/24/2026,60,Enterprise,Chair,2,1215.92,2431.84,PENDING,2026-01-15,3,ERP
C14298,Ana Lopez,ana.lopez@example.com,,Unknown,bogota,03/04/2026,75,Retail,Keyboard,5,1914.27,9571.35,inactive,N/A,3,ERP
C14299, JUAN  Pérez,juan.pérez@example.com,+573003660196,COLOMBIA,Bogotá,03/04/2026,58,Enterprise,laptop,7,82.57,577.99,Active,15/01/2026,,ERP
C14300,maria Pérez, user@EXAMPLE.COM ,,COLOMBIA,Cali,09/24/2026,56,Enterprise,Mouse,5,964.83,4824.15,Active,15/01/2026,1,ERP
C14301,Juan Martinez,juan.martinez@example.com,+57 300 369 2930,COLOMBIA,MEDELLIN,2026-09-24,34,Retail,LAPTOP,8,67.47,539.76,PENDING,2026-01-15,5,ERP
C14302,Laura Perez,laura.perez@example.com,+57 300 691 4130,Colombia,MEDELLIN,09/24/2026,72,RETAIL,Desk,5,1274.62,6373.1,inactive,,N/A,ERP
C14303,Juan GARCIA,juan.garcia@example.com,3003835284,COLOMBIA,Bogotá,September 24 2026,72,enterprise,Laptop,4,237.39,949.56,PENDING,2026-01-15,,ERP
C14304,Luis GARCIA,luis.garcia@example.com,,N/A,bogota,09/24/2026,29,Enterprise,Chair,1,1995.52,1995.52,unknown,,3,ERP
C14305,Diego Perez,diego.perez@example.com,N/A,colombia,MEDELLIN,2026/09/24,64,retail,Monitor,4,1791.48,7165.92,Active,,N/A,ERP
C14306,Maria Sanchez,maria.sanchez@example.com,N/A,Co,Bogota,N/A,52,SMB,Monitor,4,215.73,862.92,ACTIVE,N/A,1,ERP
C14307,CARLOS Pérez,carlos.pérez@example.com,+573002413903,Unknown,Bogota DC,not-a-date,34,Enterprise,Keyboard,5,1896.4,9482.0,Active,2026-01-15,5,ERP
C14308,Diego GARCIA,diego.garcia@example.com,N/A,Colombia,Bogotá D.C.,September 24 2026,59,Retail,Laptop,9,487.38,4386.42,active,2026-01-15,5,ERP
C14309,Sofia lopez,sofia.lopez@example.com,+573008865011,Colombia,Cartagena,03/04/2026,62,retail,Chair,1,529.59,529.59,PENDING,N/A,5,ERP
C14310,Juan Garcia,juan.garcia@example.com,300-123-4514,colombia,Bogota,03/04/2026,65,retail,LAPTOP,10,345.91,3459.1,pending,,3,ERP
C14311,maria Sanchez,maria.sanchez@example.com,300-123-4549,Co,Barranquilla,24/09/2026,74,Retail,laptop,1,140.31,140.31,Active,N/A,N/A,ERP
C14312,maria Sanchez,maria.sanchez@example.com,300-123-4554,Colombia,BOGOTA,not-a-date,43,enterprise,Desk,1,$325.76,325.76,unknown,,2,ERP
C14313,CARLOS Sanchez,carlos.sanchez@example.com,,Unknown,MEDELLIN,09/24/2026,79,smb ,laptop,8,109.12,872.96,PENDING,15/01/2026,2,ERP
C14314,maria Martinez,maria.martinez@example.com,3002942979,Unknown,BOGOTA,2026/09/24,28,Retail,Chair,2,1054.13,2108.26,unknown,2026-01-15,5,ERP
C14315,CARLOS Sanchez,carlos.sanchez@example.com,+573005278247,N/A,BOGOTA,2026/09/24,42,retail,Laptop,7,1570.08,10990.56,inactive,,2,ERP
C14316,Laura Martinez,laura.martinez@example.com,+57 300 906 6605,N/A,Barranquilla,not-a-date,63,SMB,Laptop,7,1216.02,8512.14,ACTIVE,,2,ERP
C14317,Ana Lopez,ana.lopez@example.com,N/A,N/A,Cartagena,09/24/2026,57,Retail,Keyboard,7,1827.94,12795.58,inactive,2026-01-15,,ERP
C14318,CARLOS Lopez,carlos.lopez@example.com,300-123-4516,colombia,CALI,N/A,26,Enterprise,Mouse,9,N/A,13512.24,unknown,15/01/2026,2,ERP
C14319,Juan Lopez,juan.lopez@example.com,3006294854,Co,MEDELLIN,2026/09/24,62,smb ,laptop,9,1691.32,15221.88,PENDING,2026-01-15,1,ERP
C14320,Ana Sanchez,ana.sanchez@example.com,N/A,Co,CALI,2026-09-24,54,Retail,Keyboard,2,1612.36,3224.72,pending,N/A,,ERP
C14321, JUAN  Perez,juan.perez@example.com,3004404131,Co,Bogota DC,September 24 2026,51,retail,Monitor,8,474.6,3796.8,pending,,3,ERP
C14322,Diego Sanchez,diego.sanchez@example.com,,COLOMBIA,Bogota DC,2026/09/24,30,SMB,Mouse,9,969.33,8723.97,unknown,2026-01-15,1,ERP
C14323,Maria Garcia,maria.garcia@example.com,+57 300 403 8164,Unknown,bogota,2026-09-24,65,enterprise,Monitor,4,453.44,36275.2,active,,2,ERP
C14324,CARLOS Sanchez,carlos.sanchez@example.com,+57 300 707 3915,N/A,Bogotá D.C.,09/24/2026,21,Enterprise,LAPTOP,10,1546.24,15462.4,unknown,2026-01-15,4,ERP
C14325,Juan Perez,juan.perez@example.com,3007000233,N/A,Bogota,03/04/2026,41,smb ,LAPTOP,1,"491,07",491.07,unknown,N/A,3,ERP
C14326,Ana GARCIA,ana.garcia@example.com,+573008419886,COLOMBIA,Cali,not-a-date,20,Enterprise,Keyboard,1,1723.74,1723.74,ACTIVE,,N/A,ERP
C14327,Ana lopez,ana.lopez@example.com,+573005666015,Colombia,Bogota DC,September 24 2026,28,Enterprise,laptop,8,1354.21,10833.68,pending,N/A,,ERP
C14328,Carlos Garcia,carlos.garcia@example.com,+57 300 601 2801,COLOMBIA,BOGOTA,24/09/2026,20,enterprise,Chair,10,162.67,1626.7,pending,2026-01-15,2,ERP
C14329,CARLOS lopez,carlos.lopez@example.com,300-123-4524,Unknown,Medellin,09/24/2026,41,enterprise,Chair,1,1846.91,1846.91,inactive,N/A,2,ERP
C14330,CARLOS Pérez,carlos.pérez@example.com,,colombia,MEDELLIN,September 24 2026,65,smb ,Keyboard,9,346.98,3122.82,active,15/01/2026,5,ERP
C14331,Ana Sanchez,ana.sanchez@example.com,300-123-4534,Co,Bogota,2026-09-24,38,Enterprise,Chair,7,1085.75,7600.25,pending,15/01/2026,5,ERP
C14332,Maria Perez, user@EXAMPLE.COM ,N/A,N/A,bogota,09/24/2026,55,SMB,Monitor,7,1604.9,11234.3,active,15/01/2026,1,ERP
C14333,Carlos GARCIA,carlos.garcia@example.com,+57 300 346 2516,COLOMBIA,MEDELLIN,N/A,23,Retail,Desk,10,1442.77,14427.7,ACTIVE,N/A,,ERP
C14334,Maria GARCIA,maria.garcia@example.com,N/A,Unknown,Cali,24/09/2026,31,RETAIL,Desk,10,261.21,2612.1,unknown,15/01/2026,5,ERP
C14335,Sofia Perez,sofia.perez@example.com,+573004434481,Colombia,Bogotá,N/A,78,Enterprise,Desk,3,1685.28,5055.84,Active,N/A,N/A,ERP
C14336,Laura Sanchez,laura.sanchez@example.com,3007447539,Colombia,CALI,09/24/2026,53,retail,laptop,5,1082.74,5413.7,inactive,2026-01-15,,ERP
C14337, JUAN  Pérez,,+573001184135,Colombia,Cali,2026/09/24,31,smb ,LAPTOP,5,585.85,2929.25,PENDING,,4,ERP
C14338,Sofia Perez,sofia.perez@example.com,300-123-4587,Unknown,Bogotá D.C.,September 24 2026,24,Retail,laptop,4,1039.02,4156.08,active,15/01/2026,N/A,ERP
C14339,Diego GARCIA,diego.garcia@example.com,+573006178407,Co,Medellín,09/24/2026,68,retail,Chair,2,1466.95,2933.9,inactive,15/01/2026,2,ERP
C14340,Luis Pérez,luis.pérez@example.com,3005606700,COLOMBIA,MEDELLIN,September 24 2026,68,smb ,Keyboard,10,1841.46,18414.6,Active,15/01/2026,3,ERP
C14341,Diego lopez,diego.lopez@example.com,3006256904,Colombia,Barranquilla,24/09/2026,49,RETAIL,Desk,8,261.41,2091.28,PENDING,2026-01-15,3,ERP
C14342, JUAN  Pérez,juan.pérez@example.com,300-123-4599,colombia,bogota,03/04/2026,68,Retail,laptop,8,919.5,7356.0,unknown,N/A,2,ERP
C14343,Diego Sanchez,DIEGO.SANCHEZ@EXAMPLE.COM,,COLOMBIA,bogota,03/04/2026,58,retail,LAPTOP,10,148.47,1484.7,inactive,15/01/2026,,ERP
C14344,CARLOS GARCIA,?,null,N/A,,09/24/2026,46,Retail,Monitor,2,264.27,528.54,ACTIVE,,1,ERP
C14345,Ana Martinez,ana.martinez@example.com,3003574058,colombia,Bogota,2026/09/24,61,RETAIL,Desk,4,1710.41,6841.64,ACTIVE,2026-01-15,4,ERP
C14346,Ana Pérez,ana.pérez@example.com,+57 300 968 7611,Colombia,Bogotá,not-a-date,67,retail,Mouse,1,1008.97,-1008.97,Active,N/A,4,ERP
C14347,Luis Sanchez,luis.sanchez@example.com,+57 300 140 2959,Co,BOGOTA,2026/09/24,65,SMB,Monitor,1,1569.02,1569.02,inactive,15/01/2026,3,ERP
C14348,Juan Perez,juan.perez@example.com,,Unknown,MEDELLIN,2026-09-24,74,SMB,LAPTOP,2,1857.25,3714.5,active,15/01/2026,1,ERP
C14349,  Sofia Pérez  ,sofia.pérez@example.com,,N/A,MEDELLIN,09/24/2026,41,Retail,Chair,5,838.43,4192.15,Active,2026-01-15,1,ERP
C14350,Laura Martinez,?,null,colombia,,24/09/2026,39,enterprise,Laptop,5,872.36,4361.8,Active,2026-01-15,2,ERP
C14351,Juan lopez,juan.lopez@example.com,,colombia,Bogotá,24/09/2026,33,retail,LAPTOP,10,217.57,2175.7,Active,N/A,,ERP
C14352, JUAN  Garcia,juan.garcia@example.com,3003117134,N/A,Bogotá,N/A,45,RETAIL,Chair,5,1056.56,5282.8,ACTIVE,,1,ERP
C14353,Juan Perez,juan.perez@example.com,,Co,Bogota DC,03/04/2026,64,Enterprise,laptop,2,564.61,1129.22,inactive,15/01/2026,1,ERP
C14354,CARLOS Martinez,carlos.martinez@example.com,300-123-4569,Unknown,Cali,N/A,18,smb ,Mouse,2,1754.85,3509.7,ACTIVE,2026-01-15,,ERP
C14355,Laura Lopez,laura.lopez@example.com,3001160842,N/A,BOGOTA,not-a-date,38,Enterprise,Monitor,3,1591.22,4773.66,unknown,15/01/2026,N/A,ERP
C14356,Ana Sanchez,ana.sanchez@example.com,3003718014,colombia,Bogota DC,03/04/2026,58,SMB,Monitor,3,861.42,2584.26,unknown,15/01/2026,,ERP
C14357,Laura Martinez,laura.martinez@example.com,3004211631,COLOMBIA,Cartagena,03/04/2026,66,enterprise,LAPTOP,9,1162.71,10464.39,PENDING,2026-01-15,1,ERP
C14358,Diego Martinez,?,null,colombia,,24/09/2026,53,enterprise,LAPTOP,6,1237.67,7426.02,Active,,1,ERP
C14359, JUAN  Perez,juan.perez@example.com,3008500947,Colombia,Bogotá D.C.,not-a-date,25,SMB,Monitor,4,1661.3,6645.2,pending,,5,ERP
C14360,Luis Pérez,luis.pérez@example.com,,Colombia,BOGOTA,03/04/2026,51,RETAIL,Monitor,2,1527.05,61082.0,Active,N/A,1,ERP
C14361,Luis Pérez,luis.pérez@example.com,300-123-4557,Unknown,Medellin,03/04/2026,67,smb ,LAPTOP,7,380.89,2666.23,PENDING,N/A,,ERP
C14362,Sofia GARCIA,sofia.garcia@example.com,+57 300 104 6279,N/A,Medellin,24/09/2026,37,RETAIL,Keyboard,10,1027.46,10274.6,Active,,2,ERP
C14363,maria Perez,maria.perez@example.com,N/A,N/A,MEDELLIN,not-a-date,49,smb ,laptop,5,1127.73,5638.65,ACTIVE,,3,ERP
C14364,Diego Sanchez,diego.sanchez@example.com,,Co,Medellin,September 24 2026,40,Enterprise,laptop,2,875.95,1751.9,PENDING,15/01/2026,2,ERP
C14365, JUAN  Garcia,JUAN.GARCIA@EXAMPLE.COM,N/A,Co,Medellin,09/24/2026,74,retail,Monitor,2,571.29,1142.58,Active,N/A,N/A,ERP
C14366,Ana Perez,ana.perez@example.com,300-123-4532,Colombia,Bogota DC,2026-09-24,18,enterprise,LAPTOP,3,1372.05,4116.15,ACTIVE,,1,ERP
C14367,Laura Garcia,laura.garcia@example.com,3008750923,Co,Medellín,N/A,72,RETAIL,Desk,8,741.44,5931.52,PENDING,2026-01-15,3,ERP
C14368,Juan Martinez,juan.martinez@example.com,+57 300 103 3971,Unknown,Medellin,not-a-date,23,retail,Chair,1,1933.25,1933.25,active,15/01/2026,3,ERP
C14369,Laura Sanchez,LAURA.SANCHEZ@EXAMPLE.COM,3007931521,Unknown,Medellin,24/09/2026,23,smb ,Desk,6,177.04,1062.24,Active,15/01/2026,5,ERP
C14370,Ana Martinez,?,null,colombia,,03/04/2026,22,smb ,Mouse,3,538.72,1616.16,unknown,,1,ERP
C14371,Diego lopez,diego.lopez@example.com,300-123-4591,Colombia,BOGOTA,24/09/2026,30,enterprise,Mouse,3,1566.54,4699.62,pending,,4,ERP
C14372,Ana Perez,ana.perez@example.com,N/A,colombia,Cartagena,09/24/2026,27,retail,Keyboard,3,244.09,732.27,PENDING,15/01/2026,1,ERP
C14373,maria Sanchez,maria.sanchez@example.com,N/A,COLOMBIA,Bogota,24/09/2026,66,Enterprise,Mouse,2,915.03,1830.06,active,2026-01-15,2,ERP
C14374,Diego Lopez,diego.lopez@example.com,3009078990,Unknown,Bogota,09/24/2026,44,SMB,Laptop,2,1697.4,3394.8,ACTIVE,15/01/2026,2,ERP
C14375,Carlos Martinez,carlos.martinez@example.com,3003694737,Unknown,Barranquilla,N/A,47,Enterprise,Mouse,7,"871,94",6103.58,inactive,2026-01-15,1,ERP
C14376,Maria GARCIA,maria.garcia@example.com,+57 300 349 6969,Co,bogota,N/A,80,enterprise,Mouse,8,1715.01,13720.08,ACTIVE,2026-01-15,4,ERP
C14377,Sofia Sanchez,missing@,3005526996,Unknown,Cartagena,09/24/2026,44,smb ,Desk,9,120.71,1086.39,active,15/01/2026,5,ERP
C14378,maria Pérez,maria.pérez@example.com,+573002933916,colombia,CALI,2026-09-24,57,Enterprise,Desk,1,192.94,192.94,inactive,2026-01-15,1,ERP
C14379, JUAN  Garcia,juan.garcia@example.com,3002442621,colombia,Bogotá,24/09/2026,24,RETAIL,Desk,10,1253.92,12539.2,inactive,15/01/2026,1,ERP
C14380,Laura Martinez,,+57 300 733 3998,Unknown,Medellin,2026/09/24,33,retail,Laptop,1,194.93,194.93,PENDING,2026-01-15,N/A,ERP
C14381,CARLOS Martinez,carlos.martinez@example.com,+573004256872,Unknown,bogota,September 24 2026,70,enterprise,Mouse,9,1076.76,9690.84,active,2026-01-15,5,ERP
C14382, JUAN  Lopez,juan.lopez@example.com,+57 300 293 6553,N/A,MEDELLIN,2026-09-24,27,enterprise,Chair,2,794.35,1588.7,active,N/A,,ERP
C14383,Sofia GARCIA,sofia.garcia@example.com,+57 300 304 2652,Co,Cali,2026/09/24,39,smb ,Mouse,6,1737.49,10424.94,active,2026-01-15,,ERP
C14384,Laura lopez,laura.lopez@example.com,,Co,bogota,N/A,71,retail,Desk,10,1584.34,15843.4,inactive,15/01/2026,N/A,ERP
C14385,Juan Garcia,juan.garcia@example.com,300-123-4535,N/A,MEDELLIN,09/24/2026,45,Retail,Chair,4,1400.36,5601.44,ACTIVE,2026-01-15,5,ERP
C14386,Carlos lopez,carlos.lopez@example.com,+57 300 257 7857,Co,BOGOTA,2026/09/24,54,retail,laptop,4,544.61,-2178.44,inactive,,4,ERP
C14387,Maria Sanchez,maria.sanchez@example.com,3005052247,Unknown,bogota,not-a-date,51,SMB,Monitor,9,960.56,8645.04,PENDING,N/A,3,ERP
C14388,Sofia Lopez,sofia.lopez@example.com,3002280173,colombia,bogota,2026/09/24,50,SMB,Chair,4,1579.89,6319.56,inactive,2026-01-15,N/A,ERP
C14389,Ana Martinez,ana.martinez@example.com,,N/A,CALI,N/A,55,SMB,Mouse,7,1756.55,12295.85,Active,2026-01-15,1,ERP
C14390,CARLOS Martinez,carlos.martinez@example.com,300-123-4536,Unknown,Bogotá,24/09/2026,33,SMB,Desk,4,187.23,748.92,unknown,,2,ERP
C14391,Ana Martinez,ana.martinez@example.com,300-123-4579,N/A,Barranquilla,N/A,69,SMB,Chair,7,1007.52,7052.64,active,,1,ERP
C14392,Ana Lopez,ana.lopez@example.com,+573002326497,colombia,Medellin,September 24 2026,56,Enterprise,Laptop,1,1575.53,1575.53,ACTIVE,15/01/2026,2,ERP
C14393,Diego Garcia,diego.garcia@example.com,+573002558627,N/A,Medellin,not-a-date,57,Retail,Monitor,8,1065.02,8520.16,PENDING,2026-01-15,,ERP
C14394,Ana Martinez,ana.martinez@example.com,300-123-4522,N/A,BOGOTA,09/24/2026,78,retail,Mouse,4,1000.12,4000.48,unknown,15/01/2026,,ERP
C14395,Luis Sanchez, user@EXAMPLE.COM ,300-123-4578,N/A,MEDELLIN,2026/09/24,32,SMB,laptop,5,1933.64,9668.2,pending,15/01/2026,3,ERP
C14396,CARLOS GARCIA,carlos.garcia@example.com,+57 300 207 9901,N/A,Bogota DC,not-a-date,43,Retail,Keyboard,6,264.76,1588.56,PENDING,,4,ERP
C14397,Carlos GARCIA,?,null,Colombia,,September 24 2026,18,SMB,laptop,7,510.86,3576.02,unknown,15/01/2026,5,ERP
C14398,Juan Martinez,juan.martinez@example.com,+573005386522,N/A,Barranquilla,September 24 2026,43,retail,laptop,4,1348.04,5392.16,active,,2,ERP
C14399,Sofia Garcia,sofia.garcia@example.com,300-123-4573,COLOMBIA,Bogotá D.C.,03/04/2026,69,RETAIL,Monitor,2,1517.06,3034.12,active,N/A,3,ERP
C14400,Maria Garcia,maria.garcia@example.com,,Colombia,Cali,24/09/2026,47,retail,Desk,10,1015.04,10150.4,Active,2026-01-15,5,ERP
C14401,CARLOS Perez,carlos.perez@example.com,3008978284,Unknown,Bogotá,2026-09-24,49,Retail,Laptop,4,471.22,1884.88,pending,N/A,5,ERP
C14402,Maria Sanchez,maria.sanchez@example.com,,Co,bogota,03/04/2026,53,Retail,Keyboard,1,1812.71,1812.71,active,N/A,2,ERP
C14403,Laura Perez,laura.perez@example.com,3006778873,N/A,CALI,N/A,75,smb ,Chair,6,63.16,378.96,pending,2026-01-15,3,ERP
C14404, JUAN  Perez,juan.perez@example.com,N/A,colombia,bogota,24/09/2026,43,smb ,LAPTOP,6,1021.27,6127.62,pending,15/01/2026,1,ERP
C14405,CARLOS Garcia,carlos.garcia@example.com,,COLOMBIA,bogota,2026/09/24,41,Retail,Mouse,2,1753.15,3506.3,pending,,4,ERP
C14406,Luis Lopez,luis.lopez@example.com,,colombia,Bogota,09/24/2026,61,smb ,Mouse,8,403.58,3228.64,pending,15/01/2026,1,ERP
C14407,CARLOS lopez,carlos.lopez@example.com,+57 300 265 6361,colombia,Bogotá D.C.,03/04/2026,70,Enterprise,Monitor,10,1073.97,10739.7,PENDING,,4,ERP
C14408,Luis Perez,luis.perez@example.com,,COLOMBIA,Bogotá,N/A,46,Retail,Keyboard,6,570.52,3423.12,Active,15/01/2026,3,ERP
C14409,CARLOS GARCIA,carlos.garcia@example.com,3001346109,N/A,Bogota,2026-09-24,46,RETAIL,Monitor,10,190.41,1904.1,active,N/A,4,ERP
C14410,CARLOS lopez,carlos.lopez@example.com,300-123-4536,Co,bogota,03/04/2026,42,smb ,Monitor,5,73.42,367.1,unknown,,4,ERP
C14411,Laura lopez,laura.lopez@example.com,300-123-4525,COLOMBIA,BOGOTA,09/24/2026,36,enterprise,LAPTOP,2,704.09,1408.18,inactive,N/A,5,ERP
C14412,Sofia GARCIA,sofia.garcia@example.com,,colombia,Bogota DC,2026-09-24,73,SMB,Laptop,2,122.89,245.78,inactive,15/01/2026,5,ERP
C14413,maria Pérez,maria.pérez@example.com,300-123-4563,Colombia,Cartagena,24/09/2026,70,RETAIL,LAPTOP,5,728.04,3640.2,pending,,4,ERP
C14414,Ana Perez,ana.perez@example.com,+573002123136,Unknown,Barranquilla,N/A,58,enterprise,Laptop,4,307.16,1228.64,Active,15/01/2026,N/A,ERP
C14415,Carlos Lopez,carlos.lopez@example.com,,COLOMBIA,bogota,not-a-date,20,Retail,Keyboard,4,1483.32,-5933.28,inactive,N/A,4,ERP
C14416,Diego Garcia,diego.garcia@example.com,3006698787,Co,Bogotá D.C.,N/A,53,retail,Laptop,5,1797.48,8987.4,inactive,2026-01-15,3,ERP
C14417,Carlos Pérez,carlos.pérez@example.com,+57 300 504 4259,colombia,bogota,not-a-date,19,enterprise,Laptop,2,1386.6,2773.2,inactive,,2,ERP
C14418,CARLOS Sanchez,carlos.sanchez@example.com,3007736208,N/A,Medellín,September 24 2026,49,Retail,Mouse,8,560.05,4480.4,Active,2026-01-15,5,ERP
C14419,CARLOS lopez,carlos.lopez@example.com,,COLOMBIA,BOGOTA,not-a-date,42,RETAIL,laptop,1,"1739,89",1739.89,active,N/A,5,ERP
C14420,Diego Martinez,diego.martinez@example.com,N/A,Co,Barranquilla,09/24/2026,57,smb ,Laptop,6,187.24,1123.44,pending,,3,ERP
C14421,Diego Lopez,diego.lopez@example.com,300-123-4563,Co,Medellin,2026-09-24,31,Enterprise,Monitor,5,1086.24,5431.2,PENDING,15/01/2026,1,ERP
C14422,Laura Martinez,laura.martinez@example.com,,N/A,Bogotá D.C.,2026/09/24,71,SMB,Mouse,-1,220.61,220.61,active,N/A,,ERP
C14423,Ana lopez,ana.lopez@example.com,+57 300 290 1985,N/A,CALI,September 24 2026,73,SMB,laptop,1,1107.33,1107.33,unknown,15/01/2026,N/A,ERP
C14424,Ana Lopez,ana.lopez@example.com,3001383872,Unknown,Cali,24/09/2026,62,Enterprise,Monitor,9,799.79,7198.11,pending,N/A,3,ERP
C14425,Carlos Garcia,carlos.garcia@example.com,+57 300 263 7893,Colombia,Medellín,September 24 2026,31,smb ,Keyboard,10,1739.04,17390.4,inactive,2026-01-15,4,ERP
C14426,maria Pérez,maria.pérez@example.com,300-123-4531,colombia,Cali,2026/09/24,31,SMB,Desk,3,1971.93,5915.79,Active,2026-01-15,,ERP
C14427,Maria lopez, user@EXAMPLE.COM ,,colombia,Bogota DC,2026/09/24,20,RETAIL,Laptop,9,590.17,5311.53,active,N/A,4,ERP
C14428,Carlos Garcia,carlos.garcia@example.com,+57 300 385 9746,COLOMBIA,Bogota,03/04/2026,69,Retail,Chair,1,799.48,799.48,Active,,5,ERP
C14429,CARLOS Pérez,carlos.pérez@example.com,,N/A,MEDELLIN,September 24 2026,19,retail,Monitor,5,722.18,3610.9,unknown,,2,ERP
C14430,Diego Martinez,diego.martinez@example.com,N/A,COLOMBIA,Medellin,24/09/2026,54,enterprise,Laptop,2,429.32,858.64,active,15/01/2026,N/A,ERP
C14431,Ana GARCIA,ana.garcia@example.com,3003473864,COLOMBIA,Medellín,2026/09/24,45,RETAIL,Chair,2,1127.25,2254.5,ACTIVE,15/01/2026,5,ERP
C14432,Maria Martinez,maria.martinez@example.com,+573007830008,Co,Cartagena,2026/09/24,70,RETAIL,Keyboard,1,614.73,614.73,inactive,N/A,N/A,ERP
C14433,Ana Perez,ana.perez@example.com,300-123-4579,Co,Cartagena,03/04/2026,57,Enterprise,Desk,10,1621.36,16213.6,pending,N/A,3,ERP
C14434,Carlos Perez,carlos.perez@example.com,+573005875064,Colombia,MEDELLIN,24/09/2026,34,smb ,LAPTOP,1,751.48,751.48,Active,,N/A,ERP
C14435,Maria Martinez,N/A,300-123-4572,Colombia,bogota,03/04/2026,60,Enterprise,Desk,8,346.19,2769.52,Active,N/A,2,ERP
C14436,Luis Perez,luis.perez@example.com,+57 300 259 2732,COLOMBIA,MEDELLIN,not-a-date,59,SMB,Monitor,9,660.32,5942.88,unknown,N/A,3,ERP
C14437,maria GARCIA,maria.garcia@example.com,300-123-4545,COLOMBIA,Bogota,24/09/2026,70,smb ,Laptop,5,293.99,1469.95,Active,N/A,2,ERP
C14438,Juan lopez,juan.lopez@example.com,+573007923652,N/A,BOGOTA,not-a-date,27,retail,LAPTOP,-1,721.87,721.87,unknown,N/A,,ERP
C14439,Luis Perez,luis.perez@example.com,+573004677568,Co,Medellin,September 24 2026,47,smb ,Keyboard,1,820.84,820.84,inactive,15/01/2026,2,ERP
C14440,Maria Lopez,maria.lopez@example.com,300-123-4516,Unknown,Bogotá,not-a-date,65,Enterprise,Chair,9,1633.8,294084.0,active,N/A,,ERP
C14441,Carlos Garcia,carlos.garcia@example.com,300-123-4515,COLOMBIA,MEDELLIN,N/A,58,RETAIL,Mouse,9,339.41,3054.69,active,,N/A,ERP
C14442, JUAN  Lopez,juan.lopez@example.com,N/A,Unknown,Barranquilla,N/A,50,SMB,laptop,10,522.66,5226.6,inactive,15/01/2026,4,ERP
C14443,Luis lopez,luis.lopez@example.com,+573006519816,Unknown,Cartagena,03/04/2026,68,Enterprise,LAPTOP,2,1473.27,2946.54,active,2026-01-15,4,ERP
C14444,CARLOS Garcia,carlos.garcia@example.com,N/A,Colombia,Barranquilla,N/A,24,Retail,Chair,5,1165.13,5825.65,pending,,1,ERP
C14445,CARLOS Sanchez,carlos.sanchez@example.com,,colombia,Medellín,2026/09/24,66,Enterprise,Chair,7,893.81,6256.67,unknown,N/A,2,ERP
C14446,Laura lopez,laura.lopez@example.com,3004566744,Colombia,MEDELLIN,2026/09/24,37,SMB,Mouse,3,1621.48,4864.44,Active,2026-01-15,3,ERP
C14447,Sofia Lopez,sofia.lopez@example.com,N/A,Colombia,Medellin,September 24 2026,53,smb ,Monitor,5,1216.43,6082.15,pending,2026-01-15,N/A,ERP
C14448, JUAN  lopez,juan.lopez@example.com,N/A,COLOMBIA,BOGOTA,2026-09-24,36,RETAIL,laptop,10,351.34,3513.4,Active,2026-01-15,1,ERP
C14449,Maria GARCIA,maria.garcia@example.com,3004299784,N/A,Medellín,N/A,45,SMB,Laptop,2,1695.56,3391.12,Active,2026-01-15,2,ERP
C14450,Diego Lopez,diego.lopez@example.com,,colombia,Bogota DC,2026/09/24,42,RETAIL,Mouse,1,1040.27,1040.27,inactive,N/A,2,ERP
C14451,Carlos Perez,carlos.perez@example.com,,N/A,Barranquilla,September 24 2026,51,enterprise,LAPTOP,8,541.97,4335.76,unknown,15/01/2026,4,ERP
C14452,Sofia GARCIA,sofia.garcia@example.com,+573001005232,N/A,Cartagena,2026/09/24,64,SMB,laptop,5,1378.77,6893.85,ACTIVE,15/01/2026,5,ERP
C14453,Sofia Garcia,sofia.garcia@example.com,N/A,Co,Bogota DC,09/24/2026,61,RETAIL,Laptop,10,812.29,8122.9,unknown,15/01/2026,N/A,ERP
C14454,maria Martinez,maria.martinez@example.com,N/A,N/A,Bogotá D.C.,N/A,37,Retail,laptop,8,993.86,7950.88,Active,N/A,N/A,ERP
C14455,Maria GARCIA,maria.garcia@example.com,N/A,Colombia,MEDELLIN,09/24/2026,61,Retail,Mouse,5,1491.4,7457.0,ACTIVE,15/01/2026,1,ERP
C14456,Juan Pérez,juan.pérez@example.com,,Colombia,Medellin,not-a-date,76,SMB,Monitor,7,1556.37,10894.59,unknown,2026-01-15,1,ERP
C14457,CARLOS lopez,CARLOS.LOPEZ@EXAMPLE.COM,,colombia,BOGOTA,09/24/2026,57,smb ,Monitor,5,1324.42,6622.1,Active,15/01/2026,4,ERP
C14458,Luis Martinez,luis.martinez@example.com,+573003729108,Colombia,Medellin,not-a-date,44,SMB,laptop,9,417.26,3755.34,Active,N/A,5,ERP
C14459,Luis Pérez,luis.pérez@example.com,+573006526792,Colombia,Medellín,09/24/2026,27,retail,Mouse,6,875.51,5253.06,inactive,2026-01-15,4,ERP
C14460,Ana Martinez,ana.martinez@example.com,300-123-4530,Unknown,Bogotá,24/09/2026,25,Enterprise,Laptop,2,11.06,22.12,inactive,,5,ERP
C14461,Sofia Martinez,sofia.martinez@example.com,N/A,COLOMBIA,Barranquilla,not-a-date,49,retail,Monitor,10,1280.17,12801.7,Active,,4,ERP
C14462,  Luis Pérez  ,luis.pérez@example.com,3004286800,Unknown,Bogota DC,2026-09-24,53,RETAIL,Mouse,8,1912.93,15303.44,Active,15/01/2026,N/A,ERP
C14463,Luis Lopez,luis.lopez@example.com,+57 300 686 1147,colombia,MEDELLIN,not-a-date,29,Retail,Keyboard,10,511.05,5110.5,Active,2026-01-15,N/A,ERP
C14464,Juan GARCIA,juan.garcia@example.com,N/A,Co,MEDELLIN,24/09/2026,22,Enterprise,Desk,1,1366.45,1366.45,PENDING,2026-01-15,5,ERP
C14465,Diego lopez,diego.lopez@example.com,3007731244,COLOMBIA,MEDELLIN,2026/09/24,62,retail,laptop,3,974.83,58489.799999999996,pending,15/01/2026,1,ERP
C14466,Laura Martinez,LAURA.MARTINEZ@EXAMPLE.COM,N/A,Co,MEDELLIN,2026-09-24,52,Enterprise,Chair,5,$833.86,4169.3,active,N/A,5,ERP
C14467,Luis lopez,luis.lopez@example.com,,colombia,Bogotá,03/04/2026,44,RETAIL,LAPTOP,10,1867.92,18679.2,PENDING,N/A,4,ERP
C14468, JUAN  Pérez,juan.pérez@example.com,+57 300 723 1056,colombia,CALI,2026-09-24,56,SMB,LAPTOP,3,520.64,1561.92,ACTIVE,N/A,2,ERP
C14469, JUAN  Perez,juan.perez@example.com,N/A,colombia,bogota,September 24 2026,43,smb ,Keyboard,7,1909.66,13367.62,unknown,2026-01-15,N/A,ERP
C14470,Diego lopez,diego.lopez@example.com,N/A,Colombia,Bogotá D.C.,03/04/2026,57,Retail,laptop,6,1801.57,10809.42,Active,15/01/2026,,ERP
C14471,Luis lopez,luis.lopez@example.com,3009814012,Co,BOGOTA,2026/09/24,58,RETAIL,Laptop,9,581.3,5231.7,PENDING,2026-01-15,5,ERP
C14472,Laura GARCIA,laura.garcia@example.com,,Unknown,BOGOTA,September 24 2026,40,Enterprise,Desk,8,1303.55,10428.4,inactive,2026-01-15,1,ERP
C14473,Laura Martinez,laura.martinez@example.com,,colombia,Medellín,24/09/2026,63,retail,Laptop,9,1918.31,17264.79,pending,,2,ERP
C14474,CARLOS Garcia,carlos.garcia@example.com,+573002072096,colombia,Medellin,24/09/2026,26,retail,Keyboard,4,840.01,3360.04,pending,15/01/2026,N/A,ERP
C14475,Ana Sanchez,ana.sanchez@example.com,,Unknown,Cartagena,2026-09-24,33,Enterprise,Monitor,4,1923.89,7695.56,PENDING,15/01/2026,1,ERP
C14476,Luis GARCIA,luis.garcia@example.com,300-123-4524,N/A,Bogotá D.C.,September 24 2026,66,enterprise,LAPTOP,6,643.97,3863.82,inactive,15/01/2026,3,ERP
C14477,Sofia Lopez,not-an-email,3004597245,N/A,Medellín,03/04/2026,64,Retail,LAPTOP,10,928.95,9289.5,PENDING,15/01/2026,,ERP
C14478,Ana Perez,ana.perez@example.com,,N/A,CALI,N/A,74,smb ,Chair,8,80.45,643.6,ACTIVE,15/01/2026,1,ERP
C14479,Sofia Perez,sofia.perez@example.com,,N/A,Medellin,N/A,76,enterprise,Keyboard,8,1514.55,12116.4,ACTIVE,,,ERP
C14480,Luis Lopez,luis.lopez@example.com,+573005313810,COLOMBIA,Bogotá D.C.,not-a-date,68,Enterprise,laptop,4,1730.09,6920.36,unknown,15/01/2026,2,ERP
C14481,maria Martinez,maria.martinez@example.com,+573006219503,Co,MEDELLIN,24/09/2026,62,SMB,Keyboard,3,211.85,635.55,active,,3,ERP
C14482,Maria lopez, user@EXAMPLE.COM ,+573008172124,colombia,Bogotá,09/24/2026,40,Enterprise,Chair,5,1596.66,7983.3,ACTIVE,15/01/2026,3,ERP
C14483, JUAN  lopez,juan.lopez@example.com,+573002413409,colombia,bogota,03/04/2026,57,RETAIL,Keyboard,7,577.28,4040.96,inactive,,1,ERP
C14484,Laura Pérez,laura.pérez@example.com,300-123-4550,COLOMBIA,BOGOTA,09/24/2026,52,Retail,Chair,7,1619.21,11334.47,inactive,2026-01-15,5,ERP
C14485,Ana Sanchez,ana.sanchez@example.com,,colombia,Cali,N/A,28,Retail,Monitor,2,1831.74,3663.48,unknown,,,ERP
C14486, JUAN  Garcia,juan.garcia@example.com,+573009109907,Colombia,Bogota,2026-09-24,28,Enterprise,laptop,6,224.81,1348.86,inactive,2026-01-15,2,ERP
C14487,Maria Martinez,maria.martinez@example.com,+57 300 882 7822,Unknown,Medellin,2026-09-24,22,SMB,Chair,4,1325.04,5300.16,Active,15/01/2026,2,ERP
C14488,Carlos GARCIA,missing@,300-123-4583,Co,MEDELLIN,03/04/2026,39,Enterprise,Chair,4,1234.54,4938.16,active,2026-01-15,N/A,ERP
C14489,Carlos Pérez,carlos.pérez@example.com,300-123-4514,colombia,Bogota DC,2026-09-24,27,SMB,laptop,9,1671.12,15040.08,ACTIVE,N/A,5,ERP
C14490,Laura Sanchez,laura.sanchez@example.com,3006252122,Unknown,MEDELLIN,not-a-date,47,RETAIL,Desk,6,259.78,1558.68,PENDING,2026-01-15,N/A,ERP
C14491,Juan lopez,juan.lopez@example.com,+57 300 503 4411,Unknown,Bogota DC,24/09/2026,53,enterprise,Monitor,2,679.2,1358.4,ACTIVE,15/01/2026,,ERP
C14492,  CARLOS Martinez  ,carlos.martinez@example.com,300-123-4566,Colombia,Medellín,2026-09-24,70,SMB,Keyboard,1,1198.12,1198.12,pending,2026-01-15,N/A,ERP
C14493,Ana Lopez,ana.lopez@example.com,+573006831838,Unknown,Bogota,24/09/2026,48,SMB,Laptop,6,N/A,7910.16,unknown,2026-01-15,N/A,ERP
C14494,Luis Martinez,luis.martinez@example.com,N/A,Co,Cartagena,September 24 2026,62,Enterprise,laptop,2,975.04,1950.08,active,,N/A,ERP
C14495,Laura GARCIA,laura.garcia@example.com,+57 300 552 8052,Co,MEDELLIN,2026-09-24,80,smb ,Mouse,8,1613.76,12910.08,inactive,2026-01-15,3,ERP
C14496, JUAN  lopez,juan.lopez@example.com,300-123-4531,Colombia,BOGOTA,24/09/2026,77,Enterprise,Mouse,5,949.58,4747.9,inactive,N/A,2,ERP
C14497,Maria Martinez,maria.martinez@example.com,300-123-4572,N/A,Cali,2026/09/24,68,SMB,Keyboard,6,700.05,4200.3,ACTIVE,,1,ERP
C14498,Ana Martinez,ana.martinez@example.com,3007456633,Co,Barranquilla,24/09/2026,78,retail,Desk,7,1748.19,12237.33,active,2026-01-15,1,ERP
C14499,Juan Martinez,juan.martinez@example.com,300-123-4540,N/A,Cali,2026-09-24,30,RETAIL,Monitor,1,108.54,108.54,active,2026-01-15,5,ERP
C14500,Diego lopez,diego.lopez@example.com,+573002859004,Co,Medellín,09/24/2026,65,Enterprise,Mouse,6,1074.16,6444.96,Active,15/01/2026,N/A,ERP
C14501,Diego GARCIA,diego.garcia@example.com,+57 300 848 5602,COLOMBIA,Bogota DC,N/A,42,Enterprise,Monitor,-2,705.61,705.61,PENDING,,5,ERP
C14502,maria GARCIA,maria.garcia@example.com,+573008294107,COLOMBIA,Bogota DC,24/09/2026,53,Retail,Mouse,10,342.06,3420.6,Active,,,ERP
C14503,Sofia lopez,sofia.lopez@example.com,+57 300 569 3423,N/A,BOGOTA,03/04/2026,43,Enterprise,Monitor,7,N/A,12376.14,unknown,2026-01-15,2,ERP
C14504,Ana Perez,ana.perez@example.com,3002292651,colombia,bogota,09/24/2026,42,retail,laptop,5,1897.43,9487.15,PENDING,N/A,,ERP
C14505,Maria Sanchez,maria.sanchez@example.com,300-123-4514,COLOMBIA,Medellin,2026/09/24,35,retail,Desk,5,1997.96,9989.8,PENDING,15/01/2026,5,ERP
C14506,maria lopez,maria.lopez@example.com,N/A,N/A,Barranquilla,2026-09-24,39,RETAIL,Desk,10,1837.1,18371.0,Active,15/01/2026,2,ERP
C14507,Carlos Martinez,carlos.martinez@example.com,300-123-4517,Unknown,CALI,24/09/2026,51,retail,laptop,4,733.86,2935.44,inactive,N/A,3,ERP
C14508,maria Martinez,maria.martinez@example.com,+57 300 643 6858,Unknown,Medellin,09/24/2026,70,enterprise,Mouse,1,1174.75,1174.75,pending,2026-01-15,1,ERP
C14509,CARLOS Perez,carlos.perez@example.com,N/A,colombia,Cartagena,N/A,28,Enterprise,LAPTOP,4,209.35,837.4,active,N/A,N/A,ERP
C14510,Laura Lopez,laura.lopez@example.com,,N/A,BOGOTA,2026-09-24,67,SMB,Mouse,9,1637.0,14733.0,unknown,2026-01-15,3,ERP
C14511,Laura Sanchez,laura.sanchez@example.com,,Unknown,bogota,N/A,39,smb ,Mouse,4,753.23,3012.92,active,2026-01-15,3,ERP
C14512,maria lopez,maria.lopez@example.com,N/A,Colombia,BOGOTA,09/24/2026,43,Retail,Monitor,10,315.5,3155.0,active,2026-01-15,4,ERP
C14513, JUAN  Perez,juan.perez@example.com,+57 300 185 7622,Co,Medellín,2026/09/24,60,enterprise,laptop,9,82.53,742.77,active,15/01/2026,5,ERP
C14514,Luis GARCIA,luis.garcia@example.com,3002816197,colombia,Bogotá D.C.,09/24/2026,75,SMB,Monitor,1,600.45,600.45,ACTIVE,15/01/2026,3,ERP
C14515,Luis Garcia,luis.garcia@example.com,,Unknown,Cali,September 24 2026,37,SMB,Monitor,8,234.97,1879.76,active,N/A,1,ERP
C14516,Maria lopez,maria.lopez@example.com,,COLOMBIA,Cali,N/A,48,RETAIL,Laptop,8,1425.54,11404.32,pending,15/01/2026,3,ERP
C14517,maria Martinez,maria.martinez@example.com,300-123-4524,Unknown,Bogotá,09/24/2026,37,RETAIL,laptop,10,759.68,7596.8,PENDING,,N/A,ERP
C14518,  Luis Martinez  ,luis.martinez@example.com,N/A,COLOMBIA,Bogotá D.C.,2026/09/24,31,Retail,Chair,7,1086.56,7605.92,pending,N/A,2,ERP
C14519,Ana Garcia,ana.garcia@example.com,+573003358964,Colombia,bogota,September 24 2026,63,SMB,laptop,9,924.86,8323.74,Active,,2,ERP
C14520,Laura Sanchez,laura.sanchez@example.com,300-123-4546,COLOMBIA,Bogotá D.C.,not-a-date,63,Retail,laptop,8,701.31,5610.48,ACTIVE,2026-01-15,1,ERP
C14521,Ana Pérez,ana.pérez@example.com,+573009719622,COLOMBIA,Cartagena,2026-09-24,25,RETAIL,laptop,5,649.01,3245.05,ACTIVE,,N/A,ERP
C14522,maria GARCIA,maria.garcia@example.com,N/A,COLOMBIA,Bogotá,not-a-date,52,Enterprise,laptop,6,597.96,3587.76,inactive,,4,ERP
C14523,Juan Garcia,juan.garcia@example.com,+57 300 297 1994,N/A,Medellín,24/09/2026,30,smb ,Desk,9,1581.14,14230.26,ACTIVE,15/01/2026,,ERP
C14524,Laura Perez,laura.perez@example.com,N/A,Unknown,Bogota DC,09/24/2026,23,RETAIL,Mouse,3,1156.03,3468.09,Active,15/01/2026,5,ERP
C14525,CARLOS Lopez,carlos.lopez@example.com,3005382659,N/A,BOGOTA,24/09/2026,54,smb ,Chair,5,865.96,4329.8,PENDING,N/A,1,ERP
C14526,Diego Sanchez,missing@,+573006240968,N/A,Bogota,2026-09-24,19,enterprise,Monitor,-2,1745.01,1745.01,unknown,N/A,4,ERP
C14527,Carlos Pérez,carlos.pérez@example.com,3006030601,N/A,Bogotá D.C.,03/04/2026,23,RETAIL,Keyboard,6,1372.64,8235.84,pending,15/01/2026,,ERP
C14528,Sofia Perez,sofia.perez@example.com,N/A,Colombia,Bogota DC,N/A,999,retail,LAPTOP,5,212.64,1063.2,ACTIVE,N/A,4,ERP
C14529,Carlos Pérez,carlos.pérez@example.com,,COLOMBIA,BOGOTA,09/24/2026,63,retail,Chair,3,1153.71,3461.13,unknown,,2,ERP
C14530,Ana lopez,ana.lopez@example.com,N/A,Colombia,Bogota DC,03/04/2026,40,Retail,Laptop,5,852.46,4262.3,pending,,1,ERP
C14531,Maria Perez,maria.perez@example.com,+573001404781,Co,Bogotá,09/24/2026,70,Enterprise,Mouse,8,913.23,7305.84,ACTIVE,N/A,4,ERP
C14532,Sofia GARCIA,N/A,+57 300 962 4000,Co,Bogota DC,September 24 2026,44,enterprise,laptop,1,333.77,333.77,inactive,N/A,1,ERP
C14533,maria lopez,maria.lopez@example.com,+573004735434,Co,Bogota DC,N/A,29,retail,Desk,10,834.45,8344.5,pending,2026-01-15,,ERP
C14534,Diego Garcia,diego.garcia@example.com,,Co,Medellin,24/09/2026,56,enterprise,Keyboard,2,1343.47,2686.94,ACTIVE,2026-01-15,N/A,ERP
C14535,Carlos lopez,carlos.lopez@example.com,+573001667653,colombia,Cali,N/A,67,RETAIL,laptop,2,709.35,1418.7,ACTIVE,15/01/2026,1,ERP
C14536,Diego Garcia,diego.garcia@example.com,+57 300 308 2355,Colombia,Bogota,not-a-date,72,Enterprise,Monitor,1,1036.82,1036.82,ACTIVE,N/A,1,ERP
C14537,Diego Martinez,diego.martinez@example.com,N/A,Colombia,Barranquilla,03/04/2026,47,enterprise,Keyboard,4,1338.56,5354.24,pending,N/A,,ERP
C14538,Laura Martinez,laura.martinez@example.com,3003669187,N/A,MEDELLIN,September 24 2026,70,Enterprise,Laptop,7,1314.57,9201.99,unknown,2026-01-15,N/A,ERP
C14539,Luis Pérez,luis.pérez@example.com,+573001910229,colombia,BOGOTA,2026/09/24,48,Retail,Chair,4,915.56,3662.24,pending,15/01/2026,4,ERP
C14540,Sofia Perez,sofia.perez@example.com,+57 300 278 1291,COLOMBIA,Cali,2026/09/24,18,RETAIL,laptop,1,932.53,932.53,unknown,15/01/2026,5,ERP
C14541,  Maria Garcia  ,maria.garcia@example.com,+573001697552,Unknown,MEDELLIN,not-a-date,79,enterprise,Monitor,4,1903.37,7613.48,PENDING,15/01/2026,4,ERP
C14542,Laura Sanchez,laura.sanchez@example.com,,COLOMBIA,Bogotá,2026/09/24,37,SMB,Monitor,6,382.91,2297.46,pending,15/01/2026,4,ERP
C14543,Juan lopez,juan.lopez@example.com,+57 300 258 4511,COLOMBIA,Bogota DC,09/24/2026,36,retail,laptop,10,1260.25,12602.5,ACTIVE,2026-01-15,N/A,ERP
C14544,Laura Perez,laura.perez@example.com,,colombia,Medellín,September 24 2026,34,smb ,LAPTOP,8,1253.57,10028.56,inactive,2026-01-15,4,ERP
C14545,Diego Martinez,diego.martinez@example.com,,colombia,Medellín,N/A,59,RETAIL,Monitor,9,"905,05",8145.45,unknown,,5,ERP
C14546,Maria Lopez,maria.lopez@example.com,N/A,colombia,bogota,2026/09/24,22,Retail,Laptop,7,1550.44,10853.08,PENDING,15/01/2026,5,ERP
C14547,Luis Sanchez,luis.sanchez@example.com,+573007273464,COLOMBIA,CALI,09/24/2026,80,Enterprise,Desk,7,"1675,46",11728.22,Active,15/01/2026,N/A,ERP
C14548,Laura Pérez,laura.pérez@example.com,N/A,Colombia,MEDELLIN,September 24 2026,51,SMB,Mouse,5,382.36,1911.8,Active,2026-01-15,4,ERP
C14549,Carlos Lopez,carlos.lopez@example.com,+573002888973,Co,Bogota,2026/09/24,53,Enterprise,Laptop,7,1419.85,9938.95,pending,2026-01-15,4,ERP
C14550,Ana lopez,N/A,+57 300 237 4966,colombia,BOGOTA,24/09/2026,33,enterprise,Chair,1,743.32,743.32,PENDING,,5,ERP
C14551,Diego GARCIA,diego.garcia@example.com,3001485654,N/A,Bogotá D.C.,2026-09-24,30,smb ,Chair,2,1106.07,2212.14,active,,N/A,ERP
C14552,Ana Martinez,ana.martinez@example.com,+57 300 685 8404,Colombia,bogota,09/24/2026,50,Retail,Mouse,4,"$1,579.02",6316.08,unknown,,3,ERP
C14553,maria Martinez,maria.martinez@example.com,N/A,Unknown,Bogotá,2026-09-24,64,enterprise,Mouse,2,1626.46,3252.92,inactive,,3,ERP
C14554,maria Garcia,maria.garcia@example.com,3006107621,N/A,BOGOTA,not-a-date,28,smb ,laptop,3,1920.54,5761.62,Active,15/01/2026,4,ERP
C14555,Laura Pérez,laura.pérez@example.com,+573008379447,Co,Medellin,not-a-date,50,retail,Monitor,2,1122.83,2245.66,unknown,2026-01-15,3,ERP
C14556,  Luis Lopez  ,luis.lopez@example.com,300-123-4545,N/A,BOGOTA,2026/09/24,73,Retail,Monitor,10,1581.55,15815.5,Active,15/01/2026,1,ERP
C14557,  Diego Garcia  ,diego.garcia@example.com,+57 300 863 4286,colombia,Bogota DC,2026/09/24,69,enterprise,Desk,3,610.15,1830.45,PENDING,,3,ERP
C14558,Juan Garcia,juan.garcia@example.com,300-123-4555,N/A,Bogotá,September 24 2026,27,RETAIL,Monitor,6,731.69,4390.14,active,2026-01-15,4,ERP
C14559,Luis lopez,luis.lopez@example.com,3008619783,COLOMBIA,bogota,2026/09/24,41,Retail,laptop,2,1205.33,2410.66,PENDING,15/01/2026,1,ERP
C14560,Laura Perez,laura.perez@example.com,3003057711,colombia,Bogotá,09/24/2026,32,RETAIL,laptop,5,1267.15,6335.75,pending,N/A,4,ERP
C14561,Luis Pérez,luis.pérez@example.com,+57 300 778 7470,Colombia,Bogotá,09/24/2026,34,SMB,Laptop,3,952.62,57157.200000000004,pending,15/01/2026,1,ERP
C14562,Maria Garcia,maria.garcia@example.com,N/A,COLOMBIA,Medellín,September 24 2026,76,enterprise,Desk,10,1523.19,15231.9,active,N/A,2,ERP
C14563,Laura lopez,laura.lopez@example.com,N/A,colombia,bogota,2026/09/24,50,Retail,Desk,8,385.01,3080.08,PENDING,,4,ERP
C14564,maria Martinez,maria.martinez@example.com,,Co,MEDELLIN,2026/09/24,19,Enterprise,laptop,8,1332.23,10657.84,Active,,3,ERP
C14565,Juan Lopez,juan.lopez@example.com,3003294511,colombia,Medellín,03/04/2026,75,RETAIL,Laptop,1,1409.99,1409.99,pending,2026-01-15,N/A,ERP
C14566,Luis Perez,luis.perez@example.com,+57 300 416 9036,Co,MEDELLIN,2026/09/24,53,smb ,LAPTOP,9,119.16,1072.44,inactive,,5,ERP
C14567,Juan Martinez,juan.martinez@example.com,+573008453971,Colombia,Bogota DC,N/A,41,SMB,Desk,4,737.56,2950.24,Active,N/A,5,ERP
C14568,Maria Lopez,maria.lopez@example.com,300-123-4566,N/A,MEDELLIN,2026/09/24,30,enterprise,LAPTOP,10,1902.54,19025.4,inactive,15/01/2026,5,ERP
C14569,Diego Martinez,missing@,3004565993,Co,MEDELLIN,not-a-date,34,retail,Mouse,10,1253.31,12533.1,unknown,N/A,5,ERP
C14570,Laura Garcia,laura.garcia@example.com,N/A,Unknown,Bogota DC,24/09/2026,23,RETAIL,Monitor,7,1084.95,7594.65,unknown,2026-01-15,3,ERP
C14571,Juan lopez,juan.lopez@example.com,+57 300 399 9776,Co,Barranquilla,not-a-date,53,Enterprise,LAPTOP,7,1308.47,9159.29,Active,15/01/2026,4,ERP
C14572,Laura Garcia,laura.garcia@example.com,,colombia,Cartagena,2026/09/24,54,enterprise,LAPTOP,4,193.04,772.16,inactive,15/01/2026,1,ERP
C14573, JUAN  GARCIA,juan.garcia@example.com,N/A,Colombia,Bogota DC,not-a-date,19,retail,Keyboard,1,1907.82,1907.82,PENDING,2026-01-15,N/A,ERP
C14574,maria Martinez,maria.martinez@example.com,+57 300 148 1016,Colombia,CALI,September 24 2026,74,SMB,Monitor,9,348.11,3132.99,ACTIVE,15/01/2026,4,ERP
C14575,CARLOS Martinez,carlos.martinez@example.com,+57 300 965 1711,Colombia,Barranquilla,2026-09-24,35,smb ,Laptop,9,363.47,3271.23,unknown,N/A,N/A,ERP
C14576,Laura Garcia,user@@example.com,N/A,Unknown,bogota,2026/09/24,67,smb ,Monitor,10,1432.27,14322.7,PENDING,2026-01-15,5,ERP
C14577,  Luis GARCIA  ,luis.garcia@example.com,,Co,Cali,24/09/2026,39,SMB,Desk,2,122.25,244.5,active,15/01/2026,5,ERP
C14578, JUAN  Sanchez,juan.sanchez@example.com,3004722577,Colombia,Cartagena,not-a-date,31,smb ,Keyboard,9,407.9,3671.1,ACTIVE,15/01/2026,N/A,ERP
C14579,Diego Garcia,diego.garcia@example.com,300-123-4531,Colombia,MEDELLIN,N/A,49,RETAIL,Desk,6,1835.81,11014.86,unknown,,3,ERP
C14580,Diego Garcia,diego.garcia@example.com,3006676160,Co,Bogota DC,24/09/2026,70,Retail,laptop,1,1221.88,1221.88,unknown,,2,ERP
C14581, JUAN  Perez,juan.perez@example.com,+57 300 817 8487,N/A,Bogotá D.C.,September 24 2026,27,smb ,laptop,8,"310,6",2484.8,Active,2026-01-15,N/A,ERP
C14582,Maria Lopez,maria.lopez@example.com,,N/A,Bogota DC,not-a-date,62,RETAIL,Chair,2,844.87,1689.74,Active,2026-01-15,2,ERP
C14583, JUAN  Pérez,juan.pérez@example.com,+573003618877,colombia,BOGOTA,2026-09-24,42,SMB,Monitor,2,1245.02,2490.04,PENDING,2026-01-15,1,ERP
C14584,Diego lopez,diego.lopez@example.com,+57 300 801 4043,Unknown,Medellín,09/24/2026,30,retail,Laptop,7,950.95,6656.65,inactive,,1,ERP
C14585,Sofia lopez,sofia.lopez@example.com,+573005362695,N/A,Bogota DC,24/09/2026,77,Retail,Chair,7,"$1,964.67",13752.69,unknown,N/A,2,ERP
C14586,Luis Garcia,luis.garcia@example.com,3004351418,COLOMBIA,Bogota,not-a-date,69,Enterprise,Keyboard,7,1085.39,7597.73,active,2026-01-15,N/A,ERP
C14587,Sofia Perez,sofia.perez@example.com,300-123-4579,N/A,Bogota,2026/09/24,38,Enterprise,laptop,3,1943.13,5829.39,active,15/01/2026,2,ERP
C14588,Maria Sanchez,maria.sanchez@example.com,N/A,N/A,Bogota,03/04/2026,22,smb ,Monitor,10,816.9,8169.0,ACTIVE,,5,ERP
C14589,CARLOS Martinez,?,null,N/A,,September 24 2026,76,RETAIL,LAPTOP,2,1760.81,3521.62,PENDING,15/01/2026,,ERP
C14590,Ana Lopez,ana.lopez@example.com,300-123-4548,colombia,Bogota,not-a-date,31,Enterprise,Desk,8,553.98,4431.84,inactive,15/01/2026,1,ERP
C14591,Sofia Perez,sofia.perez@example.com,3007646058,Co,Cartagena,2026-09-24,63,SMB,Desk,6,1223.21,7339.26,PENDING,2026-01-15,N/A,ERP
C14592,Diego Martinez,missing@,3009875400,Unknown,CALI,09/24/2026,46,Retail,LAPTOP,7,547.27,3830.89,ACTIVE,2026-01-15,1,ERP
C14593,Sofia Garcia,sofia.garcia@example.com,N/A,Co,Barranquilla,2026/09/24,41,Retail,LAPTOP,3,1149.52,3448.56,PENDING,,N/A,ERP
C14594, JUAN  lopez,missing@,300-123-4569,N/A,bogota,09/24/2026,40,enterprise,Mouse,7,951.82,6662.74,active,15/01/2026,N/A,ERP
C14595,Carlos Martinez,carlos.martinez@example.com,N/A,COLOMBIA,MEDELLIN,N/A,47,enterprise,LAPTOP,6,1533.71,9202.26,PENDING,15/01/2026,3,ERP
C14596,CARLOS Sanchez,carlos.sanchez@example.com,,COLOMBIA,bogota,03/04/2026,65,retail,Chair,5,675.1,3375.5,inactive,,3,ERP
C14597, JUAN  Perez,juan.perez@example.com,300-123-4584,Unknown,Bogotá,03/04/2026,38,enterprise,Keyboard,7,36.38,254.66,inactive,15/01/2026,N/A,ERP
C14598,  Sofia Sanchez  ,sofia.sanchez@example.com,,COLOMBIA,Cali,03/04/2026,33,Enterprise,Mouse,8,1879.09,15032.72,PENDING,15/01/2026,1,ERP
C14599,Laura GARCIA,laura.garcia@example.com,+57 300 416 2462,COLOMBIA,Cali,not-a-date,39,Retail,Laptop,9,1434.91,12914.19,Active,N/A,,ERP
C14600, JUAN  Garcia,juan.garcia@example.com,N/A,N/A,Bogotá D.C.,N/A,74,smb ,Chair,10,1811.07,18110.7,unknown,2026-01-15,N/A,ERP
C14601,maria Perez,maria.perez@example.com,+573009099387,N/A,bogota,09/24/2026,58,RETAIL,Desk,3,937.57,2812.71,PENDING,2026-01-15,1,ERP
C14602,Carlos GARCIA,carlos.garcia@example.com,N/A,COLOMBIA,Cartagena,N/A,44,enterprise,laptop,8,1748.88,13991.04,pending,15/01/2026,4,ERP
C14603,Diego Sanchez,diego.sanchez@example.com,3002279763,colombia,MEDELLIN,2026-09-24,39,SMB,Laptop,1,721.4,721.4,PENDING,,4,ERP
C14604,Maria lopez,maria.lopez@example.com,,Colombia,bogota,not-a-date,30,enterprise,LAPTOP,3,1290.64,3871.92,PENDING,15/01/2026,N/A,ERP
C14605,CARLOS Martinez,user@@example.com,+573004460064,Co,Barranquilla,09/24/2026,49,Enterprise,laptop,9,1223.86,11014.74,PENDING,15/01/2026,2,ERP
C14606,Luis Garcia,luis.garcia@example.com,3005970456,colombia,Medellin,2026-09-24,34,enterprise,Laptop,3,1487.0,4461.0,ACTIVE,2026-01-15,N/A,ERP
C14607,Carlos GARCIA, user@EXAMPLE.COM ,+573007846630,Co,Cartagena,09/24/2026,34,SMB,Laptop,4,1877.49,7509.96,inactive,N/A,3,ERP
C14608,Diego Martinez, user@EXAMPLE.COM ,N/A,N/A,Bogota,September 24 2026,58,enterprise,LAPTOP,5,1554.51,7772.55,Active,15/01/2026,N/A,ERP
C14609,Laura Garcia,laura.garcia@example.com,,Colombia,Barranquilla,September 24 2026,33,Retail,Monitor,10,1149.9,11499.0,ACTIVE,15/01/2026,,ERP
C14610,CARLOS GARCIA,CARLOS.GARCIA@EXAMPLE.COM,N/A,Co,bogota,N/A,26,RETAIL,LAPTOP,1,1407.51,1407.51,pending,2026-01-15,1,ERP
C14611, JUAN  lopez,juan.lopez@example.com,300-123-4571,COLOMBIA,Cali,N/A,67,RETAIL,Desk,3,186.7,560.1,inactive,,1,ERP
C14612,Luis Martinez,luis.martinez@example.com,300-123-4541,colombia,Medellin,2026-09-24,33,smb ,Mouse,2,1723.38,3446.76,unknown,,1,ERP
C14613,Juan GARCIA,juan.garcia@example.com,+573005799685,N/A,Medellin,September 24 2026,65,RETAIL,Chair,6,1826.56,10959.36,pending,,2,ERP
C14614,Maria lopez,maria.lopez@example.com,3007290900,N/A,CALI,September 24 2026,37,SMB,Desk,5,98.35,491.75,active,15/01/2026,5,ERP
C14615,maria Martinez,maria.martinez@example.com,3008493519,Unknown,CALI,not-a-date,36,SMB,LAPTOP,8,205.0,1640.0,ACTIVE,N/A,N/A,ERP
C14616,Luis GARCIA,luis.garcia@example.com,3001126292,Unknown,Bogotá,September 24 2026,23,enterprise,Desk,4,954.15,3816.6,ACTIVE,N/A,N/A,ERP
C14617,Laura Sanchez,laura.sanchez@example.com,,Colombia,Barranquilla,03/04/2026,80,enterprise,Mouse,10,1158.41,11584.1,ACTIVE,,2,ERP
C14618,Luis Garcia,luis.garcia@example.com,N/A,Co,Medellin,not-a-date,71,enterprise,Keyboard,8,1129.07,9032.56,PENDING,,1,ERP
C14619,maria Martinez,maria.martinez@example.com,,Colombia,Bogotá D.C.,09/24/2026,25,RETAIL,Laptop,9,1925.23,17327.07,Active,N/A,1,ERP
C14620,maria Perez,maria.perez@example.com,+57 300 359 4894,colombia,Bogota,2026-09-24,79,retail,LAPTOP,2,N/A,1807.56,inactive,,2,ERP
C14621,Juan GARCIA,juan.garcia@example.com,,colombia,Bogota,2026-09-24,55,SMB,Monitor,2,179.09,358.18,active,,3,ERP
C14622, JUAN  Pérez,juan.pérez@example.com,+573002449681,Colombia,MEDELLIN,2026-09-24,77,Enterprise,Laptop,9,1090.59,9815.31,Active,15/01/2026,4,ERP
C14623,  Ana lopez  ,ana.lopez@example.com,3002510193,Colombia,CALI,N/A,32,enterprise,Laptop,10,1598.98,15989.8,Active,N/A,,ERP
C14624,Juan Pérez,juan.pérez@example.com,300-123-4547,COLOMBIA,Bogotá,N/A,56,smb ,Desk,2,332.72,665.44,ACTIVE,15/01/2026,4,ERP
C14625,Carlos Lopez,carlos.lopez@example.com,+573003322452,COLOMBIA,Medellín,24/09/2026,27,Enterprise,Mouse,8,1415.02,11320.16,active,2026-01-15,N/A,ERP
C14626, JUAN  Pérez,juan.pérez@example.com,N/A,Colombia,Bogota,N/A,78,Enterprise,Monitor,9,1014.52,9130.68,inactive,N/A,2,ERP
C14627,Diego Lopez,diego.lopez@example.com,3003590636,Colombia,bogota,09/24/2026,29,retail,Desk,2,120.73,241.46,PENDING,,2,ERP
C14628,maria Pérez,maria.pérez@example.com,300-123-4543,Co,Cali,24/09/2026,77,Enterprise,Desk,10,751.71,7517.1,pending,,2,ERP
C14629,Laura Lopez,laura.lopez@example.com,300-123-4520,N/A,Bogotá,N/A,48,enterprise,Laptop,6,332.89,1997.34,ACTIVE,N/A,1,ERP
C14630,Sofia Martinez,sofia.martinez@example.com,,colombia,Medellin,24/09/2026,50,enterprise,Laptop,5,205.81,1029.05,inactive,,4,ERP
C14631,Diego Martinez,diego.martinez@example.com,300-123-4591,colombia,Cartagena,N/A,24,RETAIL,laptop,9,429.94,3869.46,ACTIVE,15/01/2026,3,ERP
C14632,Luis GARCIA,luis.garcia@example.com,N/A,Colombia,Bogotá D.C.,2026-09-24,19,smb ,Monitor,8,152.68,1221.44,PENDING,,3,ERP
C14633, JUAN  Lopez,juan.lopez@example.com,,COLOMBIA,CALI,03/04/2026,55,enterprise,LAPTOP,6,622.21,3733.26,Active,N/A,1,ERP
C14634,Luis GARCIA,luis.garcia@example.com,,COLOMBIA,Bogota,24/09/2026,73,enterprise,Mouse,2,654.39,1308.78,Active,15/01/2026,N/A,ERP
C14635,Ana Lopez,ana.lopez@example.com,300-123-4517,Colombia,Bogota,not-a-date,78,RETAIL,Chair,7,512.55,3587.85,ACTIVE,2026-01-15,4,ERP
C14636, JUAN  Lopez,juan.lopez@example.com,+573009042059,colombia,BOGOTA,2026/09/24,18,RETAIL,Keyboard,9,40.52,364.68,pending,15/01/2026,4,ERP
C14637,Carlos lopez,carlos.lopez@example.com,,Colombia,Cali,2026/09/24,21,RETAIL,Monitor,1,1426.76,1426.76,inactive,,4,ERP
C14638,Sofia Perez,?,null,Unknown,,24/09/2026,30,retail,LAPTOP,6,91.81,550.86,ACTIVE,2026-01-15,1,ERP
C14639,Juan Lopez,juan.lopez@example.com,N/A,colombia,Bogotá D.C.,24/09/2026,70,RETAIL,laptop,10,$508.16,5081.6,Active,2026-01-15,4,ERP
C14640,Maria GARCIA,maria.garcia@example.com,,Co,Barranquilla,24/09/2026,49,SMB,laptop,9,1267.68,11409.12,inactive,2026-01-15,2,ERP
C14641,Ana lopez,ana.lopez@example.com,N/A,Colombia,Barranquilla,2026-09-24,33,retail,Chair,7,1442.67,10098.69,PENDING,,1,ERP
C14642,Laura Lopez,,300-123-4526,Unknown,Cali,N/A,79,SMB,Laptop,3,1459.66,-4378.98,ACTIVE,N/A,5,ERP
C14643,Juan lopez,juan.lopez@example.com,N/A,Colombia,Bogota,03/04/2026,31,enterprise,LAPTOP,5,528.22,2641.1,unknown,15/01/2026,1,ERP
C14644,maria Garcia,maria.garcia@example.com,N/A,Unknown,Bogotá,not-a-date,57,smb ,LAPTOP,8,1640.03,13120.24,inactive,2026-01-15,5,ERP
C14645,maria lopez,maria.lopez@example.com,300-123-4531,Co,Cali,not-a-date,19,RETAIL,laptop,7,1017.81,7124.67,pending,,3,ERP
C14646,maria Garcia,maria.garcia@example.com,N/A,Unknown,Cali,not-a-date,25,Enterprise,Mouse,6,989.6,5937.6,inactive,N/A,3,ERP
C14647,  Juan lopez  ,,,Unknown,BOGOTA,not-a-date,49,Retail,LAPTOP,10,N/A,3885.8,unknown,15/01/2026,3,ERP
C14648, JUAN  lopez,N/A,N/A,Co,Bogotá D.C.,24/09/2026,65,Enterprise,Mouse,5,1725.69,8628.45,pending,15/01/2026,N/A,ERP
C14649,Diego Perez,diego.perez@example.com,N/A,Colombia,Medellin,N/A,20,smb ,Desk,8,604.08,4832.64,inactive,N/A,,ERP
C14650,CARLOS Martinez,carlos.martinez@example.com,+57 300 488 1041,Co,Bogota DC,09/24/2026,22,Enterprise,laptop,5,187.26,936.3,inactive,15/01/2026,2,ERP
C14651,  Maria Martinez  ,maria.martinez@example.com,,Co,Medellín,September 24 2026,46,Enterprise,LAPTOP,7,"204,38",1430.66,inactive,,N/A,ERP
C14652,Juan Pérez,juan.pérez@example.com,+573003584552,COLOMBIA,Medellín,2026-09-24,35,smb ,Chair,4,1559.52,6238.08,ACTIVE,,1,ERP
C10001,Sofia Perez,sofia.perez@example.com,N/A,colombia,bogota,24/09/2026,78,Retail,Mouse,6,N/A,1700.04,ACTIVE,,4,ERP
C14654, JUAN  Sanchez,juan.sanchez@example.com,,Unknown,MEDELLIN,September 24 2026,22,RETAIL,Keyboard,7,1549.73,10848.11,ACTIVE,N/A,3,ERP
C14655, JUAN  Garcia,juan.garcia@example.com,N/A,COLOMBIA,Cartagena,September 24 2026,26,smb ,laptop,-2,1180.23,1180.23,active,N/A,N/A,ERP
C14656,CARLOS Martinez,CARLOS.MARTINEZ@EXAMPLE.COM,3009881993,Unknown,Cartagena,2026/09/24,68,smb ,Keyboard,5,1014.27,5071.35,inactive,N/A,,ERP
C14657,Diego GARCIA,diego.garcia@example.com,300-123-4552,Unknown,Bogotá D.C.,24/09/2026,57,retail,Keyboard,4,115.11,460.44,ACTIVE,,1,ERP
C14658,maria Lopez,maria.lopez@example.com,+573003319710,Co,MEDELLIN,September 24 2026,18,smb ,Desk,3,922.34,2767.02,active,,5,ERP
C14659, JUAN  Perez,JUAN.PEREZ@EXAMPLE.COM,300-123-4516,colombia,Medellin,N/A,44,enterprise,Desk,4,803.07,3212.28,active,15/01/2026,2,ERP
C14660,Diego lopez,diego.lopez@example.com,,Unknown,Bogota DC,2026-09-24,77,retail,Keyboard,1,840.87,840.87,PENDING,2026-01-15,5,ERP
C14661,Laura Perez,laura.perez@example.com,3005728941,Colombia,CALI,09/24/2026,61,enterprise,LAPTOP,5,231.11,1155.55,PENDING,,N/A,ERP
C14662,Juan GARCIA,juan.garcia@example.com,3004574484,COLOMBIA,Medellin,09/24/2026,63,SMB,Laptop,4,$224.78,899.12,ACTIVE,2026-01-15,4,ERP
C14663,maria lopez,maria.lopez@example.com,N/A,Co,BOGOTA,N/A,57,SMB,Mouse,8,600.15,4801.2,pending,N/A,4,ERP
C14664,maria Martinez,maria.martinez@example.com,+57 300 455 7639,Colombia,Bogota,09/24/2026,20,Enterprise,Keyboard,7,762.37,5336.59,Active,15/01/2026,4,ERP
C14665,maria GARCIA,MARIA.GARCIA@EXAMPLE.COM,3009726579,colombia,Barranquilla,03/04/2026,47,Enterprise,Mouse,9,651.33,5861.97,unknown,15/01/2026,1,ERP
C14666,Diego Lopez,diego.lopez@example.com,N/A,Colombia,bogota,not-a-date,24,retail,Chair,9,781.37,7032.33,inactive,N/A,5,ERP
C14667,Diego Garcia,diego.garcia@example.com,300-123-4578,colombia,Bogota DC,N/A,72,smb ,Desk,3,1605.59,4816.77,inactive,N/A,3,ERP
C14668,maria Martinez,maria.martinez@example.com,+573009594097,Co,MEDELLIN,09/24/2026,56,Retail,LAPTOP,3,1161.53,3484.59,Active,,5,ERP
C14669,Carlos Sanchez,carlos.sanchez@example.com,300-123-4515,COLOMBIA,BOGOTA,2026/09/24,46,enterprise,Chair,4,741.58,2966.32,unknown,2026-01-15,3,ERP
C14670,Sofia Pérez, user@EXAMPLE.COM ,N/A,Unknown,BOGOTA,09/24/2026,36,Enterprise,LAPTOP,5,1617.2,161720.0,unknown,N/A,4,ERP
C14671,Maria Lopez,maria.lopez@example.com,3003726041,Co,Bogotá D.C.,2026-09-24,28,Enterprise,Chair,7,793.27,5552.89,PENDING,,4,ERP
C14672,Carlos Lopez,carlos.lopez@example.com,N/A,COLOMBIA,CALI,September 24 2026,37,smb ,Mouse,1,191.47,191.47,PENDING,N/A,4,ERP
C14673,Sofia Perez,sofia.perez@example.com,+573003479713,Co,MEDELLIN,03/04/2026,24,retail,Mouse,4,1590.36,6361.44,inactive,,5,ERP
C14674,  Ana lopez  ,ana.lopez@example.com,,COLOMBIA,bogota,24/09/2026,54,Enterprise,Monitor,8,361.85,2894.8,active,N/A,1,ERP
C14675,Maria GARCIA,maria.garcia@example.com,300-123-4552,Co,Bogotá D.C.,03/04/2026,70,Retail,laptop,9,625.03,5625.27,PENDING,N/A,3,ERP
C14676,Juan Pérez,juan.pérez@example.com,3004716600,Unknown,Bogota,September 24 2026,41,smb ,Desk,1,1226.58,1226.58,inactive,,,ERP
C14677,  Diego Martinez  ,diego.martinez@example.com,3002970628,COLOMBIA,Bogotá D.C.,not-a-date,52,retail,Desk,3,N/A,2094.75,inactive,2026-01-15,1,ERP
C14678,Ana Sanchez,ana.sanchez@example.com,+573004438686,Colombia,Cartagena,2026-09-24,59,enterprise,Chair,4,714.48,2857.92,active,N/A,,ERP
C14679,Juan lopez,juan.lopez@example.com,+57 300 892 7216,Colombia,CALI,N/A,57,retail,Laptop,6,569.64,3417.84,PENDING,2026-01-15,,ERP
C14680,Diego Martinez,diego.martinez@example.com,+573004864559,COLOMBIA,Bogotá D.C.,09/24/2026,27,retail,Mouse,8,706.13,5649.04,ACTIVE,N/A,,ERP
C14681,Sofia Sanchez,sofia.sanchez@example.com,+573007228843,colombia,Bogotá,03/04/2026,200,RETAIL,laptop,3,$625.08,1875.24,active,N/A,4,ERP
C14682,Laura Sanchez,laura.sanchez@example.com,,COLOMBIA,Bogotá D.C.,2026/09/24,75,SMB,laptop,6,393.31,2359.86,ACTIVE,15/01/2026,5,ERP
C14683,Maria lopez,maria.lopez@example.com,N/A,colombia,Medellin,09/24/2026,26,RETAIL,Keyboard,6,1857.15,11142.9,active,2026-01-15,N/A,ERP
C14684,Juan lopez,juan.lopez@example.com,+57 300 185 2074,Colombia,CALI,not-a-date,70,Retail,Chair,2,288.68,577.36,Active,N/A,2,ERP
C14685,Laura Garcia,laura.garcia@example.com,300-123-4524,Co,bogota,2026/09/24,67,RETAIL,Chair,6,1033.11,6198.66,ACTIVE,N/A,2,ERP
C14686,Carlos Perez,carlos.perez@example.com,300-123-4582,Co,Bogotá,2026-09-24,35,SMB,LAPTOP,5,925.86,4629.3,active,2026-01-15,1,ERP
C14687,Laura Garcia,laura.garcia@example.com,300-123-4578,Co,Cartagena,03/04/2026,60,smb ,Mouse,5,$123.05,615.25,pending,N/A,3,ERP
C14688,Juan GARCIA,juan.garcia@example.com,+573009413073,colombia,Cali,24/09/2026,32,Retail,Laptop,8,1280.55,10244.4,unknown,15/01/2026,4,ERP
C14689,Diego Sanchez,diego.sanchez@example.com,300-123-4554,Co,CALI,N/A,30,smb ,Desk,10,$290.65,2906.5,Active,2026-01-15,4,ERP
C14690,Ana Martinez,ana.martinez@example.com,+57 300 954 5916,COLOMBIA,Bogota,03/04/2026,20,Retail,Monitor,7,107.41,751.87,PENDING,N/A,,ERP
C14691,Sofia Martinez,sofia.martinez@example.com,,colombia,Bogotá,24/09/2026,73,enterprise,laptop,8,1452.52,11620.16,ACTIVE,,,ERP
C14692, JUAN  lopez,juan.lopez@example.com,300-123-4574,Colombia,Cartagena,09/24/2026,28,retail,laptop,2,528.32,1056.64,Active,,4,ERP
C14693,Maria Sanchez,maria.sanchez@example.com,N/A,N/A,Medellin,24/09/2026,50,enterprise,laptop,5,811.31,4056.55,active,N/A,N/A,ERP
C14694, JUAN  Pérez,juan.pérez@example.com,+573007888476,COLOMBIA,Medellin,2026-09-24,78,enterprise,laptop,8,1515.53,12124.24,ACTIVE,N/A,4,ERP
C14695,CARLOS Sanchez,carlos.sanchez@example.com,,Colombia,Bogota,not-a-date,31,enterprise,laptop,7,322.57,2257.99,ACTIVE,N/A,1,ERP
C14696,Laura GARCIA,laura.garcia@example.com,+57 300 297 3546,Co,Medellín,09/24/2026,22,Retail,Keyboard,10,560.43,5604.3,PENDING,,5,ERP
C14697,Diego Martinez,diego.martinez@example.com,+573005771566,COLOMBIA,CALI,03/04/2026,25,Enterprise,Mouse,6,N/A,5548.38,Active,15/01/2026,1,ERP
C14698,  maria Perez  ,maria.perez@example.com,+57 300 494 6910,colombia,Cartagena,03/04/2026,57,SMB,Monitor,10,1346.87,13468.7,unknown,,3,ERP
C14699,Ana lopez,ana.lopez@example.com,3001279602,Co,Bogotá D.C.,not-a-date,51,Enterprise,LAPTOP,7,1170.6,8194.2,active,N/A,2,ERP
C14700,Carlos lopez,carlos.lopez@example.com,+57 300 575 7938,COLOMBIA,bogota,2026/09/24,49,SMB,Mouse,1,1198.58,1198.58,unknown,,2,ERP
C14701,Juan Perez,juan.perez@example.com,,COLOMBIA,CALI,N/A,42,Retail,Mouse,8,88.61,708.88,pending,2026-01-15,N/A,ERP
C14702,Carlos Martinez,carlos.martinez@example.com,+573005565164,Co,Bogotá,2026-09-24,38,SMB,Keyboard,1,1585.95,1585.95,Active,N/A,,ERP
C14703,Laura Sanchez,laura.sanchez@example.com,N/A,Colombia,Cartagena,03/04/2026,200,enterprise,Chair,10,765.71,-7657.1,inactive,,5,ERP
C14704,maria Lopez,maria.lopez@example.com,+573009234078,Unknown,MEDELLIN,not-a-date,26,enterprise,LAPTOP,3,862.38,2587.14,unknown,,4,ERP
C14705,Luis Martinez,luis.martinez@example.com,+57 300 149 3770,colombia,BOGOTA,September 24 2026,48,SMB,LAPTOP,2,487.14,974.28,PENDING,N/A,N/A,ERP
C14706, JUAN  Lopez,juan.lopez@example.com,+57 300 394 6263,N/A,CALI,2026/09/24,70,retail,Monitor,10,1750.4,17504.0,Active,15/01/2026,5,ERP
C14707,maria GARCIA,maria.garcia@example.com,3009816094,Colombia,CALI,N/A,35,retail,LAPTOP,4,1389.2,5556.8,inactive,15/01/2026,2,ERP
C14708,Ana Garcia,?,null,COLOMBIA,,September 24 2026,59,enterprise,Desk,10,1374.28,13742.8,inactive,,,ERP
C14709,Laura Garcia,laura.garcia@example.com,300-123-4546,N/A,Bogota DC,N/A,71,Enterprise,Keyboard,1,1588.18,1588.18,ACTIVE,15/01/2026,5,ERP
C14710,Luis lopez,luis.lopez@example.com,+57 300 694 7066,Co,Medellin,03/04/2026,33,Retail,Chair,8,103.02,824.16,ACTIVE,N/A,5,ERP
C14711,Luis lopez,luis.lopez@example.com,,Unknown,Cali,N/A,63,retail,Monitor,8,1637.4,13099.2,PENDING,15/01/2026,,ERP
C14712,Juan Pérez,juan.pérez@example.com,3003076798,Co,Cali,2026-09-24,67,Enterprise,Keyboard,9,472.63,4253.67,pending,N/A,2,ERP
C14713,Luis Sanchez,luis.sanchez@example.com,300-123-4565,colombia,Cartagena,N/A,45,SMB,Mouse,10,1978.18,19781.8,pending,,4,ERP
C14714, JUAN  Martinez,juan.martinez@example.com,3006416235,Colombia,Bogotá D.C.,September 24 2026,51,RETAIL,Laptop,9,1403.12,12628.08,unknown,N/A,1,ERP
C14715,Maria Lopez,maria.lopez@example.com,300-123-4567,Unknown,Barranquilla,24/09/2026,19,enterprise,Laptop,5,1324.51,6622.55,ACTIVE,,1,ERP
C14716,Ana Martinez,ana.martinez@example.com,,Unknown,MEDELLIN,09/24/2026,41,Enterprise,Keyboard,1,671.99,671.99,PENDING,N/A,5,ERP
C14717,CARLOS Lopez,carlos.lopez@example.com,+573004668836,N/A,bogota,2026-09-24,75,RETAIL,Keyboard,7,1451.28,10158.96,active,15/01/2026,,ERP
C14718,Luis Perez,luis.perez@example.com,+57 300 729 6715,Unknown,Bogota DC,03/04/2026,30,smb ,Mouse,9,196.58,1769.22,inactive,15/01/2026,1,ERP
C14719,Ana Sanchez,ana.sanchez@example.com,3005626703,N/A,Cali,09/24/2026,34,Retail,Monitor,6,$135.13,810.78,inactive,15/01/2026,3,ERP
C14720,Juan Lopez,juan.lopez@example.com,,Unknown,Barranquilla,not-a-date,-5,SMB,Desk,4,502.78,2011.12,unknown,15/01/2026,1,ERP
C14721,  Carlos Sanchez  ,carlos.sanchez@example.com,,Colombia,Cartagena,September 24 2026,65,SMB,Chair,10,375.38,3753.8,unknown,15/01/2026,1,ERP
C14722,Luis Pérez,luis.pérez@example.com,+57 300 992 9813,COLOMBIA,Barranquilla,09/24/2026,38,retail,Desk,10,1505.05,15050.5,unknown,,N/A,ERP
C14723,Maria GARCIA,maria.garcia@example.com,300-123-4538,N/A,Cali,03/04/2026,51,smb ,Chair,3,1952.74,5858.22,ACTIVE,,5,ERP
C14724, JUAN  lopez,juan.lopez@example.com,,colombia,Barranquilla,2026-09-24,23,enterprise,laptop,-2,807.95,807.95,pending,,4,ERP
C14725,Juan GARCIA,juan.garcia@example.com,+57 300 398 5779,colombia,bogota,03/04/2026,27,Enterprise,Keyboard,8,541.2,4329.6,unknown,N/A,,ERP
C14726,Maria GARCIA,maria.garcia@example.com,+57 300 678 3888,Colombia,Bogota,September 24 2026,58,smb ,Mouse,6,1632.15,9792.9,Active,2026-01-15,N/A,ERP
C14727,  maria lopez  ,maria.lopez@example.com,N/A,Co,Cali,24/09/2026,68,enterprise,Desk,7,309.28,2164.96,active,N/A,3,ERP
C14728,Juan Sanchez,juan.sanchez@example.com,3002810740,N/A,Medellín,September 24 2026,46,SMB,LAPTOP,5,1009.21,5046.05,Active,,1,ERP
C14729,Juan lopez,juan.lopez@example.com,+57 300 357 7160,Unknown,Bogotá D.C.,N/A,24,enterprise,Laptop,9,904.89,8144.01,unknown,,1,ERP
C14730,CARLOS GARCIA,carlos.garcia@example.com,+573008693151,N/A,Cali,03/04/2026,29,SMB,Mouse,2,353.35,706.7,pending,,N/A,ERP
C14731,Ana Sanchez,ana.sanchez@example.com,+573005809931,COLOMBIA,BOGOTA,24/09/2026,70,enterprise,LAPTOP,7,327.82,2294.74,unknown,2026-01-15,5,ERP
C14732,Laura Lopez,laura.lopez@example.com,N/A,colombia,CALI,2026/09/24,75,smb ,LAPTOP,3,597.72,1793.16,active,15/01/2026,N/A,ERP
C14733,Juan Sanchez,juan.sanchez@example.com,+57 300 688 3730,colombia,MEDELLIN,N/A,63,Retail,laptop,7,374.04,2618.28,inactive,2026-01-15,,ERP
C14734,Laura Pérez,laura.pérez@example.com,N/A,Co,Bogotá D.C.,September 24 2026,62,enterprise,LAPTOP,3,792.05,2376.15,PENDING,15/01/2026,3,ERP
C14735,Diego Garcia,diego.garcia@example.com,3004444040,N/A,CALI,24/09/2026,29,Enterprise,Chair,9,1788.11,16092.99,pending,2026-01-15,2,ERP
C14736, JUAN  Garcia,juan.garcia@example.com,300-123-4524,Unknown,Cartagena,03/04/2026,24,Retail,laptop,8,613.06,4904.48,ACTIVE,2026-01-15,,ERP
C14737,Luis Pérez,LUIS.PÉREZ@EXAMPLE.COM,3002247026,COLOMBIA,Bogota,not-a-date,46,Retail,Laptop,4,N/A,2317.64,Active,15/01/2026,3,ERP
C14738,Juan Sanchez,juan.sanchez@example.com,+57 300 415 9744,Co,Bogotá,09/24/2026,54,Retail,Desk,9,1111.88,10006.92,ACTIVE,15/01/2026,,ERP
C14739,Laura GARCIA,laura.garcia@example.com,,Unknown,CALI,2026/09/24,58,RETAIL,Chair,4,296.94,1187.76,Active,N/A,5,ERP
C14740,Laura Pérez,laura.pérez@example.com,N/A,COLOMBIA,Bogota DC,09/24/2026,27,retail,Mouse,-2,1612.16,1612.16,PENDING,15/01/2026,4,ERP
C14741,CARLOS Perez,carlos.perez@example.com,+573009377489,Co,Barranquilla,24/09/2026,-5,enterprise,LAPTOP,4,722.58,2890.32,PENDING,N/A,2,ERP
C14742,Maria GARCIA,,,Unknown,BOGOTA,03/04/2026,31,enterprise,Desk,4,"1104,31",4417.24,ACTIVE,15/01/2026,4,ERP
C14743,maria Pérez,maria.pérez@example.com,3007033631,Colombia,Bogota DC,2026-09-24,20,smb ,LAPTOP,5,536.78,2683.9,unknown,15/01/2026,N/A,ERP
C14744,Laura Martinez,laura.martinez@example.com,+573003946749,COLOMBIA,bogota,N/A,64,SMB,Laptop,9,1860.5,16744.5,pending,N/A,3,ERP
C14745,Luis Sanchez,luis.sanchez@example.com,N/A,colombia,Bogotá D.C.,September 24 2026,76,smb ,Monitor,8,1322.99,10583.92,unknown,N/A,5,ERP
C14746,Maria Garcia,maria.garcia@example.com,N/A,Co,Cartagena,September 24 2026,25,SMB,LAPTOP,5,1139.19,5695.95,Active,,4,ERP
C14747,Luis Perez,luis.perez@example.com,,Unknown,BOGOTA,2026-09-24,47,RETAIL,laptop,6,1307.76,7846.56,inactive,,3,ERP
C14748,Maria Lopez,maria.lopez@example.com,,COLOMBIA,Medellín,24/09/2026,56,Enterprise,Monitor,2,1426.85,2853.7,active,N/A,,ERP
C14749,Sofia Sanchez,sofia.sanchez@example.com,+573005552185,COLOMBIA,Bogota,03/04/2026,51,smb ,laptop,8,465.26,3722.08,unknown,2026-01-15,N/A,ERP
C14750,CARLOS Lopez,carlos.lopez@example.com,+573003473823,COLOMBIA,Bogota DC,09/24/2026,22,retail,Mouse,8,635.4,5083.2,inactive,15/01/2026,2,ERP
C14751,Ana Garcia,ana.garcia@example.com,+573005306993,Colombia,Medellin,09/24/2026,-5,Retail,laptop,3,247.93,743.79,ACTIVE,2026-01-15,,ERP
C14752,Juan Sanchez,JUAN.SANCHEZ@EXAMPLE.COM,3008481666,Colombia,Cartagena,N/A,31,Retail,Laptop,3,1845.72,5537.16,pending,15/01/2026,3,ERP
C14753,Sofia Perez,sofia.perez@example.com,,COLOMBIA,Barranquilla,24/09/2026,23,enterprise,LAPTOP,4,"$1,787.59",7150.36,unknown,15/01/2026,2,ERP
C14754,Laura Garcia,laura.garcia@example.com,+573004379196,colombia,Cartagena,September 24 2026,60,Enterprise,laptop,1,N/A,380.19,PENDING,2026-01-15,3,ERP
C14755,Ana Garcia,ana.garcia@example.com,3005635361,Colombia,Bogotá D.C.,2026/09/24,63,enterprise,Mouse,10,1163.81,11638.1,active,N/A,5,ERP
C14756, JUAN  Pérez,juan.pérez@example.com,+573003961246,Colombia,Bogota DC,09/24/2026,36,enterprise,LAPTOP,9,1888.74,16998.66,unknown,,N/A,ERP
C14757,maria GARCIA,maria.garcia@example.com,300-123-4524,COLOMBIA,Bogota DC,2026-09-24,73,Retail,LAPTOP,4,1907.61,7630.44,ACTIVE,,5,ERP
C14758,Maria Sanchez,maria.sanchez@example.com,,N/A,Medellin,2026/09/24,-5,enterprise,Desk,4,626.53,2506.12,pending,N/A,N/A,ERP
C14759,Maria Perez,maria.perez@example.com,3009408156,Colombia,BOGOTA,September 24 2026,55,Enterprise,Monitor,4,1222.24,4888.96,active,,N/A,ERP
C14760,Laura lopez,laura.lopez@example.com,N/A,Colombia,Bogotá,09/24/2026,24,SMB,Laptop,8,265.84,2126.72,unknown,2026-01-15,5,ERP
C14761,  Maria Sanchez  ,maria.sanchez@example.com,3009410282,N/A,BOGOTA,not-a-date,35,SMB,Keyboard,3,552.16,1656.48,ACTIVE,N/A,,ERP
C14762,maria lopez,user@@example.com,300-123-4554,COLOMBIA,CALI,2026/09/24,40,RETAIL,Mouse,4,179.32,717.28,inactive,N/A,N/A,ERP
C14763,Laura Garcia,laura.garcia@example.com,+57 300 108 3020,colombia,CALI,24/09/2026,50,enterprise,Desk,3,1374.98,4124.94,active,15/01/2026,5,ERP
C14764,Laura Lopez,laura.lopez@example.com,+57 300 575 7551,COLOMBIA,MEDELLIN,September 24 2026,60,RETAIL,Chair,4,1900.2,7600.8,Active,15/01/2026,,ERP
C14765,Laura Perez,LAURA.PEREZ@EXAMPLE.COM,N/A,Colombia,Bogotá,September 24 2026,52,enterprise,LAPTOP,1,150.43,150.43,active,15/01/2026,2,ERP
C14766,Ana Perez,ana.perez@example.com,+573009200829,colombia,MEDELLIN,24/09/2026,42,SMB,Laptop,1,1217.54,1217.54,PENDING,2026-01-15,,ERP
C14767,CARLOS Sanchez,CARLOS.SANCHEZ@EXAMPLE.COM,+57 300 249 7829,Unknown,Medellin,N/A,46,smb ,LAPTOP,6,"830,93",4985.58,ACTIVE,,5,ERP
C14768,Diego GARCIA,diego.garcia@example.com,N/A,Unknown,Bogota DC,2026/09/24,58,enterprise,Desk,1,"308,56",308.56,pending,2026-01-15,3,ERP
C14769,Maria Sanchez,missing@,300-123-4568,Co,Medellín,not-a-date,36,SMB,Laptop,2,335.42,670.84,active,2026-01-15,4,ERP
C14770,CARLOS Garcia,carlos.garcia@example.com,3006686114,Unknown,Bogota,2026-09-24,70,Enterprise,Monitor,2,1057.1,2114.2,unknown,15/01/2026,1,ERP
C14771,Ana Garcia,ana.garcia@example.com,+57 300 190 9048,Co,Barranquilla,24/09/2026,20,retail,laptop,-1,954.2,954.2,PENDING,,5,ERP
C14772,Laura GARCIA,laura.garcia@example.com,300-123-4524,COLOMBIA,Bogotá,24/09/2026,69,Retail,Monitor,5,90.24,451.2,pending,N/A,4,ERP
C14773,Carlos Pérez,carlos.pérez@example.com,+573001747416,N/A,Bogota DC,24/09/2026,50,Retail,Mouse,9,$218.71,1968.39,inactive,15/01/2026,3,ERP
C14774,Luis Pérez,luis.pérez@example.com,,Co,Medellin,2026/09/24,38,RETAIL,Chair,2,104.26,208.52,Active,,4,ERP
C14775,Laura Lopez,laura.lopez@example.com,3008847338,N/A,BOGOTA,24/09/2026,79,retail,laptop,5,137.6,688.0,inactive,15/01/2026,N/A,ERP
C14776,Ana Martinez,ana.martinez@example.com,+57 300 958 3070,Unknown,BOGOTA,24/09/2026,38,SMB,Mouse,1,392.25,392.25,PENDING,2026-01-15,2,ERP
C14777, JUAN  Garcia,juan.garcia@example.com,3001459718,COLOMBIA,Medellín,2026-09-24,75,Enterprise,Desk,5,1322.31,6611.55,PENDING,,4,ERP
C14778,Luis Sanchez,luis.sanchez@example.com,+57 300 493 1060,colombia,Barranquilla,03/04/2026,70,retail,Desk,10,1090.82,10908.2,inactive,15/01/2026,N/A,ERP
C14779,CARLOS Perez,carlos.perez@example.com,+573001801876,N/A,bogota,2026-09-24,47,Retail,Laptop,5,N/A,3728.45,unknown,,5,ERP
C14780,Juan Garcia,juan.garcia@example.com,+573008607696,N/A,MEDELLIN,2026/09/24,29,Retail,Keyboard,6,1160.47,6962.82,active,,3,ERP
C14781,Laura Lopez,laura.lopez@example.com,,Co,Medellin,2026/09/24,71,Retail,Laptop,10,539.63,5396.3,pending,15/01/2026,5,ERP
C14782,Sofia Martinez,,+57 300 342 9983,Unknown,BOGOTA,2026/09/24,48,RETAIL,Keyboard,10,317.21,3172.1,Active,,N/A,ERP
C14783,Ana GARCIA,ana.garcia@example.com,3003713537,Unknown,Bogotá D.C.,2026/09/24,42,RETAIL,Chair,8,1034.04,8272.32,unknown,2026-01-15,4,ERP
C14784,Luis Sanchez,luis.sanchez@example.com,3001424618,N/A,bogota,N/A,26,Enterprise,Mouse,6,451.99,2711.94,unknown,2026-01-15,4,ERP
C14785,Diego Garcia,diego.garcia@example.com,N/A,N/A,Medellín,2026-09-24,80,SMB,Chair,10,98.84,988.4,unknown,,4,ERP
C14786,Carlos lopez,carlos.lopez@example.com,+57 300 270 2278,Unknown,Cali,24/09/2026,20,retail,LAPTOP,2,646.56,1293.12,PENDING,N/A,5,ERP
C14787,maria Lopez,maria.lopez@example.com,3006058451,Co,Bogotá D.C.,2026-09-24,24,Retail,Desk,5,1762.95,8814.75,ACTIVE,N/A,1,ERP
C14788,Luis GARCIA,luis.garcia@example.com,3002532687,colombia,Medellin,24/09/2026,18,RETAIL,Desk,3,N/A,3447.51,inactive,,1,ERP
C14789,Carlos Lopez,CARLOS.LOPEZ@EXAMPLE.COM,N/A,Colombia,Bogotá,24/09/2026,74,enterprise,Laptop,6,276.03,1656.18,Active,,2,ERP
C14790,Carlos lopez,carlos.lopez@example.com,+57 300 965 7308,COLOMBIA,Bogotá D.C.,24/09/2026,78,SMB,Keyboard,5,418.08,2090.4,pending,N/A,5,ERP
C14791,Juan lopez,juan.lopez@example.com,3002704321,colombia,Barranquilla,N/A,54,enterprise,Monitor,4,528.45,2113.8,inactive,,,ERP
C14792,Carlos GARCIA,CARLOS.GARCIA@EXAMPLE.COM,N/A,Unknown,CALI,09/24/2026,27,RETAIL,LAPTOP,2,141.73,283.46,ACTIVE,15/01/2026,1,ERP
C14793, JUAN  lopez,juan.lopez@example.com,3002917659,Colombia,Barranquilla,N/A,50,retail,Keyboard,9,1002.49,9022.41,unknown,2026-01-15,,ERP
C14794,Sofia Garcia,sofia.garcia@example.com,N/A,N/A,Cali,N/A,47,Retail,laptop,5,1695.33,8476.65,PENDING,,5,ERP
C14795,Carlos Sanchez,carlos.sanchez@example.com,3008599761,Co,bogota,not-a-date,33,RETAIL,Chair,4,1724.68,6898.72,PENDING,N/A,,ERP
C14796,Laura Sanchez,laura.sanchez@example.com,300-123-4522,Unknown,Bogota,24/09/2026,29,retail,LAPTOP,2,560.01,1120.02,ACTIVE,15/01/2026,,ERP
C14797,CARLOS Garcia,carlos.garcia@example.com,+573003251282,Unknown,Bogotá,not-a-date,999,enterprise,Laptop,8,1983.34,15866.72,unknown,2026-01-15,N/A,ERP
C14798,Carlos Pérez,carlos.pérez@example.com,,Co,Cartagena,03/04/2026,74,Retail,Monitor,1,654.34,654.34,unknown,15/01/2026,,ERP
C14799, JUAN  lopez,juan.lopez@example.com,+573006336134,Co,Bogota,September 24 2026,54,smb ,Keyboard,9,976.39,8787.51,unknown,15/01/2026,5,ERP
C14800,Luis Martinez,luis.martinez@example.com,+573001975255,colombia,Barranquilla,09/24/2026,43,smb ,Chair,2,359.83,719.66,unknown,2026-01-15,3,ERP
C14801,Juan lopez,juan.lopez@example.com,N/A,colombia,BOGOTA,2026-09-24,80,smb ,Keyboard,6,1389.99,8339.94,active,2026-01-15,3,ERP
C14802,Ana Lopez,ana.lopez@example.com,+573008426137,Co,Bogota,2026-09-24,24,enterprise,Mouse,3,1566.68,4700.04,PENDING,N/A,4,ERP
C14803,Laura Pérez,laura.pérez@example.com,N/A,Colombia,Bogotá,24/09/2026,37,enterprise,laptop,6,1720.28,10321.68,Active,,,ERP
C14804,maria lopez,maria.lopez@example.com,+57 300 468 6623,Co,CALI,2026-09-24,75,RETAIL,Keyboard,5,289.69,1448.45,inactive,,N/A,ERP
C14805,Carlos GARCIA,carlos.garcia@example.com,+57 300 401 8361,colombia,Bogota,September 24 2026,51,Retail,Laptop,2,$152.26,304.52,inactive,N/A,2,ERP
C14806,Ana Martinez,ana.martinez@example.com,N/A,COLOMBIA,bogota,2026-09-24,66,smb ,Laptop,4,1238.36,4953.44,unknown,N/A,3,ERP
C14807,CARLOS GARCIA,carlos.garcia@example.com,N/A,COLOMBIA,Bogota,September 24 2026,63,enterprise,Desk,8,1059.14,8473.12,unknown,,N/A,ERP
C14808,CARLOS Garcia,carlos.garcia@example.com,3004424470,COLOMBIA,MEDELLIN,September 24 2026,65,SMB,LAPTOP,5,1312.3,6561.5,pending,15/01/2026,5,ERP
C14809,maria Garcia,maria.garcia@example.com,300-123-4589,Unknown,Bogotá D.C.,September 24 2026,79,RETAIL,Desk,3,1435.38,4306.14,PENDING,2026-01-15,1,ERP
C14810,maria Sanchez,maria.sanchez@example.com,,Colombia,Bogota DC,September 24 2026,63,RETAIL,Mouse,8,1095.12,8760.96,Active,2026-01-15,3,ERP
C14811,Laura Perez,laura.perez@example.com,N/A,N/A,Cali,September 24 2026,42,SMB,Mouse,4,138.84,555.36,pending,15/01/2026,5,ERP
C14812,Ana Sanchez,ana.sanchez@example.com,300-123-4541,Unknown,Bogotá D.C.,not-a-date,37,SMB,Laptop,9,599.46,5395.14,Active,2026-01-15,5,ERP
C14813,Laura Martinez,laura.martinez@example.com,N/A,COLOMBIA,Medellín,03/04/2026,69,Enterprise,Monitor,10,740.99,7409.9,Active,2026-01-15,,ERP
C14814,Luis Sanchez,luis.sanchez@example.com,3009866784,N/A,bogota,not-a-date,27,RETAIL,LAPTOP,10,1292.54,12925.4,inactive,,,ERP
C14815,Laura lopez,laura.lopez@example.com,,N/A,Medellin,09/24/2026,37,RETAIL,Desk,7,1581.3,11069.1,PENDING,N/A,3,ERP
C14816,Juan Perez, user@EXAMPLE.COM ,300-123-4546,colombia,bogota,2026-09-24,36,retail,LAPTOP,-1,1259.68,1259.68,pending,N/A,4,ERP
C14817,CARLOS Lopez,carlos.lopez@example.com,3001207913,Co,Barranquilla,24/09/2026,78,smb ,Laptop,9,66.24,596.16,ACTIVE,2026-01-15,5,ERP
C14818,Diego Martinez,diego.martinez@example.com,300-123-4546,colombia,Medellin,24/09/2026,77,enterprise,Chair,1,1586.38,1586.38,inactive,2026-01-15,2,ERP
C14819,Diego Perez,diego.perez@example.com,+57 300 320 2750,colombia,CALI,N/A,69,RETAIL,Desk,4,1021.05,4084.2,pending,15/01/2026,3,ERP
C14820, JUAN  Sanchez,juan.sanchez@example.com,300-123-4535,Co,MEDELLIN,03/04/2026,72,RETAIL,Keyboard,8,656.51,5252.08,ACTIVE,15/01/2026,1,ERP
C14821,Carlos lopez,carlos.lopez@example.com,N/A,Colombia,BOGOTA,24/09/2026,48,Enterprise,LAPTOP,4,178.9,715.6,Active,N/A,5,ERP
C14822,Maria Sanchez,maria.sanchez@example.com,,colombia,Medellin,09/24/2026,69,enterprise,Mouse,5,1783.78,8918.9,Active,2026-01-15,N/A,ERP
C14823,Diego Pérez,diego.pérez@example.com,,N/A,Barranquilla,September 24 2026,19,Retail,Mouse,8,444.28,3554.24,inactive,2026-01-15,3,ERP
C14824,maria Pérez,maria.pérez@example.com,+573003370453,Colombia,Bogota DC,24/09/2026,37,Retail,Mouse,10,799.9,7999.0,unknown,,1,ERP
C14825,CARLOS Pérez,carlos.pérez@example.com,300-123-4557,Co,MEDELLIN,09/24/2026,47,smb ,Laptop,1,1125.21,1125.21,inactive,2026-01-15,1,ERP
C14826,CARLOS Garcia,carlos.garcia@example.com,300-123-4542,colombia,Medellin,24/09/2026,23,enterprise,LAPTOP,1,1066.53,21330.6,PENDING,2026-01-15,4,ERP
C14827,Diego Lopez,missing@,3003435554,N/A,bogota,24/09/2026,51,RETAIL,Mouse,4,1371.84,5487.36,pending,15/01/2026,2,ERP
C14828,Diego Martinez,diego.martinez@example.com,+57 300 902 3330,Unknown,Medellín,N/A,69,smb ,Laptop,3,$775.79,2327.37,Active,,2,ERP
C14829,maria Sanchez,maria.sanchez@example.com,,colombia,MEDELLIN,24/09/2026,30,enterprise,Desk,8,1589.57,12716.56,unknown,N/A,5,ERP
C14830,Carlos GARCIA,carlos.garcia@example.com,N/A,N/A,Cartagena,not-a-date,28,Enterprise,Monitor,5,944.75,4723.75,PENDING,N/A,N/A,ERP
C14831, JUAN  Sanchez,juan.sanchez@example.com,+57 300 236 3796,N/A,BOGOTA,N/A,54,Enterprise,laptop,10,1877.84,18778.4,inactive,2026-01-15,1,ERP
C14832,maria lopez,maria.lopez@example.com,300-123-4585,Colombia,Bogotá D.C.,N/A,200,smb ,laptop,9,1323.92,11915.28,Active,15/01/2026,4,ERP
C14833,Luis Lopez,luis.lopez@example.com,+573004862987,Co,Cartagena,not-a-date,79,retail,Keyboard,1,543.49,543.49,PENDING,,1,ERP
C14834,maria lopez,maria.lopez@example.com,+57 300 234 8858,Unknown,Bogota,09/24/2026,71,Retail,Laptop,8,697.01,5576.08,active,N/A,4,ERP
C14835,maria Garcia,maria.garcia@example.com,+573007361451,Colombia,Bogota,N/A,66,Retail,laptop,4,217.28,869.12,pending,15/01/2026,4,ERP
C14836,Carlos Perez,carlos.perez@example.com,,Colombia,Medellin,24/09/2026,70,enterprise,Keyboard,9,531.59,4784.31,PENDING,N/A,4,ERP
C14837,Luis Garcia,luis.garcia@example.com,3005099839,COLOMBIA,CALI,24/09/2026,77,retail,Chair,5,493.96,2469.8,unknown,N/A,3,ERP
C14838,Sofia Garcia,sofia.garcia@example.com,,Unknown,CALI,09/24/2026,35,retail,Chair,10,277.93,2779.3,ACTIVE,2026-01-15,3,ERP
C14839,maria lopez,maria.lopez@example.com,3008091790,colombia,Cartagena,N/A,79,smb ,LAPTOP,-1,1492.4,1492.4,unknown,15/01/2026,5,ERP
C14840,Maria GARCIA,MARIA.GARCIA@EXAMPLE.COM,,Co,MEDELLIN,2026-09-24,71,Retail,Chair,7,514.4,3600.8,inactive,N/A,3,ERP
C14841,CARLOS Perez,carlos.perez@example.com,3007700643,N/A,Cartagena,not-a-date,44,Retail,Chair,6,318.26,1909.56,Active,N/A,1,ERP
C14842,Luis Sanchez,luis.sanchez@example.com,+573005892233,Unknown,Bogotá,September 24 2026,39,SMB,Chair,6,1257.99,7547.94,unknown,,N/A,ERP
C14843,Carlos lopez,carlos.lopez@example.com,3006972304,N/A,Barranquilla,N/A,80,Retail,LAPTOP,6,1165.88,6995.28,pending,N/A,N/A,ERP
C14844,Maria Perez,maria.perez@example.com,300-123-4569,Unknown,Bogotá,09/24/2026,72,retail,laptop,2,1247.66,2495.32,ACTIVE,2026-01-15,1,ERP
C14845,Sofia Garcia,sofia.garcia@example.com,+57 300 609 6016,Colombia,bogota,09/24/2026,20,SMB,Desk,1,824.57,824.57,inactive,2026-01-15,,ERP
C14846,Diego Perez,diego.perez@example.com,+573006777512,Colombia,Medellín,2026-09-24,66,Enterprise,laptop,6,178.17,1069.02,Active,,1,ERP
C14847,Ana Garcia,ana.garcia@example.com,,Co,Bogota DC,not-a-date,32,Retail,Mouse,8,1310.41,10483.28,active,,3,ERP
C14848,Maria Perez,maria.perez@example.com,+57 300 863 9049,Colombia,Cali,2026-09-24,68,RETAIL,laptop,8,1003.06,8024.48,Active,15/01/2026,3,ERP
C14849,Laura Sanchez,laura.sanchez@example.com,,colombia,CALI,September 24 2026,35,SMB,Desk,7,1649.07,230869.8,inactive,,5,ERP
C14850, JUAN  Pérez,juan.pérez@example.com,+57 300 684 3958,COLOMBIA,Bogotá D.C.,not-a-date,24,retail,Monitor,5,13.65,68.25,unknown,N/A,5,ERP
C14851,Carlos GARCIA,carlos.garcia@example.com,,Colombia,Barranquilla,not-a-date,32,SMB,Keyboard,2,988.21,1976.42,Active,2026-01-15,2,ERP
C14852,maria Martinez,maria.martinez@example.com,,Co,Cali,03/04/2026,79,RETAIL,Laptop,9,401.23,3611.07,unknown,,5,ERP
C14853,Juan Pérez,juan.pérez@example.com,300-123-4592,Co,Bogotá,09/24/2026,22,SMB,laptop,10,947.95,9479.5,active,15/01/2026,,ERP
C14854,Ana GARCIA,ana.garcia@example.com,+57 300 313 1416,COLOMBIA,Cartagena,not-a-date,24,smb ,Monitor,6,676.93,4061.58,ACTIVE,,3,ERP
C14855,Carlos Garcia,carlos.garcia@example.com,300-123-4538,colombia,Bogota,03/04/2026,45,RETAIL,laptop,6,979.44,5876.64,active,2026-01-15,1,ERP
C14856,  Juan Garcia  ,juan.garcia@example.com,N/A,colombia,Bogotá,not-a-date,24,Retail,Desk,7,1856.83,12997.81,PENDING,15/01/2026,1,ERP
C14857,CARLOS Sanchez,carlos.sanchez@example.com,+573001133313,colombia,Bogota,09/24/2026,36,Enterprise,Monitor,9,775.62,6980.58,active,15/01/2026,4,ERP
C14858,Laura Lopez,laura.lopez@example.com,N/A,COLOMBIA,bogota,24/09/2026,67,RETAIL,LAPTOP,9,"1029,04",9261.36,unknown,N/A,1,ERP
C14859,CARLOS Martinez,carlos.martinez@example.com,N/A,Unknown,Cartagena,24/09/2026,25,smb ,Keyboard,9,"$1,521.26",13691.34,ACTIVE,,1,ERP
C14860,Sofia Garcia,sofia.garcia@example.com,,COLOMBIA,bogota,September 24 2026,38,SMB,LAPTOP,6,1365.56,8193.36,Active,15/01/2026,,ERP
C14861,Carlos Perez,CARLOS.PEREZ@EXAMPLE.COM,,Colombia,MEDELLIN,09/24/2026,39,smb ,Monitor,10,N/A,3885.7,unknown,N/A,3,ERP
C14862,Carlos Garcia,carlos.garcia@example.com,,Co,CALI,September 24 2026,79,Retail,Keyboard,7,1789.7,12527.9,ACTIVE,15/01/2026,1,ERP
C14863,Maria Pérez,maria.pérez@example.com,3007202085,COLOMBIA,Bogotá,2026/09/24,51,smb ,Chair,5,1777.3,8886.5,unknown,2026-01-15,4,ERP
C14864,Diego Sanchez,DIEGO.SANCHEZ@EXAMPLE.COM,+57 300 947 8196,Co,CALI,09/24/2026,56,retail,Keyboard,8,1574.6,12596.8,ACTIVE,15/01/2026,5,ERP
C14865,Maria Garcia,maria.garcia@example.com,3001301845,Colombia,Cali,03/04/2026,43,SMB,LAPTOP,10,1610.3,16103.0,inactive,N/A,,ERP
C14866,Juan Pérez,juan.pérez@example.com,3002286711,COLOMBIA,CALI,2026-09-24,26,retail,Keyboard,10,131.15,1311.5,ACTIVE,15/01/2026,5,ERP
C14867, JUAN  Sanchez,juan.sanchez@example.com,,Co,Bogotá D.C.,24/09/2026,40,SMB,Keyboard,3,1429.6,4288.8,inactive,2026-01-15,4,ERP
C14868,Laura GARCIA,laura.garcia@example.com,,N/A,Cali,2026-09-24,36,retail,Keyboard,3,333.31,999.93,PENDING,15/01/2026,3,ERP
C14869,Carlos Pérez,carlos.pérez@example.com,N/A,COLOMBIA,MEDELLIN,not-a-date,31,enterprise,Monitor,7,1932.17,13525.19,PENDING,2026-01-15,4,ERP
C14870,Laura Sanchez,laura.sanchez@example.com,+573005932466,Co,Barranquilla,03/04/2026,25,enterprise,LAPTOP,1,1197.63,1197.63,Active,,,ERP
C14871,Laura Perez,N/A,,colombia,MEDELLIN,24/09/2026,35,Enterprise,LAPTOP,8,901.78,7214.24,Active,2026-01-15,2,ERP
C14872,Carlos Perez,carlos.perez@example.com,N/A,Unknown,Bogotá,2026-09-24,52,Enterprise,Keyboard,8,934.51,7476.08,active,,,ERP
C14873,Diego Martinez,diego.martinez@example.com,3003253266,Unknown,Bogotá,2026-09-24,77,SMB,Mouse,5,1966.13,9830.65,unknown,N/A,N/A,ERP
C14874,Diego Garcia,diego.garcia@example.com,300-123-4578,Co,Bogota DC,not-a-date,24,enterprise,Chair,5,242.86,1214.3,active,15/01/2026,4,ERP
C14875,Ana Pérez,ana.pérez@example.com,3002058822,Co,MEDELLIN,2026/09/24,30,RETAIL,Mouse,9,N/A,11970.54,pending,N/A,1,ERP
C14876,Sofia lopez,sofia.lopez@example.com,N/A,Colombia,Bogotá,2026/09/24,32,enterprise,Monitor,5,1165.15,5825.75,inactive,15/01/2026,3,ERP
C14877,Luis Pérez,luis.pérez@example.com,,Co,MEDELLIN,2026/09/24,73,retail,laptop,5,315.22,1576.1,PENDING,,,ERP
C14878,Carlos Garcia,carlos.garcia@example.com,3003032829,Colombia,BOGOTA,2026/09/24,67,retail,Desk,4,"1182,88",4731.52,unknown,15/01/2026,2,ERP
C14879,Diego lopez,diego.lopez@example.com,+573005705534,Co,Bogota DC,not-a-date,57,smb ,laptop,1,373.26,373.26,pending,2026-01-15,1,ERP
C14880,Ana Martinez,ana.martinez@example.com,3005586709,Co,BOGOTA,not-a-date,63,Enterprise,Monitor,5,367.39,1836.95,inactive,15/01/2026,2,ERP
C14881,Diego Garcia,diego.garcia@example.com,+57 300 947 4984,N/A,Medellín,2026/09/24,23,retail,Desk,8,1882.54,15060.32,PENDING,,N/A,ERP
C14882,maria Pérez,maria.pérez@example.com,,Unknown,MEDELLIN,N/A,71,RETAIL,LAPTOP,3,1882.13,-5646.39,Active,,,ERP
C14883,Carlos Pérez,carlos.pérez@example.com,,colombia,Bogota DC,09/24/2026,61,Retail,LAPTOP,2,1256.65,2513.3,ACTIVE,2026-01-15,5,ERP
C14884,CARLOS Pérez,carlos.pérez@example.com,3003930684,Colombia,Medellin,2026/09/24,60,enterprise,Laptop,7,1610.79,11275.53,Active,15/01/2026,N/A,ERP
C14885, JUAN  Lopez,juan.lopez@example.com,300-123-4521,N/A,Cali,24/09/2026,39,Retail,Mouse,10,495.73,4957.3,PENDING,,5,ERP
C14886, JUAN  Pérez,juan.pérez@example.com,300-123-4556,Co,BOGOTA,not-a-date,57,Enterprise,Monitor,8,887.2,-7097.6,PENDING,15/01/2026,N/A,ERP
C14887,Carlos Perez,carlos.perez@example.com,3007972377,COLOMBIA,BOGOTA,2026/09/24,59,Retail,Keyboard,8,1135.14,9081.12,active,2026-01-15,5,ERP
C14888,Diego lopez,diego.lopez@example.com,,N/A,Cali,September 24 2026,27,retail,Monitor,4,1880.79,7523.16,inactive,2026-01-15,4,ERP
C14889,CARLOS GARCIA,carlos.garcia@example.com,,Colombia,MEDELLIN,03/04/2026,80,enterprise,Chair,8,93.17,745.36,active,2026-01-15,5,ERP
C14890,Luis Martinez,luis.martinez@example.com,+57 300 308 1736,COLOMBIA,Bogota,September 24 2026,45,enterprise,laptop,4,783.63,3134.52,active,15/01/2026,1,ERP
C14891,Diego Perez,diego.perez@example.com,+573007733894,N/A,CALI,03/04/2026,30,Retail,Laptop,8,N/A,11260.32,inactive,2026-01-15,2,ERP
C14892,  Sofia Perez  ,sofia.perez@example.com,300-123-4564,Co,BOGOTA,09/24/2026,74,Enterprise,Chair,5,1871.07,9355.35,active,2026-01-15,4,ERP
C14893,Maria lopez,maria.lopez@example.com,3003883473,Unknown,Medellin,not-a-date,45,smb ,Mouse,8,280.62,2244.96,inactive,,4,ERP
C14894,Juan lopez,juan.lopez@example.com,+573005308600,Co,Bogota DC,09/24/2026,30,SMB,LAPTOP,7,947.92,6635.44,inactive,15/01/2026,4,ERP
C14895,maria lopez,maria.lopez@example.com,300-123-4510,Co,Barranquilla,09/24/2026,36,SMB,Monitor,10,1428.03,14280.3,PENDING,15/01/2026,3,ERP
C14896, JUAN  lopez,juan.lopez@example.com,,Co,Bogota DC,09/24/2026,62,SMB,Desk,10,152.06,1520.6,unknown,2026-01-15,4,ERP
C14897, JUAN  Martinez,juan.martinez@example.com,,COLOMBIA,BOGOTA,N/A,23,smb ,LAPTOP,3,1360.09,4080.27,ACTIVE,2026-01-15,,ERP
C14898,Sofia Martinez,sofia.martinez@example.com,+57 300 901 2322,N/A,MEDELLIN,N/A,39,smb ,laptop,1,"288,14",288.14,inactive,N/A,2,ERP
C14899,Diego Garcia,diego.garcia@example.com,+573008393858,colombia,Bogotá D.C.,N/A,40,retail,Mouse,5,1240.45,6202.25,ACTIVE,,3,ERP
C14900,Luis Sanchez,luis.sanchez@example.com,N/A,Unknown,MEDELLIN,2026/09/24,40,enterprise,Desk,8,1875.07,15000.56,active,15/01/2026,2,ERP
C14901,Luis Perez,luis.perez@example.com,N/A,Colombia,bogota,not-a-date,78,enterprise,LAPTOP,9,969.59,8726.31,ACTIVE,15/01/2026,5,ERP
C14902, JUAN  Martinez,juan.martinez@example.com,,colombia,Medellín,not-a-date,30,smb ,Desk,1,1701.68,1701.68,Active,2026-01-15,1,ERP
C14903,Sofia Sanchez,sofia.sanchez@example.com,N/A,colombia,Bogota,N/A,61,Retail,Laptop,1,251.89,251.89,ACTIVE,N/A,2,ERP
C14904,Maria Garcia,maria.garcia@example.com,,Co,Medellín,N/A,40,RETAIL,Laptop,10,67.62,676.2,active,2026-01-15,,ERP
C14905,Ana GARCIA,ana.garcia@example.com,300-123-4579,colombia,Cartagena,09/24/2026,38,RETAIL,Laptop,8,444.72,71155.20000000001,PENDING,N/A,5,ERP
C14906,Carlos Sanchez,carlos.sanchez@example.com,3006766998,Co,CALI,2026/09/24,32,smb ,Desk,5,595.2,2976.0,ACTIVE,2026-01-15,1,ERP
C14907,Maria Sanchez,maria.sanchez@example.com,N/A,Unknown,Bogotá,24/09/2026,46,SMB,Keyboard,6,328.19,1969.14,inactive,,1,ERP
C14908,CARLOS Pérez,carlos.pérez@example.com,+573003293363,N/A,Bogotá D.C.,2026-09-24,21,RETAIL,Keyboard,3,1365.57,4096.71,ACTIVE,N/A,3,ERP
C14909,Ana lopez,ana.lopez@example.com,+573009692157,COLOMBIA,Medellín,September 24 2026,23,RETAIL,Keyboard,10,1474.52,14745.2,PENDING,N/A,4,ERP
C14910,Juan Lopez,juan.lopez@example.com,300-123-4594,Colombia,Bogota,N/A,58,Enterprise,Laptop,2,$146.21,292.42,pending,,,ERP
C14911,Sofia lopez,sofia.lopez@example.com,,Colombia,MEDELLIN,24/09/2026,22,SMB,Monitor,2,1357.67,2715.34,active,15/01/2026,1,ERP
C14912,Juan Lopez,juan.lopez@example.com,,COLOMBIA,Bogota,03/04/2026,40,smb ,laptop,9,1502.19,13519.71,inactive,N/A,1,ERP
C14913,Laura Pérez,laura.pérez@example.com,300-123-4529,Co,Bogota DC,N/A,46,Retail,LAPTOP,6,1972.03,11832.18,PENDING,15/01/2026,4,ERP
C14914,CARLOS Sanchez,carlos.sanchez@example.com,3005886205,colombia,Bogota,09/24/2026,62,RETAIL,LAPTOP,6,1739.31,10435.86,unknown,N/A,1,ERP
C14915,maria GARCIA,maria.garcia@example.com,N/A,COLOMBIA,Bogotá D.C.,September 24 2026,42,smb ,Keyboard,2,683.46,1366.92,inactive,N/A,1,ERP
C14916,Ana Martinez,ana.martinez@example.com,+573003685118,N/A,BOGOTA,09/24/2026,27,smb ,LAPTOP,9,"483,86",4354.74,pending,,2,ERP
C14917,  Juan lopez  ,juan.lopez@example.com,N/A,Colombia,Barranquilla,September 24 2026,24,retail,Monitor,2,1571.22,3142.44,Active,,1,ERP
C14918,Carlos Lopez,carlos.lopez@example.com,+573005652199,colombia,Cartagena,24/09/2026,70,enterprise,LAPTOP,3,325.66,976.98,PENDING,15/01/2026,2,ERP
C14919,maria Lopez,maria.lopez@example.com,+57 300 620 6426,COLOMBIA,Bogotá,not-a-date,42,SMB,Chair,10,1600.35,16003.5,pending,15/01/2026,N/A,ERP
C14920, JUAN  GARCIA,juan.garcia@example.com,N/A,N/A,BOGOTA,N/A,21,enterprise,laptop,6,525.26,3151.56,ACTIVE,2026-01-15,5,ERP
C14921,Juan lopez,juan.lopez@example.com,300-123-4565,Colombia,CALI,not-a-date,48,SMB,Monitor,3,358.95,1076.85,PENDING,15/01/2026,1,ERP
C14922,Diego lopez,not-an-email,300-123-4535,Unknown,Medellín,24/09/2026,36,enterprise,Desk,10,1461.24,292248.0,active,2026-01-15,3,ERP
C14923,Luis Pérez,luis.pérez@example.com,N/A,COLOMBIA,MEDELLIN,September 24 2026,49,RETAIL,LAPTOP,10,247.27,2472.7,ACTIVE,2026-01-15,4,ERP
C14924,Maria Sanchez,maria.sanchez@example.com,N/A,Unknown,Bogota DC,N/A,65,SMB,Keyboard,8,1666.54,13332.32,unknown,15/01/2026,4,ERP
C14925, JUAN  Sanchez,juan.sanchez@example.com,3003337545,Co,Medellín,24/09/2026,18,RETAIL,LAPTOP,7,792.99,5550.93,PENDING,15/01/2026,,ERP
C14926,Carlos lopez,carlos.lopez@example.com,300-123-4567,COLOMBIA,Barranquilla,24/09/2026,52,enterprise,LAPTOP,6,1782.48,10694.88,inactive,2026-01-15,,ERP
C14927,maria Lopez,maria.lopez@example.com,+57 300 810 4721,N/A,Cali,N/A,55,smb ,Chair,1,1344.36,1344.36,pending,15/01/2026,2,ERP
C14928,Ana Perez,ana.perez@example.com,N/A,colombia,Cartagena,03/04/2026,58,Enterprise,Mouse,1,1140.61,1140.61,PENDING,15/01/2026,5,ERP
C14929,  maria Martinez  ,maria.martinez@example.com,300-123-4533,Colombia,bogota,03/04/2026,48,Enterprise,Laptop,2,1319.42,2638.84,Active,15/01/2026,2,ERP
C14930,Carlos GARCIA,carlos.garcia@example.com,+57 300 144 5067,N/A,Medellin,03/04/2026,52,Retail,Monitor,9,114.27,1028.43,unknown,,,ERP
C14931,Luis Pérez,luis.pérez@example.com,300-123-4521,Unknown,Medellín,September 24 2026,45,retail,Desk,9,1269.56,11426.04,unknown,,5,ERP
C14932,CARLOS lopez,carlos.lopez@example.com,N/A,Colombia,Bogota DC,24/09/2026,200,Retail,Mouse,8,1703.29,13626.32,unknown,,2,ERP
C14933,Sofia Sanchez,sofia.sanchez@example.com,N/A,colombia,bogota,2026/09/24,74,smb ,Chair,6,1673.87,10043.22,ACTIVE,,2,ERP
C14934,Sofia Martinez,sofia.martinez@example.com,+573002530234,N/A,Bogotá D.C.,N/A,25,retail,Keyboard,3,457.16,1371.48,pending,2026-01-15,5,ERP
C14935,Ana Garcia,ana.garcia@example.com,+57 300 102 2773,Unknown,Bogotá,24/09/2026,41,Enterprise,LAPTOP,1,1093.8,1093.8,active,,2,ERP
C14936,maria Lopez,maria.lopez@example.com,+573001689434,Co,Barranquilla,24/09/2026,78,RETAIL,Mouse,1,1014.47,1014.47,unknown,15/01/2026,,ERP
C14937,Ana Pérez,ana.pérez@example.com,3006387907,Unknown,Bogotá,2026-09-24,33,Retail,Laptop,10,957.39,9573.9,inactive,N/A,N/A,ERP
C14938,Luis Garcia,luis.garcia@example.com,+57 300 807 1164,Co,Barranquilla,24/09/2026,29,retail,Keyboard,9,498.78,4489.02,PENDING,,5,ERP
C14939,CARLOS Sanchez,carlos.sanchez@example.com,+57 300 378 1295,Co,Barranquilla,24/09/2026,39,RETAIL,Laptop,-1,104.7,104.7,pending,2026-01-15,N/A,ERP
C14940,Carlos Perez,carlos.perez@example.com,300-123-4529,Co,Cartagena,2026-09-24,47,RETAIL,Chair,7,$125.40,877.8,ACTIVE,15/01/2026,3,ERP
C14941,maria Garcia,maria.garcia@example.com,+57 300 534 3395,Co,MEDELLIN,N/A,63,enterprise,Chair,9,1765.48,15889.32,Active,,5,ERP
C14942,Maria Garcia,maria.garcia@example.com,3008663338,COLOMBIA,Barranquilla,09/24/2026,60,SMB,Keyboard,8,606.89,4855.12,PENDING,,5,ERP
C14943,Laura GARCIA,laura.garcia@example.com,N/A,Co,Medellín,09/24/2026,31,Enterprise,Monitor,7,1557.58,10903.06,Active,N/A,3,ERP
C14944, JUAN  Martinez,juan.martinez@example.com,+573005687128,Unknown,CALI,2026/09/24,78,retail,Chair,8,1149.07,-9192.56,Active,,4,ERP
C14945,Laura Sanchez,laura.sanchez@example.com,+57 300 473 4207,COLOMBIA,bogota,2026-09-24,50,Enterprise,laptop,5,277.4,1387.0,active,N/A,3,ERP
C14946,Ana Martinez,ana.martinez@example.com,N/A,colombia,Cartagena,09/24/2026,20,RETAIL,Laptop,7,957.84,6704.88,active,,,ERP
C14947,maria Pérez,maria.pérez@example.com,3004662180,colombia,Medellin,2026/09/24,18,enterprise,Monitor,4,1275.25,5101.0,inactive,15/01/2026,3,ERP
C14948,Diego Pérez,diego.pérez@example.com,N/A,COLOMBIA,MEDELLIN,N/A,39,smb ,Desk,4,1680.85,6723.4,Active,,N/A,ERP
C14949,Sofia Lopez,sofia.lopez@example.com,3001487681,Co,Cali,09/24/2026,42,SMB,Monitor,8,403.09,3224.72,pending,,,ERP
C14950, JUAN  Martinez,juan.martinez@example.com,+573002526997,Co,Barranquilla,N/A,43,SMB,Mouse,8,201.08,1608.64,unknown,2026-01-15,1,ERP
C14951,Sofia Perez,sofia.perez@example.com,N/A,Colombia,Barranquilla,September 24 2026,26,smb ,LAPTOP,3,992.13,2976.39,Active,,5,ERP
C14952,CARLOS Martinez,carlos.martinez@example.com,+57 300 106 9515,COLOMBIA,bogota,not-a-date,57,Enterprise,Desk,10,1429.44,14294.4,ACTIVE,,,ERP
C14953,CARLOS Lopez,carlos.lopez@example.com,3003566547,COLOMBIA,Barranquilla,September 24 2026,22,enterprise,LAPTOP,1,133.27,133.27,PENDING,N/A,2,ERP
C14954,Diego Martinez,diego.martinez@example.com,N/A,Colombia,Medellin,03/04/2026,50,enterprise,LAPTOP,10,990.3,9903.0,ACTIVE,N/A,4,ERP
C14955,Ana Sanchez,ana.sanchez@example.com,3006019640,N/A,CALI,2026/09/24,56,Retail,LAPTOP,7,1824.56,12771.92,ACTIVE,N/A,4,ERP
C14956,Laura Garcia,laura.garcia@example.com,,COLOMBIA,Bogota,2026-09-24,43,enterprise,Monitor,1,1515.5,1515.5,pending,,N/A,ERP
C14957, JUAN  Pérez,juan.pérez@example.com,300-123-4526,COLOMBIA,bogota,2026/09/24,32,Retail,laptop,9,1368.19,12313.71,inactive,N/A,3,ERP
C14958,Luis GARCIA,luis.garcia@example.com,N/A,COLOMBIA,Bogota,24/09/2026,61,Retail,laptop,3,921.27,2763.81,unknown,15/01/2026,1,ERP
C14959,Laura Garcia,laura.garcia@example.com,,colombia,BOGOTA,2026/09/24,45,Retail,LAPTOP,10,1727.24,17272.4,unknown,15/01/2026,5,ERP
C14960,maria Martinez,maria.martinez@example.com,3004368601,N/A,Bogotá D.C.,24/09/2026,47,Enterprise,Desk,5,1844.84,9224.2,PENDING,2026-01-15,N/A,ERP
C14961,maria Pérez,maria.pérez@example.com,+57 300 868 4421,COLOMBIA,Bogota,N/A,56,SMB,Chair,3,1698.17,5094.51,ACTIVE,15/01/2026,5,ERP
C14962,Laura GARCIA,laura.garcia@example.com,300-123-4525,Unknown,Cali,N/A,68,SMB,laptop,3,1804.81,5414.43,pending,,4,ERP
C14963,Carlos Sanchez,carlos.sanchez@example.com,300-123-4558,N/A,MEDELLIN,24/09/2026,47,retail,Keyboard,1,1583.4,1583.4,PENDING,15/01/2026,3,ERP
C14964,Carlos Martinez,carlos.martinez@example.com,3008904000,Unknown,MEDELLIN,not-a-date,77,Enterprise,Laptop,6,997.42,5984.52,active,2026-01-15,N/A,ERP
C14965,Maria Perez,maria.perez@example.com,+573002178654,Unknown,Medellín,not-a-date,39,smb ,Monitor,10,1123.79,11237.9,inactive,15/01/2026,2,ERP
C14966,Carlos Martinez,N/A,,COLOMBIA,Bogotá,24/09/2026,25,retail,Keyboard,3,372.75,1118.25,inactive,N/A,2,ERP
C14967,Juan GARCIA,juan.garcia@example.com,+573009078479,colombia,Medellin,2026/09/24,35,Enterprise,Monitor,7,850.62,5954.34,ACTIVE,N/A,2,ERP
C14968, JUAN  Martinez,juan.martinez@example.com,+57 300 446 4840,Unknown,Cali,2026/09/24,49,enterprise,LAPTOP,-2,609.17,609.17,pending,,5,ERP
C14969,Diego Sanchez,diego.sanchez@example.com,,N/A,Medellín,2026-09-24,34,retail,laptop,9,408.03,3672.27,Active,2026-01-15,4,ERP
C14970, JUAN  lopez,juan.lopez@example.com,300-123-4561,N/A,Bogotá D.C.,2026-09-24,32,enterprise,Desk,4,705.25,2821.0,unknown,N/A,3,ERP
C14971,Maria GARCIA,maria.garcia@example.com,,Colombia,Bogota DC,2026/09/24,23,Enterprise,Laptop,3,800.04,2400.12,inactive,N/A,5,ERP
C14972,Diego Sanchez,diego.sanchez@example.com,,N/A,MEDELLIN,24/09/2026,76,enterprise,Chair,7,840.55,5883.85,inactive,N/A,,ERP
C14973,Laura GARCIA,laura.garcia@example.com,3007875150,Colombia,CALI,09/24/2026,44,smb ,Chair,3,1142.28,3426.84,ACTIVE,N/A,N/A,ERP
C14974,Sofia GARCIA,sofia.garcia@example.com,N/A,Unknown,Barranquilla,N/A,56,RETAIL,Keyboard,3,73.2,219.6,ACTIVE,,N/A,ERP
C14975,Sofia Perez,sofia.perez@example.com,+57 300 305 1544,COLOMBIA,BOGOTA,2026-09-24,37,SMB,Monitor,5,1612.67,8063.35,inactive,2026-01-15,2,ERP
C14976,maria Lopez,maria.lopez@example.com,300-123-4576,colombia,Bogota DC,2026/09/24,29,retail,Chair,6,453.44,2720.64,inactive,2026-01-15,3,ERP
C14977,CARLOS Garcia,carlos.garcia@example.com,+573002267268,colombia,Cali,24/09/2026,42,enterprise,Desk,7,661.15,4628.05,Active,N/A,5,ERP
C14978,Ana Pérez,ana.pérez@example.com,+573009016006,colombia,CALI,09/24/2026,23,enterprise,Desk,8,51.4,411.2,unknown,15/01/2026,1,ERP
C14979,Luis Perez,missing@,300-123-4572,Unknown,Medellín,N/A,48,Retail,Chair,7,1978.71,13850.97,Active,15/01/2026,3,ERP
C14980,Diego GARCIA,diego.garcia@example.com,300-123-4537,Colombia,Bogotá D.C.,24/09/2026,40,enterprise,Desk,10,"$1,239.39",12393.9,inactive,,N/A,ERP
C14981,Laura Lopez,laura.lopez@example.com,+57 300 345 2462,COLOMBIA,Bogota,09/24/2026,67,retail,Keyboard,2,1843.1,3686.2,pending,,,ERP
C14982, JUAN  lopez,user@@example.com,300-123-4544,Colombia,Cali,not-a-date,38,RETAIL,Desk,7,318.78,2231.46,pending,15/01/2026,3,ERP
C14983,Luis Garcia,luis.garcia@example.com,3001734528,COLOMBIA,Cali,24/09/2026,58,RETAIL,Laptop,4,1942.64,7770.56,Active,2026-01-15,2,ERP
C14984,CARLOS Sanchez,carlos.sanchez@example.com,,COLOMBIA,Bogota,24/09/2026,29,Enterprise,Monitor,7,55.05,385.35,inactive,,3,ERP
C14985,Diego Garcia,diego.garcia@example.com,,colombia,Cali,September 24 2026,71,RETAIL,LAPTOP,5,238.33,1191.65,PENDING,15/01/2026,4,ERP
C14986, JUAN  Garcia,juan.garcia@example.com,N/A,COLOMBIA,Cali,N/A,74,retail,Desk,10,984.46,9844.6,Active,15/01/2026,3,ERP
C14987,Laura Martinez,N/A,+573004530572,N/A,Medellin,not-a-date,57,Retail,Desk,3,1196.4,3589.2,active,15/01/2026,N/A,ERP
C14988,maria Martinez,maria.martinez@example.com,+57 300 869 2867,colombia,Bogota DC,N/A,42,Retail,laptop,4,1950.89,7803.56,Active,N/A,N/A,ERP
C14989,CARLOS Garcia, user@EXAMPLE.COM ,3006200058,COLOMBIA,Medellín,2026-09-24,59,retail,laptop,9,1292.68,11634.12,active,N/A,N/A,ERP
C14990,Maria Sanchez,maria.sanchez@example.com,300-123-4510,Colombia,Bogota DC,not-a-date,70,enterprise,Laptop,8,1055.72,8445.76,Active,2026-01-15,5,ERP
C14991,Juan Lopez,N/A,+57 300 449 2999,COLOMBIA,bogota,03/04/2026,56,smb ,Desk,7,759.31,5315.17,inactive,15/01/2026,5,ERP
C14992,Laura Lopez,laura.lopez@example.com,3005668948,colombia,Barranquilla,September 24 2026,79,retail,Mouse,8,"$1,748.47",13987.76,ACTIVE,N/A,3,ERP
C14993,CARLOS Garcia,carlos.garcia@example.com,+573001730892,Colombia,Bogota,N/A,66,RETAIL,Keyboard,2,402.16,804.32,pending,,,ERP
C14994,Laura Pérez,laura.pérez@example.com,3007262867,colombia,Bogota DC,2026-09-24,54,enterprise,laptop,10,1906.01,19060.1,inactive,2026-01-15,1,ERP
C14995,Sofia Pérez,?,null,COLOMBIA,,03/04/2026,72,smb ,LAPTOP,9,774.95,6974.55,active,15/01/2026,5,ERP
C14996,Laura Lopez,laura.lopez@example.com,+57 300 410 4100,Co,Cali,September 24 2026,29,retail,Monitor,-1,528.76,528.76,unknown,,3,ERP
C14997,   JUAN  Martinez  ,N/A,+57 300 965 1149,Colombia,Medellin,N/A,29,enterprise,Desk,3,104.3,312.9,pending,15/01/2026,,ERP
C14998,CARLOS Lopez, user@EXAMPLE.COM ,3008311511,Co,bogota,September 24 2026,64,retail,laptop,9,1415.41,12738.69,ACTIVE,15/01/2026,5,ERP
C14999,Luis Perez,luis.perez@example.com,+57 300 628 4684,Colombia,Bogotá D.C.,September 24 2026,61,smb ,Mouse,9,1039.41,9354.69,PENDING,15/01/2026,3,ERP
C12764,Diego Martinez,user@@example.com,+573006653954,Colombia,CALI,09/24/2026,48,SMB,LAPTOP,7,1804.02,12628.14,ACTIVE,2026-01-15,3,ERP
C14767,CARLOS Sanchez,CARLOS.SANCHEZ@EXAMPLE.COM,+57 300 249 7829,Unknown,Medellin,N/A,46,smb ,LAPTOP,6,"830,93",4985.58,ACTIVE,,5,ERP
C13814,maria Garcia,maria.garcia@example.com,3008558100,Unknown,Cartagena,N/A,78,enterprise,laptop,5,1259.32,6296.6,ACTIVE,15/01/2026,3,ERP
C13499,maria GARCIA,maria.garcia@example.com,N/A,Unknown,Bogota,03/04/2026,74,Retail,laptop,3,570.09,1710.27,PENDING,N/A,1,ERP
C12735,Laura Sanchez,laura.sanchez@example.com,N/A,Colombia,Medellin,not-a-date,72,retail,LAPTOP,6,1931.67,11590.02,pending,N/A,N/A,ERP
C13922,maria Lopez,maria.lopez@example.com,300-123-4563,Colombia,Cali,2026-09-24,40,smb ,laptop,9,1066.36,9597.24,active,N/A,1,ERP
C12701, JUAN  lopez,juan.lopez@example.com,3005383337,Colombia,bogota,09/24/2026,59,enterprise,Laptop,10,1970.19,19701.9,unknown,,4,ERP
C11179,Sofia Garcia,sofia.garcia@example.com,300-123-4566,Co,Bogota,not-a-date,61,Enterprise,LAPTOP,4,978.75,3915.0,Active,2026-01-15,5,ERP
C10932,  Sofia Perez  ,sofia.perez@example.com,+57 300 574 3842,Colombia,CALI,not-a-date,46,smb ,Keyboard,3,1349.86,4049.58,ACTIVE,2026-01-15,N/A,ERP
C10792,Laura Garcia,laura.garcia@example.com,N/A,colombia,Bogota DC,2026/09/24,54,SMB,Laptop,5,1123.81,5619.05,ACTIVE,,5,ERP
C11852,Diego Garcia,diego.garcia@example.com,300-123-4528,colombia,BOGOTA,September 24 2026,28,retail,Monitor,5,1395.26,6976.3,active,N/A,1,ERP
C11185, JUAN  Sanchez,juan.sanchez@example.com,+57 300 366 7258,Unknown,BOGOTA,N/A,34,Enterprise,Laptop,4,654.05,2616.2,Active,15/01/2026,1,ERP
C11724,Laura Lopez,laura.lopez@example.com,3004452337,colombia,Bogotá D.C.,not-a-date,37,smb ,LAPTOP,2,514.42,1028.84,Active,,2,ERP
C14080, JUAN  Pérez,juan.pérez@example.com,+573006885634,Co,BOGOTA,03/04/2026,78,enterprise,Chair,7,1343.61,9405.27,Active,,4,ERP
C13823,Diego Sanchez,diego.sanchez@example.com,+573004469894,COLOMBIA,BOGOTA,03/04/2026,29,enterprise,Keyboard,9,305.73,2751.57,active,2026-01-15,1,ERP
C14054,CARLOS lopez,carlos.lopez@example.com,+573001520254,Colombia,Bogota,24/09/2026,19,retail,Desk,1,1586.01,1586.01,PENDING,,4,ERP
C12721,Ana lopez,ana.lopez@example.com,,colombia,Cartagena,N/A,44,smb ,Laptop,3,469.29,1407.87,active,15/01/2026,N/A,ERP
C13903,Luis Lopez,luis.lopez@example.com,+573001856614,Unknown,Bogotá,24/09/2026,75,enterprise,Monitor,1,1863.76,1863.76,ACTIVE,N/A,5,ERP
C11865,maria Perez,maria.perez@example.com,+57 300 976 4361,Colombia,Barranquilla,2026/09/24,80,Enterprise,Desk,4,1470.56,5882.24,inactive,2026-01-15,,ERP
C10759,  Maria Perez  ,maria.perez@example.com,+573004059819,Co,CALI,2026-09-24,70,Enterprise,Chair,6,1180.77,7084.62,ACTIVE,,1,ERP
C12416,maria Garcia,maria.garcia@example.com,+573007808931,N/A,Bogotá,09/24/2026,69,enterprise,Mouse,9,874.31,7868.79,Active,N/A,3,ERP
C13670,Maria Perez,maria.perez@example.com,,Colombia,bogota,N/A,55,smb ,laptop,5,744.6,3723.0,ACTIVE,,4,ERP
C14838,Sofia Garcia,sofia.garcia@example.com,,Unknown,CALI,09/24/2026,35,retail,Chair,10,277.93,2779.3,ACTIVE,2026-01-15,3,ERP
C13090,CARLOS GARCIA, user@EXAMPLE.COM ,3004925312,Co,Barranquilla,N/A,61,Retail,Monitor,9,339.97,3059.73,pending,15/01/2026,2,ERP
C11546,Juan Martinez,juan.martinez@example.com,N/A,COLOMBIA,Barranquilla,September 24 2026,59,Retail,laptop,1,791.48,791.48,inactive,N/A,2,ERP
C11132,Laura Sanchez,laura.sanchez@example.com,+573009775520,COLOMBIA,BOGOTA,not-a-date,56,RETAIL,laptop,8,1732.6,13860.8,unknown,N/A,,ERP
C14703,Laura Sanchez,laura.sanchez@example.com,N/A,Colombia,Cartagena,03/04/2026,200,enterprise,Chair,10,765.71,-7657.1,inactive,,5,ERP
C14494,Luis Martinez,luis.martinez@example.com,N/A,Co,Cartagena,September 24 2026,62,Enterprise,laptop,2,975.04,1950.08,active,,N/A,ERP
C12775,Diego Lopez,diego.lopez@example.com,300-123-4592,Colombia,Bogotá D.C.,2026-09-24,22,Enterprise,laptop,8,1717.47,13739.76,unknown,2026-01-15,5,ERP
C13185,Diego Pérez,user@@example.com,3007229733,Unknown,Medellín,September 24 2026,57,Enterprise,Laptop,7,479.7,3357.9,unknown,2026-01-15,N/A,ERP
C11213,Diego GARCIA,diego.garcia@example.com,N/A,N/A,Bogota DC,2026-09-24,27,retail,Desk,4,"$1,203.19",4812.76,Active,2026-01-15,1,ERP
C13289,Sofia Perez,sofia.perez@example.com,3002715495,Co,Cali,03/04/2026,46,SMB,Mouse,7,1252.48,8767.36,unknown,N/A,,ERP
C10763,Luis Garcia,N/A,+573008734053,Unknown,bogota,2026/09/24,50,smb ,laptop,2,919.27,1838.54,active,,5,ERP
C11216,Juan Perez,juan.perez@example.com,+573001932848,COLOMBIA,CALI,03/04/2026,71,Retail,Keyboard,2,1293.39,2586.78,Active,N/A,N/A,ERP
C10348,Diego GARCIA,diego.garcia@example.com,3009023722,COLOMBIA,BOGOTA,September 24 2026,26,Retail,LAPTOP,5,1422.25,7111.25,inactive,,1,ERP
C12982,Laura Martinez,laura.martinez@example.com,,colombia,Barranquilla,03/04/2026,21,SMB,laptop,8,1830.62,14644.96,pending,N/A,4,ERP
C12916,Juan Perez,juan.perez@example.com,300-123-4518,COLOMBIA,Cartagena,N/A,27,Retail,Laptop,6,1070.97,6425.82,active,N/A,3,ERP
C12971,Laura Pérez,laura.pérez@example.com,3003056122,Unknown,Bogota,2026-09-24,45,smb ,laptop,1,1221.99,-1221.99,PENDING,15/01/2026,5,ERP
C11355,Maria lopez,maria.lopez@example.com,300-123-4522,Co,Cali,2026/09/24,36,smb ,Keyboard,6,"1122,86",6737.16,ACTIVE,,4,ERP
C12330,Juan Perez,juan.perez@example.com,300-123-4515,Co,Bogotá,September 24 2026,78,Retail,Laptop,3,522.42,1567.26,ACTIVE,15/01/2026,5,ERP
C11513,Juan GARCIA,juan.garcia@example.com,N/A,COLOMBIA,Medellin,N/A,47,smb ,Chair,4,869.27,3477.08,Active,15/01/2026,5,ERP
C12181,Juan Lopez,juan.lopez@example.com,3004605845,N/A,Medellín,24/09/2026,74,Retail,Desk,8,443.28,3546.24,unknown,N/A,,ERP
C13347,maria GARCIA,maria.garcia@example.com,300-123-4532,Unknown,Bogota DC,September 24 2026,21,smb ,Chair,5,299.99,1499.95,pending,,,ERP
C11660, JUAN  Sanchez,juan.sanchez@example.com,3003980610,Co,Barranquilla,N/A,26,Enterprise,Desk,1,1946.96,1946.96,pending,N/A,N/A,ERP
C14377,Sofia Sanchez,missing@,3005526996,Unknown,Cartagena,09/24/2026,44,smb ,Desk,9,120.71,1086.39,active,15/01/2026,5,ERP
C10804,Luis Sanchez,luis.sanchez@example.com,3005406629,Unknown,Bogotá D.C.,2026-09-24,80,RETAIL,LAPTOP,4,1965.12,7860.48,ACTIVE,2026-01-15,5,ERP
C11441,maria Pérez,maria.pérez@example.com,300-123-4513,Colombia,Bogota DC,09/24/2026,46,smb ,laptop,6,730.41,4382.46,Active,15/01/2026,3,ERP
C11094,Ana GARCIA,ana.garcia@example.com,,N/A,CALI,not-a-date,69,RETAIL,Keyboard,6,19.11,114.66,Active,15/01/2026,,ERP
C13988,Luis Perez,luis.perez@example.com,N/A,COLOMBIA,MEDELLIN,2026/09/24,56,Enterprise,Monitor,1,914.04,914.04,PENDING,15/01/2026,1,ERP
C13705,Sofia Lopez,sofia.lopez@example.com,300-123-4545,Co,Cartagena,24/09/2026,39,enterprise,Desk,8,1702.22,13617.76,Active,N/A,5,ERP
C13743,Carlos lopez,carlos.lopez@example.com,+57 300 969 2314,N/A,BOGOTA,24/09/2026,42,retail,Laptop,8,1069.38,8555.04,PENDING,N/A,1,ERP
C13271,  Laura Pérez  ,laura.pérez@example.com,3007890907,COLOMBIA,Bogota,not-a-date,39,smb ,laptop,10,254.28,2542.8,unknown,,4,ERP
C11453,Laura Perez,LAURA.PEREZ@EXAMPLE.COM,300-123-4516,Colombia,bogota,24/09/2026,54,retail,Keyboard,6,387.87,2327.22,PENDING,15/01/2026,1,ERP
C12513,Laura Martinez,laura.martinez@example.com,N/A,COLOMBIA,Barranquilla,N/A,78,SMB,laptop,2,292.53,585.06,active,15/01/2026,3,ERP
C12000,Juan Garcia,juan.garcia@example.com,+57 300 883 4701,Co,MEDELLIN,September 24 2026,29,enterprise,laptop,3,1294.73,3884.19,ACTIVE,15/01/2026,N/A,ERP
C14133,  Luis Garcia  ,luis.garcia@example.com,,Co,MEDELLIN,2026/09/24,999,RETAIL,laptop,5,1762.37,8811.85,pending,,2,ERP
C14077,Juan lopez,juan.lopez@example.com,+573006199760,colombia,Bogotá,2026/09/24,47,retail,Keyboard,7,309.31,2165.17,Active,2026-01-15,5,ERP
C10988,Laura lopez,laura.lopez@example.com,+57 300 968 5753,Colombia,Cartagena,2026/09/24,42,SMB,Monitor,4,518.28,2073.12,pending,,4,ERP
C11621,Maria Lopez,maria.lopez@example.com,,Colombia,Barranquilla,09/24/2026,32,smb ,LAPTOP,3,"1836,9",5510.7,inactive,N/A,3,ERP
C14198,CARLOS Sanchez,carlos.sanchez@example.com,+573003542218,Unknown,Medellín,09/24/2026,23,SMB,laptop,7,601.0,4207.0,inactive,,,ERP
C11412,Laura lopez,laura.lopez@example.com,+573009273855,Co,Cali,2026/09/24,54,Enterprise,Laptop,6,1419.0,8514.0,active,15/01/2026,4,ERP
C10608,Laura Garcia,laura.garcia@example.com,,Colombia,Bogotá,not-a-date,45,Retail,Keyboard,9,742.89,6686.01,PENDING,,3,ERP
C11772,Ana Garcia,ana.garcia@example.com,300-123-4571,COLOMBIA,MEDELLIN,2026-09-24,56,smb ,Monitor,5,1962.53,9812.65,inactive,N/A,2,ERP
C13283,maria GARCIA,maria.garcia@example.com,300-123-4595,Co,Medellin,September 24 2026,75,retail,Laptop,10,1585.01,15850.1,pending,,1,ERP
C13635,Luis Lopez,luis.lopez@example.com,+573009589387,COLOMBIA,Medellín,2026/09/24,52,retail,Desk,10,1765.66,17656.6,Active,15/01/2026,3,ERP
C14828,Diego Martinez,diego.martinez@example.com,+57 300 902 3330,Unknown,Medellín,N/A,69,smb ,Laptop,3,$775.79,2327.37,Active,,2,ERP
C13521,CARLOS Lopez,carlos.lopez@example.com,+573004975744,Colombia,Cali,September 24 2026,23,SMB,Monitor,7,1731.19,12118.33,inactive,N/A,2,ERP
C12717,Sofia Lopez,sofia.lopez@example.com,+573005796746,COLOMBIA,CALI,2026-09-24,44,Enterprise,Desk,4,1680.93,6723.72,PENDING,N/A,5,ERP
C10001,Juan Perez,juan.perez@example.com,3007227577,COLOMBIA,BOGOTA,03/04/2026,20,SMB,laptop,1,1904.33,1904.33,inactive,2026-01-15,3,ERP
C12334,Sofia Garcia,sofia.garcia@example.com,300-123-4555,N/A,Barranquilla,2026-09-24,28,Retail,Keyboard,9,1441.87,12976.83,active,N/A,3,ERP
C14437,maria GARCIA,maria.garcia@example.com,300-123-4545,COLOMBIA,Bogota,24/09/2026,70,smb ,Laptop,5,293.99,1469.95,Active,N/A,2,ERP
C14115,Juan Lopez,juan.lopez@example.com,300-123-4537,Unknown,Bogotá D.C.,not-a-date,28,retail,Laptop,10,717.31,7173.1,ACTIVE,15/01/2026,N/A,ERP
C12755,CARLOS GARCIA,carlos.garcia@example.com,,Colombia,MEDELLIN,N/A,28,Retail,Chair,3,463.73,1391.19,pending,15/01/2026,1,ERP
C10636,Diego lopez,diego.lopez@example.com,+57 300 730 9619,Co,Bogota DC,2026/09/24,47,SMB,LAPTOP,5,1554.39,7771.95,PENDING,2026-01-15,4,ERP
C10503,Carlos GARCIA,carlos.garcia@example.com,,Co,Bogota DC,24/09/2026,55,Retail,Monitor,9,1457.98,13121.82,ACTIVE,,4,ERP
C13420,Diego lopez,diego.lopez@example.com,3006505904,COLOMBIA,Cali,September 24 2026,22,SMB,laptop,10,320.72,3207.2,active,2026-01-15,3,ERP
C13944,Juan Martinez,juan.martinez@example.com,300-123-4532,Co,MEDELLIN,2026/09/24,69,SMB,Keyboard,6,1096.8,6580.8,unknown,,4,ERP
C12943,Maria Garcia,maria.garcia@example.com,+57 300 986 2073,COLOMBIA,Medellin,not-a-date,55,smb ,Desk,1,245.59,245.59,inactive,,5,ERP
C13019,CARLOS Pérez,carlos.pérez@example.com,+57 300 398 1928,Unknown,Bogotá D.C.,N/A,39,smb ,LAPTOP,5,700.64,3503.2,pending,15/01/2026,5,ERP
C14589,CARLOS Martinez,carlos.martinez@example.com,+573001811861,N/A,Cartagena,September 24 2026,76,RETAIL,LAPTOP,2,1760.81,3521.62,PENDING,15/01/2026,,ERP
C12671,Sofia Garcia,sofia.garcia@example.com,N/A,Co,Bogota,not-a-date,54,SMB,Laptop,8,1809.28,14474.24,inactive,,,ERP
C13111,Juan GARCIA,juan.garcia@example.com,+57 300 284 7674,Colombia,Medellin,2026/09/24,48,enterprise,laptop,5,357.37,1786.85,pending,15/01/2026,3,ERP
C13144,CARLOS lopez,carlos.lopez@example.com,,Co,Bogota DC,not-a-date,33,retail,laptop,4,946.54,3786.16,inactive,N/A,N/A,ERP
C14102,Juan lopez,juan.lopez@example.com,N/A,Colombia,BOGOTA,09/24/2026,51,enterprise,Chair,5,990.95,4954.75,active,N/A,4,ERP
C10874,Luis Lopez,,+57 300 761 4505,Colombia,bogota,2026-09-24,52,enterprise,Chair,1,617.9,617.9,inactive,,N/A,ERP
C10200,Carlos Perez,carlos.perez@example.com,300-123-4542,Co,Medellin,24/09/2026,999,SMB,Keyboard,4,1950.19,7800.76,ACTIVE,15/01/2026,2,ERP
C14700,Carlos lopez,carlos.lopez@example.com,+57 300 575 7938,COLOMBIA,bogota,2026/09/24,49,SMB,Mouse,1,1198.58,1198.58,unknown,,2,ERP
C13041,Sofia Martinez,sofia.martinez@example.com,N/A,Colombia,MEDELLIN,2026/09/24,34,Retail,Mouse,7,"317,55",2222.85,PENDING,,,ERP
C13586,Maria lopez,maria.lopez@example.com,300-123-4581,Co,Bogota DC,03/04/2026,59,Enterprise,Chair,7,1312.59,9188.13,Active,2026-01-15,5,ERP
C12998,Carlos Garcia,carlos.garcia@example.com,300-123-4580,COLOMBIA,Bogotá,09/24/2026,65,SMB,Laptop,9,112.35,1011.15,Active,,2,ERP
C13534,maria Lopez,maria.lopez@example.com,N/A,colombia,Bogota DC,03/04/2026,76,Retail,Desk,10,1589.32,15893.2,unknown,15/01/2026,3,ERP
C14756, JUAN  Pérez,juan.pérez@example.com,+573003961246,Colombia,Bogota DC,09/24/2026,36,enterprise,LAPTOP,9,1888.74,16998.66,unknown,,N/A,ERP
C10079,CARLOS Martinez,carlos.martinez@example.com,300-123-4550,Unknown,BOGOTA,2026-09-24,27,enterprise,Monitor,4,1552.19,6208.76,PENDING,15/01/2026,4,ERP
C14092, JUAN  Pérez,juan.pérez@example.com,N/A,Co,Bogota DC,24/09/2026,54,Enterprise,Keyboard,-1,94.73,94.73,active,,1,ERP
C10349,Diego Martinez,diego.martinez@example.com,+573001655733,colombia,bogota,09/24/2026,59,enterprise,Chair,8,1686.85,13494.8,inactive,,4,ERP
C10325,Diego Lopez,diego.lopez@example.com,+57 300 285 1445,Unknown,Cartagena,September 24 2026,38,enterprise,Chair,6,1883.74,11302.44,active,,3,ERP
C13093,maria lopez,missing@,3006012840,N/A,BOGOTA,September 24 2026,74,RETAIL,Monitor,1,"$1,702.44",-1702.44,PENDING,N/A,5,ERP
C10280,maria Sanchez,maria.sanchez@example.com,+57 300 331 7672,colombia,Medellin,24/09/2026,75,Enterprise,laptop,8,N/A,5929.68,PENDING,2026-01-15,2,ERP
C10694,Laura Lopez,laura.lopez@example.com,,Unknown,CALI,24/09/2026,61,RETAIL,Chair,4,1734.5,6938.0,active,15/01/2026,3,ERP
C14640,Maria GARCIA,maria.garcia@example.com,,Co,Barranquilla,24/09/2026,49,SMB,laptop,9,1267.68,11409.12,inactive,2026-01-15,2,ERP
C13087,Luis Sanchez,luis.sanchez@example.com,,Co,Medellín,not-a-date,29,enterprise,Laptop,6,790.86,4745.16,ACTIVE,2026-01-15,,ERP
C11642,Carlos GARCIA,carlos.garcia@example.com,N/A,COLOMBIA,Bogota DC,not-a-date,20,smb ,Monitor,8,240.33,1922.64,Active,N/A,4,ERP
C10927,Laura Sanchez,laura.sanchez@example.com,N/A,Colombia,Barranquilla,not-a-date,30,enterprise,Keyboard,9,1551.93,13967.37,inactive,15/01/2026,4,ERP
C12427,Diego Perez,diego.perez@example.com,,Co,Bogotá D.C.,2026/09/24,37,Enterprise,Desk,4,176.16,704.64,active,N/A,4,ERP
C14863,Maria Pérez,maria.pérez@example.com,3007202085,COLOMBIA,Bogotá,2026/09/24,51,smb ,Chair,5,1777.3,8886.5,unknown,2026-01-15,4,ERP
C13206,Juan Garcia,juan.garcia@example.com,N/A,Co,CALI,September 24 2026,19,Retail,Desk,4,551.59,44127.200000000004,PENDING,2026-01-15,4,ERP
C12968, JUAN  Sanchez,juan.sanchez@example.com,+573009096157,colombia,Bogotá,N/A,39,enterprise,Mouse,10,1447.2,14472.0,Active,N/A,4,ERP
C11524,Diego Lopez,diego.lopez@example.com,300-123-4546,colombia,Medellín,24/09/2026,48,RETAIL,Mouse,10,271.88,2718.8,pending,2026-01-15,N/A,ERP
C14868,Laura GARCIA,laura.garcia@example.com,,N/A,Cali,2026-09-24,36,retail,Keyboard,3,333.31,999.93,PENDING,15/01/2026,3,ERP
C11687,maria lopez,maria.lopez@example.com,+573001119889,Co,MEDELLIN,N/A,63,retail,Monitor,4,1614.76,6459.04,active,15/01/2026,,ERP
C10871,  Laura lopez  ,laura.lopez@example.com,3001208983,COLOMBIA,Bogotá,09/24/2026,50,SMB,LAPTOP,7,380.72,2665.04,unknown,2026-01-15,,ERP
C10610,Luis Lopez,luis.lopez@example.com,N/A,Co,BOGOTA,N/A,60,Retail,LAPTOP,-2,645.86,645.86,inactive,,5,ERP
C14759,Maria Perez,maria.perez@example.com,3009408156,Colombia,BOGOTA,September 24 2026,55,Enterprise,Monitor,4,1222.24,4888.96,active,,N/A,ERP
C13882,Diego Martinez,diego.martinez@example.com,,colombia,Bogotá D.C.,September 24 2026,50,smb ,Laptop,1,427.82,427.82,Active,2026-01-15,N/A,ERP
C13741,Sofia GARCIA,sofia.garcia@example.com,3002065089,Co,CALI,24/09/2026,55,retail,Mouse,8,540.26,4322.08,unknown,2026-01-15,3,ERP
C10573,Juan Pérez,juan.pérez@example.com,+57 300 465 4326,colombia,bogota,24/09/2026,41,Enterprise,laptop,6,1658.23,9949.38,pending,15/01/2026,5,ERP
C13501,maria Lopez,maria.lopez@example.com,,Colombia,BOGOTA,September 24 2026,68,Retail,Mouse,5,1957.09,9785.45,pending,N/A,5,ERP
C10219,Laura Lopez,laura.lopez@example.com,300-123-4572,Colombia,bogota,September 24 2026,26,Enterprise,Desk,4,"1531,43",6125.72,PENDING,15/01/2026,3,ERP
C11273,maria Martinez,maria.martinez@example.com,N/A,Co,MEDELLIN,24/09/2026,72,RETAIL,Mouse,9,1844.65,16601.85,ACTIVE,,N/A,ERP
C10799,Sofia GARCIA,sofia.garcia@example.com,,Colombia,bogota,2026-09-24,40,Enterprise,LAPTOP,8,135.13,1081.04,PENDING,2026-01-15,2,ERP
C14922,Diego lopez,not-an-email,300-123-4535,Unknown,Medellín,24/09/2026,36,enterprise,Desk,10,1461.24,292248.0,active,2026-01-15,3,ERP
C12575,Laura Perez,laura.perez@example.com,300-123-4549,COLOMBIA,Cali,September 24 2026,73,smb ,Monitor,5,128.41,642.05,pending,,2,ERP
C11915,Luis Martinez,luis.martinez@example.com,300-123-4522,Co,Bogota,24/09/2026,49,smb ,Chair,3,608.39,1825.17,active,2026-01-15,4,ERP
C11512, JUAN  Pérez,juan.pérez@example.com,+57 300 546 6092,Co,Bogota DC,N/A,49,RETAIL,Keyboard,5,1079.2,5396.0,Active,15/01/2026,2,ERP
C13583,Carlos Martinez,carlos.martinez@example.com,,N/A,CALI,09/24/2026,58,Retail,laptop,7,988.61,6920.27,inactive,15/01/2026,4,ERP
C10574,Diego Lopez,diego.lopez@example.com,3005184066,Unknown,Cali,03/04/2026,76,retail,Desk,1,768.09,768.09,active,,4,ERP
C14012,Ana Sanchez,ana.sanchez@example.com,+573001508672,colombia,bogota,not-a-date,65,Retail,Laptop,7,163.13,1141.91,Active,2026-01-15,N/A,ERP
C12940,Diego Sanchez,diego.sanchez@example.com,,Colombia,Cali,September 24 2026,26,retail,Mouse,5,756.89,3784.45,PENDING,,5,ERP
C12794,Luis Garcia,luis.garcia@example.com,3001999878,colombia,MEDELLIN,2026-09-24,75,Retail,Desk,6,1047.38,6284.28,pending,,5,ERP
C13587,Diego Lopez,diego.lopez@example.com,N/A,COLOMBIA,Medellin,2026-09-24,77,SMB,LAPTOP,1,554.49,554.49,Active,15/01/2026,N/A,ERP
C12682, JUAN  Lopez,juan.lopez@example.com,+57 300 868 1769,colombia,Bogota DC,2026-09-24,38,retail,Desk,10,1785.13,17851.3,inactive,N/A,4,ERP
C10501,Juan Martinez,juan.martinez@example.com,+573003529124,Colombia,Bogota DC,24/09/2026,42,SMB,laptop,8,1917.44,15339.52,PENDING,,,ERP
C11573,Diego lopez,diego.lopez@example.com,300-123-4568,colombia,Bogota DC,03/04/2026,37,smb ,laptop,5,1772.39,8861.95,active,N/A,1,ERP
C13990,Laura Garcia,laura.garcia@example.com,+573008256820,COLOMBIA,bogota,03/04/2026,60,SMB,Desk,4,1097.81,4391.24,PENDING,15/01/2026,,ERP
C12864,Maria lopez,maria.lopez@example.com,3004306809,colombia,bogota,2026-09-24,70,enterprise,laptop,2,353.89,707.78,unknown,,5,ERP
C10881, JUAN  Sanchez,juan.sanchez@example.com,+57 300 623 4780,Unknown,Barranquilla,September 24 2026,54,SMB,LAPTOP,5,1138.84,5694.2,unknown,,2,ERP
C11586,Diego Sanchez,diego.sanchez@example.com,,N/A,Medellin,N/A,20,retail,Monitor,3,46.75,140.25,Active,N/A,N/A,ERP
C11235,Diego Martinez,diego.martinez@example.com,+573002288648,COLOMBIA,Cartagena,not-a-date,20,Retail,Mouse,2,1744.26,3488.52,PENDING,2026-01-15,5,ERP
C11626, JUAN  Perez,juan.perez@example.com,N/A,Co,Medellín,not-a-date,61,RETAIL,LAPTOP,-2,1165.92,1165.92,PENDING,N/A,4,ERP
C13829,Laura Pérez,missing@,N/A,Colombia,Cali,N/A,50,Enterprise,LAPTOP,6,915.83,5494.98,Active,2026-01-15,2,ERP
C13438,Diego Perez,diego.perez@example.com,,colombia,Bogotá D.C.,03/04/2026,19,enterprise,Monitor,6,508.24,3049.44,inactive,,N/A,ERP
C12695,Diego Perez,diego.perez@example.com,3008447225,Unknown,Cali,24/09/2026,47,smb ,Keyboard,8,1900.46,15203.68,ACTIVE,2026-01-15,2,ERP
C14100,Ana Martinez,ana.martinez@example.com,,colombia,Cali,2026-09-24,65,RETAIL,Mouse,2,1577.64,3155.28,active,15/01/2026,N/A,ERP
C13632,Sofia Perez,sofia.perez@example.com,+57 300 175 1257,N/A,Bogota DC,N/A,40,enterprise,Mouse,3,$503.63,1510.89,PENDING,N/A,4,ERP
C13597,Ana lopez,ana.lopez@example.com,,COLOMBIA,MEDELLIN,24/09/2026,27,Retail,Keyboard,6,567.18,3403.08,pending,2026-01-15,N/A,ERP
C12677,maria Garcia,maria.garcia@example.com,N/A,COLOMBIA,BOGOTA,2026/09/24,21,smb ,LAPTOP,1,16.5,16.5,ACTIVE,N/A,4,ERP
C10440,maria GARCIA,maria.garcia@example.com,+57 300 295 1673,N/A,bogota,09/24/2026,45,enterprise,Keyboard,10,1586.76,15867.6,pending,,5,ERP
C14284,Sofia Sanchez,sofia.sanchez@example.com,N/A,COLOMBIA,Cali,not-a-date,30,Retail,Desk,2,1176.22,2352.44,Active,2026-01-15,4,ERP
C10745,Luis Sanchez,luis.sanchez@example.com,300-123-4565,Co,Bogota DC,03/04/2026,44,enterprise,Laptop,7,38.57,269.99,pending,,4,ERP
C12040,Diego lopez,diego.lopez@example.com,+57 300 998 7771,colombia,BOGOTA,N/A,25,enterprise,Laptop,9,1164.28,10478.52,Active,,4,ERP
C14887,Carlos Perez,carlos.perez@example.com,3007972377,COLOMBIA,BOGOTA,2026/09/24,59,Retail,Keyboard,8,1135.14,9081.12,active,2026-01-15,5,ERP
C11600,Carlos Pérez,carlos.pérez@example.com,+573006928611,N/A,CALI,N/A,73,retail,LAPTOP,10,1327.04,13270.4,Active,2026-01-15,5,ERP
C11971,Sofia Perez,sofia.perez@example.com,+57 300 685 3234,N/A,CALI,24/09/2026,65,Retail,Monitor,3,744.28,2232.84,ACTIVE,2026-01-15,N/A,ERP
C11750,Luis Garcia,luis.garcia@example.com,,COLOMBIA,Bogotá D.C.,2026-09-24,20,Enterprise,laptop,4,321.06,1284.24,inactive,15/01/2026,5,ERP
C12354,Ana Sanchez,ana.sanchez@example.com,N/A,Colombia,Bogotá,September 24 2026,64,enterprise,Desk,8,1596.69,12773.52,active,15/01/2026,N/A,ERP
C13350,maria Sanchez,maria.sanchez@example.com,+57 300 691 8613,COLOMBIA,Bogota,24/09/2026,24,retail,Desk,8,1677.37,13418.96,unknown,2026-01-15,2,ERP
C12079,Diego Pérez,diego.pérez@example.com,N/A,Colombia,Bogotá D.C.,2026/09/24,54,enterprise,laptop,3,657.29,1971.87,ACTIVE,15/01/2026,2,ERP
C10870,CARLOS GARCIA,carlos.garcia@example.com,3007438213,N/A,BOGOTA,03/04/2026,37,retail,Chair,10,N/A,10502.1,ACTIVE,15/01/2026,,ERP
C11060,Carlos GARCIA,carlos.garcia@example.com,3002067260,Co,Cali,not-a-date,35,Enterprise,Chair,6,1617.52,9705.12,ACTIVE,N/A,5,ERP
C13216,Juan lopez,juan.lopez@example.com,300-123-4523,colombia,Barranquilla,not-a-date,22,Retail,laptop,1,578.04,578.04,unknown,,1,ERP
C10169, JUAN  Perez,juan.perez@example.com,N/A,Colombia,Bogotá,03/04/2026,71,Retail,LAPTOP,7,1880.1,13160.7,unknown,2026-01-15,3,ERP
C12911,Juan Perez,juan.perez@example.com,300-123-4521,Colombia,Bogotá,2026/09/24,48,RETAIL,LAPTOP,6,863.78,5182.68,active,15/01/2026,,ERP
C11899,Juan Perez,juan.perez@example.com,3005186464,Unknown,Medellin,03/04/2026,-5,enterprise,Chair,10,47.37,473.7,pending,,1,ERP
C12740,Carlos Pérez,carlos.pérez@example.com,+573009332170,Colombia,Medellín,2026-09-24,46,enterprise,Chair,5,1476.36,7381.8,inactive,2026-01-15,4,ERP
C11554,Luis Perez,luis.perez@example.com,3007895627,Co,BOGOTA,03/04/2026,35,Enterprise,LAPTOP,2,1756.28,3512.56,unknown,15/01/2026,,ERP
C12192,maria Pérez,maria.pérez@example.com,N/A,N/A,Barranquilla,not-a-date,23,retail,Desk,8,919.25,7354.0,active,,5,ERP
C12327,Luis Garcia,luis.garcia@example.com,3006033709,COLOMBIA,CALI,2026/09/24,79,Enterprise,Chair,4,687.13,2748.52,Active,2026-01-15,1,ERP
C11548,Maria Perez,maria.perez@example.com,,Co,Cali,2026/09/24,48,Enterprise,Chair,5,$954.49,4772.45,Active,N/A,N/A,ERP
C12836,Diego Garcia,diego.garcia@example.com,3003487739,Unknown,Bogotá D.C.,2026-09-24,22,enterprise,Desk,2,1934.05,-3868.1,PENDING,,1,ERP
C12352,  Diego Sanchez  ,diego.sanchez@example.com,+57 300 816 4893,Colombia,Bogota,not-a-date,39,enterprise,laptop,10,1314.41,13144.1,inactive,,5,ERP
C14451,Carlos Perez,carlos.perez@example.com,,N/A,Barranquilla,September 24 2026,51,enterprise,LAPTOP,8,541.97,4335.76,unknown,15/01/2026,4,ERP
C13223,Sofia GARCIA,sofia.garcia@example.com,+57 300 392 2169,Unknown,Medellín,2026-09-24,74,Retail,Monitor,7,561.0,3927.0,active,2026-01-15,2,ERP
C12394,maria Perez,maria.perez@example.com,3007532765,Unknown,Bogotá D.C.,not-a-date,53,Retail,Keyboard,1,315.73,315.73,unknown,N/A,4,ERP
C11038,Diego Sanchez,diego.sanchez@example.com,+57 300 430 3875,Co,Medellin,2026/09/24,26,enterprise,Keyboard,5,1619.36,8096.8,pending,N/A,5,ERP
C11518,Laura Perez,laura.perez@example.com,N/A,COLOMBIA,CALI,09/24/2026,38,Retail,Laptop,3,383.87,1151.61,PENDING,2026-01-15,3,ERP
C12197,Carlos Lopez,carlos.lopez@example.com,3002418908,Unknown,Medellín,N/A,78,smb ,Chair,3,280.26,840.78,PENDING,,5,ERP
C12397,Carlos Martinez,carlos.martinez@example.com,300-123-4519,N/A,bogota,2026/09/24,72,retail,Mouse,4,1868.9,7475.6,Active,15/01/2026,2,ERP
C10718,  Juan Martinez  ,juan.martinez@example.com,300-123-4524,N/A,Cali,09/24/2026,22,SMB,Monitor,3,1745.29,5235.87,PENDING,15/01/2026,1,ERP
C10552, JUAN  Martinez,juan.martinez@example.com,+573005387112,Colombia,Cartagena,September 24 2026,45,enterprise,Desk,4,720.58,2882.32,pending,15/01/2026,3,ERP
C12964,maria Garcia,maria.garcia@example.com,3009067579,Co,Bogotá,not-a-date,73,Enterprise,laptop,4,1719.22,6876.88,Active,2026-01-15,,ERP
C11939,Carlos Martinez,carlos.martinez@example.com,3009458269,N/A,Cali,not-a-date,75,Retail,Monitor,4,1313.04,5252.16,ACTIVE,2026-01-15,5,ERP
C10516,Laura Sanchez,laura.sanchez@example.com,+57 300 879 3294,N/A,Bogotá D.C.,N/A,32,retail,LAPTOP,10,589.52,5895.2,Active,,5,ERP
C11678,Sofia Perez,sofia.perez@example.com,+57 300 311 9171,Unknown,Medellín,not-a-date,38,smb ,Chair,2,27.26,-54.52,Active,2026-01-15,5,ERP
C11743,Maria GARCIA,maria.garcia@example.com,N/A,Unknown,CALI,03/04/2026,35,enterprise,Laptop,4,1759.37,7037.48,ACTIVE,15/01/2026,N/A,ERP
C14577,  Luis GARCIA  ,luis.garcia@example.com,,Co,Cali,24/09/2026,39,SMB,Desk,2,122.25,244.5,active,15/01/2026,5,ERP
C12132,CARLOS Pérez,carlos.pérez@example.com,+573009073341,Colombia,Bogotá,2026/09/24,32,smb ,Mouse,9,1064.58,9581.22,PENDING,N/A,,ERP
C13307,Carlos Martinez,carlos.martinez@example.com,+57 300 390 2225,N/A,BOGOTA,2026/09/24,66,enterprise,Laptop,5,1373.38,6866.9,ACTIVE,,2,ERP
C12236, JUAN  Sanchez,juan.sanchez@example.com,3005391339,Unknown,Bogota,2026-09-24,65,SMB,Keyboard,6,1930.88,11585.28,active,2026-01-15,N/A,ERP
C13504,Sofia GARCIA,sofia.garcia@example.com,N/A,N/A,Bogota,24/09/2026,56,RETAIL,Mouse,1,N/A,488.47,inactive,,5,ERP
C13067,Juan Martinez,juan.martinez@example.com,+57 300 502 6080,N/A,Cartagena,03/04/2026,71,retail,Desk,2,1060.9,2121.8,active,15/01/2026,5,ERP
C13345,Laura Pérez,laura.pérez@example.com,+57 300 929 2272,Co,Bogotá,24/09/2026,57,RETAIL,Mouse,7,"$1,372.94",9610.58,pending,N/A,N/A,ERP
C14716,Ana Martinez,ana.martinez@example.com,,Unknown,MEDELLIN,09/24/2026,41,Enterprise,Keyboard,1,671.99,671.99,PENDING,N/A,5,ERP
C10644,Luis Sanchez,luis.sanchez@example.com,+573002637528,colombia,Bogotá,24/09/2026,52,smb ,Desk,2,319.58,639.16,ACTIVE,N/A,1,ERP
C14131,Luis Pérez,luis.pérez@example.com,N/A,Unknown,Bogotá D.C.,2026/09/24,-5,RETAIL,Monitor,4,1497.35,5989.4,active,N/A,1,ERP
C13247,Maria lopez,maria.lopez@example.com,,N/A,Bogota,2026-09-24,25,smb ,laptop,6,1837.19,11023.14,inactive,N/A,2,ERP
C14779,CARLOS Perez,carlos.perez@example.com,+573001801876,N/A,bogota,2026-09-24,47,Retail,Laptop,5,N/A,3728.45,unknown,,5,ERP
C11156,Diego GARCIA,missing@,+57 300 746 5439,Unknown,CALI,09/24/2026,40,Enterprise,Laptop,3,1271.95,3815.85,PENDING,15/01/2026,2,ERP
C11098,Luis Lopez,luis.lopez@example.com,300-123-4596,COLOMBIA,Bogota DC,03/04/2026,75,Retail,Keyboard,6,111.71,670.26,PENDING,N/A,,ERP
C11764,maria Sanchez,maria.sanchez@example.com,N/A,Colombia,Barranquilla,2026-09-24,50,retail,Desk,4,963.89,3855.56,inactive,15/01/2026,,ERP
C14317,Ana Lopez,ana.lopez@example.com,N/A,N/A,Cartagena,09/24/2026,57,Retail,Keyboard,7,1827.94,12795.58,inactive,2026-01-15,,ERP
